epoch,model,mode,mpjpe_cm_mean,mae_deg_mean,pck_frame_2cm,coks_coco,collateral_pos_cm,intent_dyn_cm,max_pen4_after_cm,max_pen_after_cm,mean_pen_after_cm,clean_frames_after_pct,proj_frames_pct,proj_move_cm,jitter_after_mean,jitter_p95_after,loss_backward,loss_backward_roll50,recon_logged,phys_logged
20,l10.1_phys0.5,clean,9.55,8.45,0.0,0.61,9.55,0.5143,0.0,6.96,1.74,96.07,1.38,0.0257,0.5742,12.9199,0.00575,0.00584975,0.0052,0.0011
20,l10.1_phys0.5,legacy80,11.4,10.2,,0.593,10.453,0.5577,0.0,6.95,0.66,94.54,3.22,0.0741,0.6084,14.3141,0.00575,0.00584975,0.0052,0.0011
20,l10.1_phys0.5,transient,9.82,8.62,0.0,0.6378,8.741,0.5986,0.09,6.49,1.64,96.48,1.31,0.0299,0.6123,13.0233,0.00575,0.00584975,0.0052,0.0011
20,l10.1_phys0.5,persistent,9.86,8.87,,0.6303,8.83,0.5861,0.0,6.72,1.61,96.39,1.34,0.0339,0.5936,12.8677,0.00575,0.00584975,0.0052,0.0011
40,l10.1_phys0.5,clean,4.31,3.96,0.0,0.7743,4.308,0.3369,0.0,2.28,1.05,99.93,0.07,0.0182,0.4347,4.5289,0.0031,0.004722375,0.0029,0.0004
40,l10.1_phys0.5,legacy80,5.52,6.04,,0.7963,4.041,0.3904,0.0,5.34,1.33,87.09,17.76,0.279,0.4692,5.267,0.0031,0.004722375,0.0029,0.0004
40,l10.1_phys0.5,transient,4.58,4.23,0.0,0.7955,3.915,0.4375,0.0,4.23,1.34,98.24,1.98,0.0598,0.4839,5.0658,0.0031,0.004722375,0.0029,0.0004
40,l10.1_phys0.5,persistent,4.6,4.63,,0.7968,3.902,0.4085,0.0,3.41,1.12,98.76,0.42,0.0542,0.4537,4.8556,0.0031,0.004722375,0.0029,0.0004
60,l10.1_phys0.5,clean,4.14,3.47,0.0,0.7862,4.139,0.3316,0.0,0.0,0.0,100.0,0.0,0.0,0.4448,4.9844,0.0026499999999999996,0.0034888999999999996,0.0024,0.0005
60,l10.1_phys0.5,legacy80,4.96,5.4,,0.8244,3.566,0.3653,0.0,4.99,1.24,93.18,2.7,0.1106,0.4556,4.9452,0.0026499999999999996,0.0034888999999999996,0.0024,0.0005
60,l10.1_phys0.5,transient,4.4,3.76,0.0,0.8078,3.738,0.427,0.0,5.35,1.28,98.44,1.49,0.0787,0.4897,5.4429,0.0026499999999999996,0.0034888999999999996,0.0024,0.0005
60,l10.1_phys0.5,persistent,4.36,4.15,,0.8177,3.601,0.396,0.0,2.62,1.02,99.05,0.53,0.1791,0.4548,5.1311,0.0026499999999999996,0.0034888999999999996,0.0024,0.0005
80,l10.1_phys0.5,clean,3.46,3.06,0.0,0.8285,3.457,0.3051,0.0,0.0,0.0,100.0,0.0,0.0,0.4257,4.4659,0.00225,0.002742,0.0021,0.0003
80,l10.1_phys0.5,legacy80,4.14,5.11,,0.8821,2.7,0.3579,0.0,5.0,0.92,92.64,1.84,0.0933,0.453,4.8645,0.00225,0.002742,0.0021,0.0003
80,l10.1_phys0.5,transient,3.77,3.37,0.0,0.8477,3.105,0.4069,0.0,4.6,1.42,98.14,2.07,0.0833,0.4776,4.9348,0.00225,0.002742,0.0021,0.0003
80,l10.1_phys0.5,persistent,3.79,3.79,,0.8577,2.974,0.3757,0.0,2.83,0.95,98.43,0.62,0.181,0.4406,4.6649,0.00225,0.002742,0.0021,0.0003
100,l10.1_phys0.5,clean,3.35,2.85,0.0,0.835,3.354,0.2998,0.0,1.16,0.59,99.98,0.04,0.0268,0.4304,4.6397,0.0022,0.0023899999999999998,0.002,0.0004
100,l10.1_phys0.5,legacy80,4.11,4.81,,0.8877,2.568,0.35,0.0,4.04,0.65,94.88,2.07,0.1084,0.4501,4.5223,0.0022,0.0023899999999999998,0.002,0.0004
100,l10.1_phys0.5,transient,3.7,3.18,0.0,0.8545,3.0,0.403,0.0,4.78,1.38,97.98,2.08,0.0821,0.4828,5.0721,0.0022,0.0023899999999999998,0.002,0.0004
100,l10.1_phys0.5,persistent,3.73,3.61,,0.8653,2.848,0.3687,0.0,3.86,1.54,98.15,1.86,0.2903,0.4429,4.756,0.0022,0.0023899999999999998,0.002,0.0004
120,l10.1_phys0.5,clean,4.82,4.13,0.0,0.7554,4.824,0.3187,0.0,0.11,0.07,99.98,0.01,0.0147,0.4303,5.2492,0.0023,0.002457,0.0021,0.0004
120,l10.1_phys0.5,legacy80,5.18,5.47,,0.807,3.98,0.3512,0.0,2.51,0.71,99.75,0.03,0.0332,0.4306,6.0978,0.0023,0.002457,0.0021,0.0004
120,l10.1_phys0.5,transient,5.03,4.37,0.0,0.7787,4.377,0.4139,0.0,4.28,1.58,98.79,1.43,0.0737,0.4719,5.5135,0.0023,0.002457,0.0021,0.0004
120,l10.1_phys0.5,persistent,4.79,4.6,,0.7879,4.207,0.3857,0.0,4.02,1.22,99.1,0.7,0.0931,0.4418,5.3296,0.0023,0.002457,0.0021,0.0004
140,l10.1_phys0.5,clean,3.37,2.89,0.0,0.838,3.375,0.2966,0.0,1.54,1.31,99.95,0.09,0.0639,0.4216,4.8183,0.0019,0.002384,0.0017,0.0004
140,l10.1_phys0.5,legacy80,4.16,4.88,,0.8845,2.717,0.3364,0.0,4.5,1.36,97.36,1.84,0.0946,0.4295,5.1277,0.0019,0.002384,0.0017,0.0004
140,l10.1_phys0.5,transient,3.67,3.21,0.0,0.8539,3.078,0.3994,0.0,4.8,1.3,98.04,1.73,0.0786,0.4694,5.3063,0.0019,0.002384,0.0017,0.0004
140,l10.1_phys0.5,persistent,3.62,3.6,,0.8665,2.886,0.366,0.0,4.36,1.64,98.92,0.83,0.0819,0.4349,4.9725,0.0019,0.002384,0.0017,0.0004
160,l10.1_phys0.5,clean,3.26,2.57,0.0,0.8474,3.264,0.2862,0.0,0.34,0.24,99.97,0.07,0.0286,0.422,4.6906,0.0017000000000000001,0.002108,0.0015,0.0004
160,l10.1_phys0.5,legacy80,3.69,4.33,,0.9154,2.091,0.2988,0.0,4.7,1.15,97.77,1.42,0.0663,0.3939,4.074,0.0017000000000000001,0.002108,0.0015,0.0004
160,l10.1_phys0.5,transient,3.58,2.91,0.0,0.8627,2.976,0.3954,0.0,5.52,1.4,97.16,2.53,0.0738,0.4758,5.2033,0.0017000000000000001,0.002108,0.0015,0.0004
160,l10.1_phys0.5,persistent,3.47,3.25,,0.8792,2.7,0.3512,0.0,3.96,1.12,99.18,0.6,0.0849,0.4297,4.7903,0.0017000000000000001,0.002108,0.0015,0.0004
180,l10.1_phys0.5,clean,3.04,2.49,0.0,0.8614,3.036,0.2792,0.0,1.46,0.83,99.92,0.08,0.0198,0.418,4.7587,0.0016,0.001814,0.0014,0.0004
180,l10.1_phys0.5,legacy80,4.57,4.79,,0.8507,3.289,0.3297,0.0,4.21,0.76,92.67,0.8,0.0438,0.4229,5.4634,0.0016,0.001814,0.0014,0.0004
180,l10.1_phys0.5,transient,3.36,2.84,0.0,0.8765,2.749,0.3861,0.0,5.14,1.41,97.48,2.19,0.0797,0.4673,5.196,0.0016,0.001814,0.0014,0.0004
180,l10.1_phys0.5,persistent,3.39,3.25,,0.8786,2.721,0.3532,0.0,3.84,1.12,98.01,0.41,0.0643,0.4334,5.0996,0.0016,0.001814,0.0014,0.0004
200,l10.1_phys0.5,clean,2.67,2.3,0.0,0.884,2.67,0.2754,0.0,1.94,1.94,99.99,0.02,0.0169,0.4128,4.6906,0.0016,0.001714,0.0014,0.0004
200,l10.1_phys0.5,legacy80,3.71,4.23,,0.9183,2.161,0.2972,0.0,6.31,1.46,91.54,1.72,0.0645,0.3913,4.0869,0.0016,0.001714,0.0014,0.0004
200,l10.1_phys0.5,transient,3.0,2.65,0.0,0.8974,2.415,0.3796,0.0,5.63,1.62,97.57,2.3,0.0889,0.4589,5.0834,0.0016,0.001714,0.0014,0.0004
200,l10.1_phys0.5,persistent,3.01,3.02,,0.9005,2.382,0.345,0.0,3.89,1.12,97.8,0.53,0.0639,0.4244,4.9095,0.0016,0.001714,0.0014,0.0004
220,l10.1_phys0.5,clean,3.14,2.36,0.0,0.8588,3.137,0.2799,0.0,1.2,1.07,99.98,0.11,0.0761,0.4246,4.8285,0.0016,0.0016409999999999999,0.0014,0.0004
220,l10.1_phys0.5,legacy80,3.86,4.25,,0.8991,2.431,0.2942,0.0,4.45,1.48,85.4,1.38,0.0528,0.3932,4.1119,0.0016,0.0016409999999999999,0.0014,0.0004
220,l10.1_phys0.5,transient,3.43,2.7,0.0,0.8722,2.871,0.3883,0.0,5.99,1.58,96.94,2.69,0.0917,0.4748,5.2531,0.0016,0.0016409999999999999,0.0014,0.0004
220,l10.1_phys0.5,persistent,3.21,3.05,,0.881,2.718,0.3451,0.0,4.86,1.73,96.17,0.86,0.1258,0.4308,4.8301,0.0016,0.0016409999999999999,0.0014,0.0004
240,l10.1_phys0.5,clean,2.83,2.21,0.0,0.8759,2.827,0.2866,0.0,0.0,0.0,100.0,0.04,0.0194,0.4298,5.0582,0.0015,0.001601,0.0013,0.0004
240,l10.1_phys0.5,legacy80,3.49,3.98,,0.9322,1.943,0.2962,0.0,5.41,1.36,96.27,4.43,0.0952,0.3924,4.1326,0.0015,0.001601,0.0013,0.0004
240,l10.1_phys0.5,transient,3.1,2.55,0.0,0.893,2.51,0.3901,0.0,5.59,1.4,97.97,1.72,0.0747,0.4722,5.2844,0.0015,0.001601,0.0013,0.0004
240,l10.1_phys0.5,persistent,2.88,2.83,,0.9089,2.253,0.3491,0.0,3.86,1.31,98.71,0.41,0.0621,0.4335,4.9732,0.0015,0.001601,0.0013,0.0004
260,l10.1_phys0.5,clean,2.3,1.91,0.0,0.9077,2.3,0.2713,0.0,1.34,1.34,99.99,0.01,0.0098,0.4211,4.8479,0.00125,0.00148,0.0011,0.0003
260,l10.1_phys0.5,legacy80,3.11,3.73,,0.9557,1.494,0.2836,0.0,6.35,2.43,95.94,0.83,0.0287,0.39,4.0813,0.00125,0.00148,0.0011,0.0003
260,l10.1_phys0.5,transient,2.63,2.29,0.0,0.9204,2.05,0.3741,0.0,5.2,1.41,97.67,2.18,0.0751,0.4644,5.1222,0.00125,0.00148,0.0011,0.0003
260,l10.1_phys0.5,persistent,2.54,2.61,,0.9332,1.828,0.3358,0.0,3.19,1.13,98.28,0.81,0.1308,0.4275,4.8591,0.00125,0.00148,0.0011,0.0003
280,l10.1_phys0.5,clean,2.44,1.98,0.0,0.9006,2.443,0.2847,0.0,1.89,1.24,99.95,0.08,0.0832,0.4341,5.1421,0.00125,0.001343,0.0011,0.0003
280,l10.1_phys0.5,legacy80,3.22,3.84,,0.946,1.688,0.2878,0.0,5.19,1.66,97.51,0.1,0.0249,0.3861,4.022,0.00125,0.001343,0.0011,0.0003
280,l10.1_phys0.5,transient,2.76,2.36,0.0,0.9134,2.188,0.3882,0.0,5.54,1.53,97.47,1.94,0.0727,0.4757,5.4265,0.00125,0.001343,0.0011,0.0003
280,l10.1_phys0.5,persistent,2.59,2.65,,0.9294,1.907,0.3473,0.0,2.94,1.15,98.99,0.56,0.1038,0.4376,4.971,0.00125,0.001343,0.0011,0.0003
300,l10.1_phys0.5,clean,2.32,1.81,0.0,0.9077,2.321,0.2745,0.0,2.54,1.6,99.97,0.04,0.0296,0.4273,4.8976,0.0011,0.001231,0.001,0.0002
300,l10.1_phys0.5,legacy80,2.97,3.59,,0.9617,1.38,0.2865,0.0,6.15,2.4,96.36,0.19,0.02,0.3914,4.0119,0.0011,0.001231,0.001,0.0002
300,l10.1_phys0.5,transient,2.66,2.21,0.0,0.9205,2.07,0.3754,0.0,5.47,1.49,97.73,1.61,0.0639,0.4662,5.1914,0.0011,0.001231,0.001,0.0002
300,l10.1_phys0.5,persistent,2.5,2.49,,0.937,1.758,0.3381,0.0,3.95,0.9,98.08,0.46,0.079,0.4327,4.8529,0.0011,0.001231,0.001,0.0002
320,l10.1_phys0.5,clean,2.07,1.75,0.02,0.9223,2.072,0.2634,0.0,2.52,1.2,99.95,0.07,0.0494,0.418,4.7302,0.00115,0.001183,0.001,0.0003
320,l10.1_phys0.5,legacy80,2.89,3.57,,0.9627,1.331,0.2818,0.0,6.22,2.28,97.64,0.02,0.0123,0.3828,3.9455,0.00115,0.001183,0.001,0.0003
320,l10.1_phys0.5,transient,2.43,2.16,0.0,0.9339,1.836,0.3675,0.0,5.55,1.46,97.33,1.91,0.0678,0.4608,5.0964,0.00115,0.001183,0.001,0.0003
320,l10.1_phys0.5,persistent,2.35,2.44,,0.9447,1.628,0.3322,0.0,3.13,1.02,98.79,0.63,0.0883,0.4281,4.8485,0.00115,0.001183,0.001,0.0003
340,l10.1_phys0.5,clean,1.93,1.61,0.03,0.9315,1.929,0.2637,0.0,2.47,2.31,99.98,0.01,0.0401,0.4243,4.8049,0.0011,0.001138,0.001,0.0002
340,l10.1_phys0.5,legacy80,2.81,3.44,,0.9721,1.174,0.281,0.0,6.27,2.15,96.45,0.07,0.0113,0.3896,3.993,0.0011,0.001138,0.001,0.0002
340,l10.1_phys0.5,transient,2.31,2.03,0.04,0.9405,1.728,0.3789,0.0,4.77,1.36,97.1,2.09,0.0747,0.4769,5.2161,0.0011,0.001138,0.001,0.0002
340,l10.1_phys0.5,persistent,2.19,2.33,,0.9515,1.501,0.3309,0.0,4.67,1.57,97.81,0.92,0.1062,0.4311,4.8355,0.0011,0.001138,0.001,0.0002
360,l10.1_phys0.5,clean,2.18,1.76,0.01,0.9154,2.177,0.2741,0.0,1.42,1.42,99.99,0.01,0.0043,0.4294,4.9199,0.00105,0.001108,0.0009,0.0003
360,l10.1_phys0.5,legacy80,3.1,3.79,,0.9422,1.723,0.2908,0.0,2.92,1.11,99.56,0.08,0.0264,0.3939,4.0366,0.00105,0.001108,0.0009,0.0003
360,l10.1_phys0.5,transient,2.51,2.17,0.01,0.9306,1.876,0.3722,0.0,4.72,1.23,97.93,1.7,0.0642,0.467,5.146,0.00105,0.001108,0.0009,0.0003
360,l10.1_phys0.5,persistent,2.43,2.46,,0.9409,1.669,0.3385,0.0,3.98,1.41,98.29,0.5,0.0533,0.4348,4.8998,0.00105,0.001108,0.0009,0.0003
380,l10.1_phys0.5,clean,1.91,1.59,0.04,0.9326,1.913,0.2702,0.0,1.72,1.72,99.99,0.01,0.0066,0.4302,4.7946,0.0009000000000000001,0.001062,0.0008,0.0002
380,l10.1_phys0.5,legacy80,2.73,3.41,,0.9728,1.173,0.2822,0.0,6.29,2.71,97.06,0.0,0.0,0.3869,3.9623,0.0009000000000000001,0.001062,0.0008,0.0002
380,l10.1_phys0.5,transient,2.26,2.01,0.0,0.9444,1.664,0.3692,0.0,4.85,1.36,97.51,1.49,0.0441,0.4654,5.0211,0.0009000000000000001,0.001062,0.0008,0.0002
380,l10.1_phys0.5,persistent,2.16,2.28,,0.9524,1.486,0.3387,0.0,4.36,1.52,98.41,0.42,0.0618,0.4391,4.8884,0.0009000000000000001,0.001062,0.0008,0.0002
400,l10.1_phys0.5,clean,1.77,1.47,0.11,0.939,1.775,0.263,0.0,1.58,0.17,99.72,0.03,0.0124,0.4246,4.799,0.0009000000000000001,0.0010099999999999998,0.0008,0.0002
400,l10.1_phys0.5,legacy80,2.49,3.25,,0.9835,0.844,0.2815,0.0,6.36,2.34,96.38,0.14,0.0205,0.388,4.0598,0.0009000000000000001,0.0010099999999999998,0.0008,0.0002
400,l10.1_phys0.5,transient,2.15,1.91,0.07,0.9483,1.571,0.3654,0.0,5.02,1.25,96.35,1.81,0.052,0.4635,5.0856,0.0009000000000000001,0.0010099999999999998,0.0008,0.0002
400,l10.1_phys0.5,persistent,2.07,2.19,,0.9571,1.386,0.3324,0.0,4.2,1.09,96.79,0.46,0.0587,0.4336,4.8951,0.0009000000000000001,0.0010099999999999998,0.0008,0.0002
420,l10.1_phys0.5,clean,1.95,1.56,0.03,0.9303,1.95,0.2738,0.0,0.54,0.23,99.56,0.02,0.02,0.4353,4.868,0.0009000000000000001,0.000972,0.0008,0.0002
420,l10.1_phys0.5,legacy80,2.46,3.28,,0.9824,0.877,0.2825,0.0,5.61,1.88,97.91,0.01,0.0071,0.389,4.0054,0.0009000000000000001,0.000972,0.0008,0.0002
420,l10.1_phys0.5,transient,2.28,1.98,0.05,0.943,1.682,0.3722,0.0,5.23,0.98,96.92,1.33,0.0437,0.4676,5.0987,0.0009000000000000001,0.000972,0.0008,0.0002
420,l10.1_phys0.5,persistent,2.12,2.22,,0.951,1.493,0.342,0.0,3.22,1.03,97.66,0.34,0.0492,0.4431,4.9414,0.0009000000000000001,0.000972,0.0008,0.0002
440,l10.1_phys0.5,clean,2.06,1.62,0.1,0.9241,2.064,0.2787,0.0,0.0,0.0,100.0,0.04,0.0091,0.4378,4.9246,0.00095,0.0009400000000000002,0.0008,0.0003
440,l10.1_phys0.5,legacy80,2.51,3.33,,0.9786,0.984,0.2882,0.0,4.84,1.51,98.81,0.01,0.0121,0.3905,4.0417,0.00095,0.0009400000000000002,0.0008,0.0003
440,l10.1_phys0.5,transient,2.37,2.05,0.02,0.9381,1.778,0.3764,0.0,4.49,1.31,98.36,0.9,0.0397,0.469,5.1818,0.00095,0.0009400000000000002,0.0008,0.0003
440,l10.1_phys0.5,persistent,2.17,2.26,,0.9486,1.542,0.3454,0.0,3.41,1.25,98.99,0.33,0.0619,0.4447,4.9465,0.00095,0.0009400000000000002,0.0008,0.0003
460,l10.1_phys0.5,clean,1.64,1.41,0.24,0.9464,1.64,0.2634,0.0,1.91,1.04,99.96,0.03,0.0618,0.4277,4.7365,0.0009000000000000001,0.0009299999999999999,0.0008,0.0002
460,l10.1_phys0.5,legacy80,2.53,3.18,,0.981,0.941,0.2835,0.0,6.0,1.9,97.11,0.02,0.0178,0.3912,3.9925,0.0009000000000000001,0.0009299999999999999,0.0008,0.0002
460,l10.1_phys0.5,transient,2.04,1.86,0.2,0.9542,1.46,0.3689,0.0,6.02,1.31,96.76,1.8,0.0526,0.4675,5.0477,0.0009000000000000001,0.0009299999999999999,0.0008,0.0002
460,l10.1_phys0.5,persistent,1.95,2.12,,0.9609,1.305,0.3345,0.0,3.97,1.13,97.52,0.44,0.0848,0.4369,4.8558,0.0009000000000000001,0.0009299999999999999,0.0008,0.0002
480,l10.1_phys0.5,clean,1.8,1.46,0.12,0.9378,1.8,0.2702,0.0,0.0,0.0,100.0,0.01,0.0084,0.433,4.8676,0.0009000000000000001,0.0009200000000000001,0.0008,0.0002
480,l10.1_phys0.5,legacy80,2.69,3.2,,0.9762,1.084,0.2852,0.0,5.89,1.81,96.41,0.19,0.0094,0.3932,4.0523,0.0009000000000000001,0.0009200000000000001,0.0008,0.0002
480,l10.1_phys0.5,transient,2.16,1.9,0.05,0.9476,1.584,0.3709,0.0,6.0,1.4,97.3,1.43,0.0349,0.4677,5.1287,0.0009000000000000001,0.0009200000000000001,0.0008,0.0002
480,l10.1_phys0.5,persistent,2.04,2.14,,0.9556,1.404,0.3405,0.0,4.19,1.15,98.0,0.38,0.0564,0.4421,4.9067,0.0009000000000000001,0.0009200000000000001,0.0008,0.0002
500,l10.1_phys0.5,clean,1.59,1.38,0.62,0.9492,1.589,0.2628,0.0,0.0,0.0,100.0,0.01,0.0084,0.4283,4.702,0.0009000000000000001,0.0009090000000000001,0.0008,0.0002
500,l10.1_phys0.5,legacy80,2.53,3.11,,0.9828,0.912,0.2802,0.0,5.89,1.55,96.68,0.17,0.0095,0.3897,4.0019,0.0009000000000000001,0.0009090000000000001,0.0008,0.0002
500,l10.1_phys0.5,transient,1.98,1.83,0.25,0.9575,1.394,0.3647,0.0,5.85,1.37,97.31,1.46,0.04,0.4636,5.0014,0.0009000000000000001,0.0009090000000000001,0.0008,0.0002
500,l10.1_phys0.5,persistent,1.95,2.09,,0.9598,1.324,0.3369,0.0,4.66,1.43,98.1,0.41,0.0661,0.4406,4.8699,0.0009000000000000001,0.0009090000000000001,0.0008,0.0002
50,l10.1_phys0.5,clean,4.49,4.0,0.0,0.766,4.491,0.3402,0.0,0.97,0.54,99.97,0.09,0.0289,0.4436,4.7436,0.0029000000000000002,0.0043779000000000005,0.0027,0.0004
50,l10.1_phys0.5,legacy80,6.1,6.0,,0.758,4.719,0.4215,0.0,5.75,1.71,83.93,21.47,0.2873,0.5024,6.403,0.0029000000000000002,0.0043779000000000005,0.0027,0.0004
50,l10.1_phys0.5,transient,4.77,4.27,0.0,0.788,4.078,0.4391,0.0,3.96,1.17,98.44,1.43,0.0726,0.4919,5.1222,0.0029000000000000002,0.0043779000000000005,0.0027,0.0004
50,l10.1_phys0.5,persistent,4.86,4.67,,0.7884,4.087,0.41,0.0,3.8,1.04,97.09,2.27,0.2191,0.4599,5.0369,0.0029000000000000002,0.0043779000000000005,0.0027,0.0004
150,l10.1_phys0.5,clean,3.01,2.43,0.0,0.8634,3.008,0.2857,0.0,0.0,0.0,100.0,0.01,0.0082,0.4194,4.7166,0.0018000000000000002,0.002318,0.0016,0.0004
150,l10.1_phys0.5,legacy80,3.84,4.34,,0.9101,2.193,0.3256,0.0,4.47,1.18,96.75,2.3,0.1389,0.4184,4.324,0.0018000000000000002,0.002318,0.0016,0.0004
150,l10.1_phys0.5,transient,3.36,2.78,0.0,0.8754,2.766,0.393,0.0,4.77,1.5,97.43,2.21,0.0801,0.4727,5.1723,0.0018000000000000002,0.002318,0.0016,0.0004
150,l10.1_phys0.5,persistent,3.36,3.19,,0.8855,2.596,0.3528,0.0,3.93,1.15,98.46,0.56,0.0662,0.4291,4.8109,0.0018000000000000002,0.002318,0.0016,0.0004
250,l10.1_phys0.5,clean,2.46,2.18,0.0,0.8932,2.464,0.268,0.0,1.62,1.28,99.95,0.0,0.0,0.4108,4.6634,0.0013499999999999999,0.00155,0.0012,0.0003
250,l10.1_phys0.5,legacy80,3.22,3.87,,0.9471,1.644,0.2885,0.0,6.38,2.68,95.46,0.52,0.0277,0.3893,4.0925,0.0013499999999999999,0.00155,0.0012,0.0003
250,l10.1_phys0.5,transient,2.77,2.52,0.0,0.9098,2.165,0.3757,0.0,5.46,1.43,98.07,2.05,0.0822,0.4591,5.0285,0.0013499999999999999,0.00155,0.0012,0.0003
250,l10.1_phys0.5,persistent,2.72,2.82,,0.9182,2.054,0.3398,0.0,3.79,1.06,98.47,1.22,0.1523,0.4247,4.7876,0.0013499999999999999,0.00155,0.0012,0.0003
350,l10.1_phys0.5,clean,2.27,1.81,0.0,0.9102,2.274,0.2774,0.0,0.68,0.68,99.99,0.02,0.0029,0.4297,5.0479,0.00115,0.001126,0.001,0.0003
350,l10.1_phys0.5,legacy80,3.41,3.66,,0.929,1.953,0.3044,0.0,6.23,2.57,95.7,0.24,0.0201,0.407,4.5152,0.00115,0.001126,0.001,0.0003
350,l10.1_phys0.5,transient,2.58,2.21,0.0,0.9242,1.996,0.3767,0.0,4.8,1.33,97.75,1.76,0.0568,0.4659,5.2233,0.00115,0.001126,0.001,0.0003
350,l10.1_phys0.5,persistent,2.46,2.47,,0.9354,1.795,0.3437,0.0,5.0,1.73,98.24,0.49,0.0737,0.4375,5.0376,0.00115,0.001126,0.001,0.0003
450,l10.1_phys0.5,clean,2.15,1.94,0.0,0.915,2.151,0.272,0.0,0.0,0.0,100.0,0.01,0.0173,0.4266,4.7769,0.00095,0.000936,0.0008,0.0003
450,l10.1_phys0.5,legacy80,2.62,3.34,,0.9673,1.178,0.287,0.0,4.9,2.08,98.74,0.01,0.0047,0.3903,4.0152,0.00095,0.000936,0.0008,0.0003
450,l10.1_phys0.5,transient,2.47,2.31,0.0,0.9289,1.865,0.3758,0.0,4.5,1.49,97.95,1.7,0.0596,0.465,4.9961,0.00095,0.000936,0.0008,0.0003
450,l10.1_phys0.5,persistent,2.3,2.46,,0.9398,1.654,0.34,0.0,2.58,0.78,98.8,0.56,0.078,0.4363,4.7943,0.00095,0.000936,0.0008,0.0003
550,l10.1_phys0.5,clean,1.7,1.47,0.14,0.9437,1.703,0.2865,0.0,0.0,0.0,100.0,0.08,0.015,0.4478,4.6626,0.001,0.001045,0.0009,0.0002
550,l10.1_phys0.5,legacy80,2.73,3.23,,0.9725,1.171,0.3025,0.0,6.19,1.39,94.89,0.22,0.0127,0.4106,4.0368,0.001,0.001045,0.0009,0.0002
550,l10.1_phys0.5,transient,2.08,1.89,0.07,0.95,1.551,0.3875,0.0,5.69,1.46,97.33,1.81,0.0428,0.4838,5.018,0.001,0.001045,0.0009,0.0002
550,l10.1_phys0.5,persistent,1.99,2.22,,0.9545,1.457,0.3516,0.0,4.7,1.33,97.17,0.6,0.1185,0.4509,4.8087,0.001,0.001045,0.0009,0.0002
600,l10.1_phys0.5,clean,1.71,1.5,0.03,0.9432,1.709,0.2926,0.0,0.56,0.3,99.92,0.0,0.0,0.4502,4.7378,0.0009000000000000001,0.0009120000000000002,0.0008,0.0002
600,l10.1_phys0.5,legacy80,3.47,3.3,,0.9267,2.046,0.3255,0.0,4.73,1.14,96.96,0.5,0.042,0.4315,4.6001,0.0009000000000000001,0.0009120000000000002,0.0008,0.0002
600,l10.1_phys0.5,transient,2.08,1.9,0.0,0.9481,1.588,0.3959,0.0,5.51,1.2,97.9,0.77,0.0385,0.4821,5.0651,0.0009000000000000001,0.0009120000000000002,0.0008,0.0002
600,l10.1_phys0.5,persistent,2.08,2.13,,0.9448,1.657,0.3557,0.0,4.05,0.94,98.01,0.08,0.0093,0.4523,4.8217,0.0009000000000000001,0.0009120000000000002,0.0008,0.0002
650,l10.1_phys0.5,clean,1.39,1.39,0.68,0.9593,1.394,0.2727,0.0,0.0,0.0,100.0,0.0,0.0,0.4361,4.6231,0.00075,0.000789,0.0007,0.0001
650,l10.1_phys0.5,legacy80,3.69,3.56,,0.9127,2.246,0.3162,0.0,5.41,1.51,96.34,0.41,0.0441,0.4351,4.364,0.00075,0.000789,0.0007,0.0001
650,l10.1_phys0.5,transient,1.77,1.79,0.36,0.9626,1.291,0.3727,0.0,4.86,1.14,98.93,0.36,0.0192,0.4634,4.8551,0.00075,0.000789,0.0007,0.0001
650,l10.1_phys0.5,persistent,1.85,2.05,,0.9544,1.462,0.3403,0.0,2.83,0.72,98.71,0.21,0.054,0.4432,4.6654,0.00075,0.000789,0.0007,0.0001
700,l10.1_phys0.5,clean,1.24,1.21,3.0,0.9649,1.238,0.2675,0.0,0.0,0.0,100.0,0.02,0.0015,0.4357,4.6573,0.00065,0.0007009999999999999,0.0006,0.0001
700,l10.1_phys0.5,legacy80,2.42,2.81,,0.9844,0.81,0.281,0.0,4.41,1.19,98.43,0.39,0.0476,0.3968,4.0777,0.00065,0.0007009999999999999,0.0006,0.0001
700,l10.1_phys0.5,transient,1.63,1.61,1.88,0.9675,1.151,0.3689,0.0,5.08,1.14,98.68,0.52,0.0346,0.465,4.8638,0.00065,0.0007009999999999999,0.0006,0.0001
700,l10.1_phys0.5,persistent,1.57,1.81,,0.9679,1.154,0.3305,0.0,2.2,0.78,98.4,0.22,0.1482,0.4372,4.6647,0.00065,0.0007009999999999999,0.0006,0.0001
750,l10.1_phys0.5,clean,1.22,1.22,3.57,0.9674,1.224,0.282,0.0,0.31,0.21,99.97,0.0,0.0,0.451,4.6906,0.00055,0.000671,0.0005,0.0001
750,l10.1_phys0.5,legacy80,2.41,2.73,,0.9822,0.902,0.2911,0.0,4.46,1.41,98.31,0.38,0.0439,0.4076,4.1257,0.00055,0.000671,0.0005,0.0001
750,l10.1_phys0.5,transient,1.62,1.61,1.63,0.9692,1.16,0.385,0.0,4.96,0.98,99.19,0.2,0.0195,0.4783,4.9084,0.00055,0.000671,0.0005,0.0001
750,l10.1_phys0.5,persistent,1.6,1.82,,0.9675,1.199,0.343,0.0,2.36,0.69,98.69,0.08,0.0124,0.4502,4.7049,0.00055,0.000671,0.0005,0.0001
800,l10.1_phys0.5,clean,0.92,1.08,17.95,0.9793,0.915,0.2468,0.0,0.08,0.06,99.98,0.02,0.006,0.4167,4.6134,0.00055,0.0005780000000000001,0.0005,0.0001
800,l10.1_phys0.5,legacy80,2.44,2.68,,0.9842,0.847,0.2794,0.0,3.85,1.29,96.96,0.77,0.0637,0.3958,4.1209,0.00055,0.0005780000000000001,0.0005,0.0001
800,l10.1_phys0.5,transient,1.32,1.45,8.42,0.9804,0.868,0.3579,0.0,5.43,1.21,99.05,0.35,0.0223,0.4532,4.8108,0.00055,0.0005780000000000001,0.0005,0.0001
800,l10.1_phys0.5,persistent,1.34,1.66,,0.9773,0.947,0.3169,0.0,3.12,0.97,98.59,0.11,0.0566,0.4255,4.6323,0.00055,0.0005780000000000001,0.0005,0.0001
850,l10.1_phys0.5,clean,0.88,1.04,17.75,0.9804,0.88,0.253,0.0,0.0,0.0,100.0,0.04,0.0028,0.4234,4.6045,0.00055,0.000584,0.0005,0.0001
850,l10.1_phys0.5,legacy80,2.27,2.55,,0.9877,0.71,0.277,0.0,3.51,1.11,98.3,0.51,0.0577,0.3929,4.1047,0.00055,0.000584,0.0005,0.0001
850,l10.1_phys0.5,transient,1.3,1.42,8.8,0.9807,0.848,0.3582,0.0,5.86,1.5,98.97,0.42,0.0214,0.4546,4.8315,0.00055,0.000584,0.0005,0.0001
850,l10.1_phys0.5,persistent,1.28,1.59,,0.9799,0.878,0.3183,0.0,3.14,1.06,99.26,0.26,0.0661,0.4266,4.6311,0.00055,0.000584,0.0005,0.0001
900,l10.1_phys0.5,clean,0.94,1.11,18.06,0.977,0.944,0.2523,0.0,0.0,0.0,100.0,0.0,0.0,0.4216,4.7179,0.00065,0.0005250000000000001,0.0006,0.0001
900,l10.1_phys0.5,legacy80,2.91,2.79,,0.9546,1.512,0.2918,0.0,5.56,1.31,97.76,0.9,0.0898,0.4042,4.2857,0.00065,0.0005250000000000001,0.0006,0.0001
900,l10.1_phys0.5,transient,1.35,1.47,9.19,0.9782,0.903,0.3578,0.0,5.71,1.39,99.25,0.21,0.0213,0.4511,4.8629,0.00065,0.0005250000000000001,0.0006,0.0001
900,l10.1_phys0.5,persistent,1.43,1.65,,0.9731,1.033,0.3218,0.0,1.58,0.39,99.43,0.19,0.0617,0.4294,4.6782,0.00065,0.0005250000000000001,0.0006,0.0001
950,l10.1_phys0.5,clean,0.83,1.0,21.42,0.9825,0.827,0.2375,0.0,0.04,0.04,99.99,0.0,0.0,0.4102,4.5933,0.0004,0.000495,0.0004,0.0
950,l10.1_phys0.5,legacy80,2.48,2.63,,0.9761,1.005,0.2711,0.0,5.22,1.53,96.97,0.32,0.0371,0.3844,4.0394,0.0004,0.000495,0.0004,0.0
950,l10.1_phys0.5,transient,1.24,1.36,11.63,0.9818,0.817,0.3443,0.0,6.03,1.31,99.22,0.24,0.0261,0.4392,4.7915,0.0004,0.000495,0.0004,0.0
950,l10.1_phys0.5,persistent,1.26,1.54,,0.9804,0.869,0.307,0.0,4.73,1.63,99.43,0.23,0.093,0.4171,4.5914,0.0004,0.000495,0.0004,0.0
1000,l10.1_phys0.5,clean,0.82,1.04,29.85,0.9823,0.823,0.2426,0.0,0.0,0.0,100.0,0.14,0.0362,0.4135,4.5861,0.0004,0.00047900000000000004,0.0004,0.0
1000,l10.1_phys0.5,legacy80,2.15,2.52,,0.9884,0.654,0.2727,0.0,5.6,1.7,96.21,0.73,0.0436,0.3896,4.0846,0.0004,0.00047900000000000004,0.0004,0.0
1000,l10.1_phys0.5,transient,1.21,1.39,15.5,0.9832,0.775,0.3506,0.0,6.04,1.25,98.89,0.28,0.017,0.4456,4.7385,0.0004,0.00047900000000000004,0.0004,0.0
1000,l10.1_phys0.5,persistent,1.22,1.56,,0.9821,0.806,0.3112,0.0,2.98,1.08,98.86,0.14,0.0664,0.4203,4.5918,0.0004,0.00047900000000000004,0.0004,0.0
1050,l10.1_phys0.5,clean,0.68,0.98,42.14,0.9861,0.685,0.2367,0.0,0.0,0.0,100.0,0.1,0.0151,0.4089,4.5607,0.00045000000000000004,0.00039,0.0004,0.0001
1050,l10.1_phys0.5,legacy80,2.09,2.46,,0.9912,0.533,0.266,0.0,4.88,1.59,96.88,0.34,0.0214,0.3826,4.0632,0.00045000000000000004,0.00039,0.0004,0.0001
1050,l10.1_phys0.5,transient,1.09,1.31,22.27,0.9862,0.664,0.3485,0.0,4.01,1.17,99.52,0.28,0.0184,0.4439,4.7852,0.00045000000000000004,0.00039,0.0004,0.0001
1050,l10.1_phys0.5,persistent,1.08,1.47,,0.9855,0.692,0.3043,0.0,3.35,2.13,99.78,0.16,0.051,0.4149,4.5732,0.00045000000000000004,0.00039,0.0004,0.0001
1100,l10.1_phys0.5,clean,1.57,1.25,0.03,0.9479,1.57,0.2606,0.0,0.41,0.18,99.6,0.0,0.0,0.4296,4.7468,0.00045000000000000004,0.00035299999999999996,0.0004,0.0001
1100,l10.1_phys0.5,legacy80,2.56,2.57,,0.9743,1.09,0.2743,0.0,4.58,0.98,97.27,0.08,0.0111,0.3921,4.1706,0.00045000000000000004,0.00035299999999999996,0.0004,0.0001
1100,l10.1_phys0.5,transient,1.87,1.56,0.03,0.953,1.452,0.3742,0.0,5.67,0.99,99.05,0.03,0.0208,0.4614,5.0007,0.00045000000000000004,0.00035299999999999996,0.0004,0.0001
1100,l10.1_phys0.5,persistent,1.64,1.63,,0.9623,1.281,0.3188,0.0,2.2,0.82,99.14,0.15,0.0363,0.4269,4.7394,0.00045000000000000004,0.00035299999999999996,0.0004,0.0001
1150,l10.1_phys0.5,clean,0.64,0.93,47.09,0.9867,0.642,0.2308,0.0,0.0,0.0,100.0,0.02,0.0098,0.4038,4.5704,0.0003,0.000339,0.0003,0.0
1150,l10.1_phys0.5,legacy80,2.15,2.48,,0.9889,0.59,0.2614,0.0,4.6,1.49,97.18,0.28,0.0179,0.3793,4.0762,0.0003,0.000339,0.0003,0.0
1150,l10.1_phys0.5,transient,1.05,1.26,24.58,0.9867,0.627,0.3395,0.0,4.95,1.31,99.49,0.19,0.0172,0.4355,4.8014,0.0003,0.000339,0.0003,0.0
1150,l10.1_phys0.5,persistent,1.05,1.4,,0.9862,0.653,0.2987,0.0,3.9,1.87,99.64,0.31,0.0684,0.4101,4.5871,0.0003,0.000339,0.0003,0.0
1200,l10.1_phys0.5,clean,0.68,0.94,42.59,0.9865,0.68,0.2349,0.0,0.0,0.0,100.0,0.14,0.022,0.4082,4.5765,0.0003,0.00032399999999999996,0.0003,0.0
1200,l10.1_phys0.5,legacy80,2.07,2.41,,0.9921,0.536,0.2631,0.0,4.65,1.52,97.48,0.09,0.0077,0.381,4.1122,0.0003,0.00032399999999999996,0.0003,0.0
1200,l10.1_phys0.5,transient,1.09,1.28,23.76,0.986,0.675,0.346,0.0,6.14,1.4,99.3,0.29,0.0207,0.4417,4.7914,0.0003,0.00032399999999999996,0.0003,0.0
1200,l10.1_phys0.5,persistent,1.1,1.41,,0.9849,0.716,0.304,0.0,4.2,1.73,99.59,0.15,0.0242,0.4159,4.5975,0.0003,0.00032399999999999996,0.0003,0.0
1250,l10.1_phys0.5,clean,0.55,0.89,54.64,0.9895,0.546,0.226,0.0,0.02,0.02,99.99,0.1,0.0125,0.3996,4.5909,0.00035,0.00033099999999999997,0.0003,0.0001
1250,l10.1_phys0.5,legacy80,2.08,2.42,,0.9924,0.478,0.2605,0.0,4.55,1.49,96.49,0.58,0.0329,0.3785,4.1023,0.00035,0.00033099999999999997,0.0003,0.0001
1250,l10.1_phys0.5,transient,0.95,1.22,31.42,0.9893,0.542,0.3383,0.0,6.39,1.49,99.39,0.31,0.0246,0.4352,4.8346,0.00035,0.00033099999999999997,0.0003,0.0001
1250,l10.1_phys0.5,persistent,1.0,1.37,,0.9882,0.6,0.2957,0.0,3.27,1.35,99.56,0.47,0.2402,0.4075,4.6386,0.00035,0.00033099999999999997,0.0003,0.0001
1300,l10.1_phys0.5,clean,0.84,1.0,32.33,0.9798,0.838,0.2368,0.0,0.0,0.0,100.0,0.13,0.0878,0.4089,4.6631,0.00035,0.000328,0.0003,0.0001
1300,l10.1_phys0.5,legacy80,2.31,2.52,,0.9856,0.783,0.2662,0.0,4.43,1.45,97.29,3.16,0.1703,0.3838,4.0957,0.00035,0.000328,0.0003,0.0001
1300,l10.1_phys0.5,transient,1.21,1.32,18.63,0.981,0.792,0.3536,0.0,4.68,1.21,99.37,0.27,0.0361,0.4469,4.843,0.00035,0.000328,0.0003,0.0001
1300,l10.1_phys0.5,persistent,1.2,1.44,,0.9811,0.829,0.3014,0.0,2.92,1.41,99.69,0.34,0.0623,0.4126,4.6617,0.00035,0.000328,0.0003,0.0001
1350,l10.1_phys0.5,clean,0.71,0.93,36.97,0.9851,0.712,0.2378,0.0,0.0,0.0,100.0,0.13,0.0628,0.4107,4.6052,0.0003,0.000325,0.0003,0.0
1350,l10.1_phys0.5,legacy80,2.15,2.44,,0.9894,0.602,0.2626,0.0,4.36,1.27,98.13,0.01,0.0026,0.3797,4.1221,0.0003,0.000325,0.0003,0.0
1350,l10.1_phys0.5,transient,1.1,1.25,21.38,0.9849,0.69,0.3493,0.0,5.86,1.59,99.05,0.33,0.028,0.443,4.8668,0.0003,0.000325,0.0003,0.0
1350,l10.1_phys0.5,persistent,1.05,1.36,,0.986,0.667,0.3001,0.0,3.52,1.02,99.29,0.47,0.1945,0.4117,4.5802,0.0003,0.000325,0.0003,0.0
1400,l10.1_phys0.5,clean,0.68,0.92,46.73,0.9871,0.675,0.2279,0.0,0.0,0.0,100.0,0.13,0.0123,0.4009,4.5846,0.0003,0.000322,0.0003,0.0
1400,l10.1_phys0.5,legacy80,2.16,2.42,,0.9896,0.654,0.2636,0.0,4.81,1.34,97.64,0.07,0.0083,0.3813,4.098,0.0003,0.000322,0.0003,0.0
1400,l10.1_phys0.5,transient,1.08,1.25,27.69,0.9865,0.665,0.3456,0.0,5.5,1.39,99.55,0.23,0.0183,0.4394,4.8047,0.0003,0.000322,0.0003,0.0
1400,l10.1_phys0.5,persistent,1.05,1.36,,0.9873,0.662,0.2951,0.0,2.59,1.21,99.68,0.33,0.0614,0.4068,4.6008,0.0003,0.000322,0.0003,0.0
1450,l10.1_phys0.5,clean,1.23,1.16,0.33,0.965,1.229,0.2412,0.0,0.16,0.13,99.98,0.0,0.0,0.4137,4.6237,0.00035,0.00032399999999999996,0.0003,0.0001
1450,l10.1_phys0.5,legacy80,2.65,2.67,,0.9728,1.143,0.273,0.0,4.51,1.09,97.91,0.05,0.0067,0.3926,4.1585,0.00035,0.00032399999999999996,0.0003,0.0001
1450,l10.1_phys0.5,transient,1.58,1.47,0.21,0.9677,1.15,0.3555,0.0,6.0,1.64,99.18,0.34,0.0261,0.4478,4.834,0.00035,0.00032399999999999996,0.0003,0.0001
1450,l10.1_phys0.5,persistent,1.49,1.56,,0.9697,1.136,0.3056,0.0,2.15,0.66,99.66,0.19,0.0163,0.4163,4.5959,0.00035,0.00032399999999999996,0.0003,0.0001
1500,l10.1_phys0.5,clean,0.58,0.91,54.41,0.9894,0.579,0.2255,0.0,0.4,0.06,99.64,0.1,0.0107,0.3989,4.574,0.0003,0.00031800000000000003,0.0003,0.0
1500,l10.1_phys0.5,legacy80,2.06,2.41,,0.9929,0.492,0.2614,0.0,3.67,0.74,97.69,0.07,0.0095,0.3801,4.0911,0.0003,0.00031800000000000003,0.0003,0.0
1500,l10.1_phys0.5,transient,0.97,1.23,31.36,0.989,0.575,0.3392,0.0,5.84,0.96,99.18,0.29,0.0173,0.4339,4.7862,0.0003,0.00031800000000000003,0.0003,0.0
1500,l10.1_phys0.5,persistent,1.02,1.37,,0.9876,0.623,0.2941,0.0,2.68,0.71,99.4,0.34,0.0957,0.4058,4.5677,0.0003,0.00031800000000000003,0.0003,0.0
1550,l10.1_phys0.5,clean,0.51,0.86,58.34,0.9905,0.513,0.2266,0.0,0.0,0.0,100.0,0.07,0.043,0.4005,4.5677,0.0003,0.000306,0.0003,0.0
1550,l10.1_phys0.5,legacy80,2.1,2.4,,0.9916,0.561,0.2635,0.0,4.64,1.28,98.25,0.03,0.0029,0.3815,4.0962,0.0003,0.000306,0.0003,0.0
1550,l10.1_phys0.5,transient,0.92,1.19,33.45,0.9897,0.521,0.3368,0.0,6.08,1.48,99.35,0.33,0.0216,0.4335,4.7821,0.0003,0.000306,0.0003,0.0
1550,l10.1_phys0.5,persistent,0.98,1.31,,0.9877,0.596,0.2966,0.0,2.29,0.81,99.25,0.41,0.0651,0.4091,4.5872,0.0003,0.000306,0.0003,0.0
1600,l10.1_phys0.5,clean,0.48,0.86,63.81,0.9911,0.48,0.225,0.0,0.0,0.0,100.0,0.02,0.0073,0.3984,4.5569,0.0002,0.00029099999999999997,0.0002,0.0
1600,l10.1_phys0.5,legacy80,1.96,2.33,,0.9937,0.42,0.2605,0.0,4.68,1.34,98.51,0.02,0.0035,0.3773,4.0908,0.0002,0.00029099999999999997,0.0002,0.0
1600,l10.1_phys0.5,transient,0.89,1.18,36.8,0.9907,0.482,0.3396,0.0,3.51,1.04,99.48,0.23,0.0276,0.4344,4.8208,0.0002,0.00029099999999999997,0.0002,0.0
1600,l10.1_phys0.5,persistent,0.9,1.3,,0.9902,0.516,0.294,0.0,2.56,0.97,99.64,0.44,0.1641,0.4061,4.573,0.0002,0.00029099999999999997,0.0002,0.0
1650,l10.1_phys0.5,clean,0.73,0.96,40.62,0.984,0.732,0.2359,0.0,0.0,0.0,100.0,0.03,0.0025,0.408,4.6477,0.0003,0.000304,0.0003,0.0
1650,l10.1_phys0.5,legacy80,2.24,2.46,,0.9877,0.686,0.2646,0.0,4.23,1.14,98.69,0.03,0.0028,0.3818,4.1527,0.0003,0.000304,0.0003,0.0
1650,l10.1_phys0.5,transient,1.11,1.26,24.76,0.9845,0.707,0.3472,0.0,3.73,1.13,99.59,0.24,0.0295,0.4386,4.8316,0.0003,0.000304,0.0003,0.0
1650,l10.1_phys0.5,persistent,1.06,1.35,,0.9855,0.699,0.2978,0.0,0.78,0.27,99.85,0.15,0.0676,0.4092,4.6425,0.0003,0.000304,0.0003,0.0
1700,l10.1_phys0.5,clean,0.62,0.93,55.11,0.9882,0.62,0.229,0.0,0.0,0.0,100.0,0.09,0.0077,0.4015,4.5848,0.0003,0.00029699999999999996,0.0003,0.0
1700,l10.1_phys0.5,legacy80,2.05,2.38,,0.9912,0.549,0.2643,0.0,4.49,1.34,99.11,0.0,0.0,0.3807,4.1174,0.0003,0.00029699999999999996,0.0003,0.0
1700,l10.1_phys0.5,transient,1.01,1.24,31.92,0.9882,0.606,0.343,0.0,4.21,1.19,99.56,0.23,0.0171,0.4359,4.7968,0.0003,0.00029699999999999996,0.0003,0.0
1700,l10.1_phys0.5,persistent,0.99,1.33,,0.9876,0.625,0.2956,0.0,1.56,0.56,99.67,0.27,0.2856,0.4069,4.5726,0.0003,0.00029699999999999996,0.0003,0.0
1750,l10.1_phys0.5,clean,0.58,0.9,51.83,0.9891,0.579,0.229,0.0,0.42,0.3,99.98,0.08,0.0239,0.4021,4.5817,0.0003,0.00029600000000000004,0.0003,0.0
1750,l10.1_phys0.5,legacy80,2.02,2.37,,0.9926,0.495,0.263,0.0,3.29,1.22,99.59,0.0,0.0,0.3797,4.141,0.0003,0.00029600000000000004,0.0003,0.0
1750,l10.1_phys0.5,transient,0.95,1.21,29.96,0.9891,0.559,0.3375,0.0,4.16,1.25,99.5,0.16,0.0147,0.4318,4.7974,0.0003,0.00029600000000000004,0.0003,0.0
1750,l10.1_phys0.5,persistent,0.94,1.3,,0.9892,0.581,0.2958,0.0,1.97,0.86,99.53,0.35,0.0704,0.4078,4.5731,0.0003,0.00029600000000000004,0.0003,0.0
1800,l10.1_phys0.5,clean,0.54,0.87,56.97,0.9903,0.536,0.2231,0.0,0.21,0.14,99.98,0.0,0.0,0.3966,4.5571,0.0003,0.00027299999999999997,0.0003,0.0
1800,l10.1_phys0.5,legacy80,2.04,2.37,,0.9921,0.493,0.2623,0.0,4.52,1.21,98.86,0.0,0.0,0.3798,4.1365,0.0003,0.00027299999999999997,0.0003,0.0
1800,l10.1_phys0.5,transient,0.9,1.18,33.73,0.9903,0.519,0.3341,0.0,4.61,0.98,99.55,0.2,0.0156,0.4301,4.8029,0.0003,0.00027299999999999997,0.0003,0.0
1800,l10.1_phys0.5,persistent,0.93,1.28,,0.9895,0.559,0.2916,0.0,1.67,0.72,99.72,0.49,0.1755,0.4037,4.5666,0.0003,0.00027299999999999997,0.0003,0.0
1850,l10.1_phys0.5,clean,0.73,0.94,42.36,0.9845,0.732,0.2328,0.0,0.0,0.0,100.0,0.02,0.0017,0.4056,4.6154,0.0002,0.00025100000000000003,0.0002,0.0
1850,l10.1_phys0.5,legacy80,2.13,2.37,,0.9905,0.633,0.263,0.0,4.97,1.26,99.08,0.0,0.0,0.3802,4.0967,0.0002,0.00025100000000000003,0.0002,0.0
1850,l10.1_phys0.5,transient,1.1,1.24,22.39,0.9847,0.712,0.3443,0.0,5.68,1.28,99.68,0.17,0.0187,0.4349,4.8482,0.0002,0.00025100000000000003,0.0002,0.0
1850,l10.1_phys0.5,persistent,1.04,1.32,,0.9856,0.695,0.2969,0.0,1.2,0.25,99.74,0.33,0.0981,0.4088,4.5932,0.0002,0.00025100000000000003,0.0002,0.0
1900,l10.1_phys0.5,clean,0.47,0.85,61.46,0.9911,0.468,0.224,0.0,0.41,0.41,99.99,0.09,0.0175,0.3974,4.5641,0.0003,0.00025499999999999996,0.0003,0.0
1900,l10.1_phys0.5,legacy80,1.96,2.34,,0.9937,0.403,0.2594,0.0,4.84,1.22,99.25,0.03,0.0087,0.3764,4.1073,0.0003,0.00025499999999999996,0.0003,0.0
1900,l10.1_phys0.5,transient,0.85,1.17,38.3,0.991,0.463,0.3323,0.0,5.61,1.39,99.27,0.26,0.0165,0.4277,4.8036,0.0003,0.00025499999999999996,0.0003,0.0
1900,l10.1_phys0.5,persistent,0.89,1.29,,0.9901,0.514,0.2913,0.0,2.25,1.06,99.67,0.32,0.1124,0.4033,4.5683,0.0003,0.00025499999999999996,0.0003,0.0
1950,l10.1_phys0.5,clean,0.6,0.89,52.55,0.9879,0.6,0.2289,0.0,0.0,0.0,100.0,0.02,0.007,0.4025,4.6081,0.0002,0.000241,0.0002,0.0
1950,l10.1_phys0.5,legacy80,2.03,2.36,,0.9932,0.478,0.2606,0.0,3.57,1.41,99.66,0.03,0.0109,0.3781,4.1629,0.0002,0.000241,0.0002,0.0
1950,l10.1_phys0.5,transient,0.97,1.19,31.81,0.9882,0.576,0.343,0.0,5.42,1.58,99.62,0.14,0.0185,0.4359,4.821,0.0002,0.000241,0.0002,0.0
1950,l10.1_phys0.5,persistent,0.92,1.27,,0.989,0.561,0.2938,0.0,1.09,0.47,99.86,0.34,0.1182,0.4064,4.5855,0.0002,0.000241,0.0002,0.0
2000,l10.1_phys0.5,clean,0.72,0.94,38.49,0.9835,0.718,0.2299,0.0,0.18,0.1,99.97,0.02,0.0087,0.4046,4.5997,0.0002,0.000239,0.0002,0.0
2000,l10.1_phys0.5,legacy80,2.12,2.4,,0.9902,0.591,0.2635,0.0,5.32,1.63,99.55,0.03,0.0063,0.3816,4.2141,0.0002,0.000239,0.0002,0.0
2000,l10.1_phys0.5,transient,1.08,1.23,21.31,0.9845,0.682,0.3402,0.0,5.93,1.5,99.41,0.14,0.0125,0.4338,4.857,0.0002,0.000239,0.0002,0.0
2000,l10.1_phys0.5,persistent,0.99,1.3,,0.9874,0.612,0.294,0.0,2.59,1.06,99.36,0.47,0.1508,0.4071,4.6037,0.0002,0.000239,0.0002,0.0
2050,l10.1_phys0.5,clean,0.48,0.85,62.3,0.9906,0.484,0.224,0.0,0.29,0.12,99.97,0.01,0.0076,0.3974,4.5777,0.0002,0.000208,0.0002,0.0
2050,l10.1_phys0.5,legacy80,1.98,2.35,,0.9934,0.432,0.262,0.0,4.35,1.83,99.71,0.02,0.0068,0.379,4.1574,0.0002,0.000208,0.0002,0.0
2050,l10.1_phys0.5,transient,0.87,1.15,37.48,0.9902,0.485,0.3367,0.0,4.81,1.41,99.67,0.12,0.016,0.4299,4.8553,0.0002,0.000208,0.0002,0.0
2050,l10.1_phys0.5,persistent,0.87,1.23,,0.9902,0.518,0.2902,0.0,0.97,0.48,99.85,0.35,0.0898,0.4024,4.5685,0.0002,0.000208,0.0002,0.0
2100,l10.1_phys0.5,clean,0.44,0.84,65.82,0.9915,0.438,0.2218,0.0,0.85,0.74,99.98,0.01,0.0067,0.3948,4.5653,0.0002,0.00021,0.0002,0.0
2100,l10.1_phys0.5,legacy80,1.92,2.33,,0.994,0.396,0.2604,0.0,4.98,1.64,99.59,0.04,0.0184,0.3768,4.1242,0.0002,0.00021,0.0002,0.0
2100,l10.1_phys0.5,transient,0.82,1.14,40.82,0.9914,0.434,0.3325,0.0,3.57,1.0,99.52,0.26,0.0169,0.4263,4.8177,0.0002,0.00021,0.0002,0.0
2100,l10.1_phys0.5,persistent,0.84,1.23,,0.9911,0.474,0.2893,0.0,0.74,0.31,99.86,0.32,0.0743,0.4013,4.5598,0.0002,0.00021,0.0002,0.0
2150,l10.1_phys0.5,clean,0.53,0.88,59.3,0.9902,0.526,0.2239,0.0,0.0,0.0,100.0,0.04,0.0026,0.3971,4.5598,0.0002,0.00020300000000000003,0.0002,0.0
2150,l10.1_phys0.5,legacy80,1.97,2.33,,0.9932,0.459,0.2623,0.0,4.78,2.03,99.76,0.02,0.0059,0.3789,4.1387,0.0002,0.00020300000000000003,0.0002,0.0
2150,l10.1_phys0.5,transient,0.9,1.18,35.6,0.9901,0.511,0.3365,0.0,3.5,1.32,99.75,0.14,0.0133,0.4289,4.8195,0.0002,0.00020300000000000003,0.0002,0.0
2150,l10.1_phys0.5,persistent,0.9,1.25,,0.9897,0.557,0.2896,0.0,1.63,0.7,99.69,0.32,0.0947,0.4016,4.5627,0.0002,0.00020300000000000003,0.0002,0.0
2200,l10.1_phys0.5,clean,0.42,0.82,66.13,0.9918,0.425,0.223,0.0,0.53,0.33,99.97,0.11,0.0082,0.3962,4.5658,0.0002,0.000202,0.0002,0.0
2200,l10.1_phys0.5,legacy80,1.91,2.32,,0.9938,0.39,0.2613,0.0,4.57,2.36,99.83,0.03,0.0105,0.3776,4.1604,0.0002,0.000202,0.0002,0.0
2200,l10.1_phys0.5,transient,0.81,1.12,40.58,0.9916,0.43,0.3306,0.0,5.3,1.23,99.48,0.26,0.0138,0.4247,4.8306,0.0002,0.000202,0.0002,0.0
2200,l10.1_phys0.5,persistent,0.83,1.21,,0.9911,0.476,0.2902,0.0,1.37,0.68,99.74,0.34,0.0739,0.4025,4.5635,0.0002,0.000202,0.0002,0.0
2250,l10.1_phys0.5,clean,0.58,0.88,52.02,0.9891,0.582,0.2232,0.0,0.93,0.53,99.97,0.1,0.0071,0.3969,4.5867,0.0002,0.000205,0.0002,0.0
2250,l10.1_phys0.5,legacy80,2.02,2.37,,0.9932,0.473,0.2603,0.0,5.01,1.54,99.56,0.04,0.0107,0.3779,4.1124,0.0002,0.000205,0.0002,0.0
2250,l10.1_phys0.5,transient,0.94,1.17,31.24,0.9895,0.555,0.3351,0.0,5.08,1.63,99.59,0.21,0.0161,0.4279,4.807,0.0002,0.000205,0.0002,0.0
2250,l10.1_phys0.5,persistent,0.9,1.23,,0.9896,0.551,0.2888,0.0,0.93,0.43,99.84,0.35,0.0888,0.4009,4.5868,0.0002,0.000205,0.0002,0.0
2300,l10.1_phys0.5,clean,0.45,0.83,62.42,0.9915,0.446,0.2221,0.0,0.62,0.41,99.98,0.16,0.0148,0.3955,4.5624,0.0002,0.00020100000000000003,0.0002,0.0
2300,l10.1_phys0.5,legacy80,1.95,2.36,,0.9937,0.411,0.2608,0.0,5.6,0.66,98.3,0.07,0.0237,0.3784,4.1467,0.0002,0.00020100000000000003,0.0002,0.0
2300,l10.1_phys0.5,transient,0.83,1.13,37.71,0.9912,0.45,0.3327,0.0,4.2,1.24,99.67,0.29,0.0152,0.4251,4.8129,0.0002,0.00020100000000000003,0.0002,0.0
2300,l10.1_phys0.5,persistent,0.83,1.21,,0.9909,0.483,0.2886,0.0,0.67,0.36,99.87,0.39,0.0712,0.4009,4.5672,0.0002,0.00020100000000000003,0.0002,0.0
2350,l10.1_phys0.5,clean,0.62,0.9,58.56,0.9893,0.615,0.2271,0.0,1.29,0.43,99.96,0.12,0.0284,0.4007,4.5955,0.0002,0.000201,0.0002,0.0
2350,l10.1_phys0.5,legacy80,2.04,2.35,,0.9918,0.572,0.2635,0.0,5.29,1.83,99.67,0.09,0.0286,0.3803,4.1334,0.0002,0.000201,0.0002,0.0
2350,l10.1_phys0.5,transient,0.97,1.19,34.6,0.9889,0.603,0.3376,0.0,5.32,1.36,99.63,0.23,0.0184,0.4299,4.8351,0.0002,0.000201,0.0002,0.0
2350,l10.1_phys0.5,persistent,0.93,1.25,,0.9892,0.598,0.293,0.0,1.29,0.42,99.86,0.35,0.087,0.4052,4.5853,0.0002,0.000201,0.0002,0.0
2400,l10.1_phys0.5,clean,0.44,0.83,65.56,0.9914,0.443,0.2243,0.0,0.0,0.0,100.0,0.11,0.0122,0.3976,4.5684,0.0002,0.000202,0.0002,0.0
2400,l10.1_phys0.5,legacy80,1.89,2.28,,0.994,0.394,0.2619,0.0,4.91,2.2,99.79,0.04,0.011,0.3788,4.1282,0.0002,0.000202,0.0002,0.0
2400,l10.1_phys0.5,transient,0.82,1.13,40.01,0.9912,0.441,0.3341,0.0,4.36,1.13,99.72,0.17,0.0168,0.4264,4.8327,0.0002,0.000202,0.0002,0.0
2400,l10.1_phys0.5,persistent,0.81,1.19,,0.9911,0.473,0.2905,0.0,1.11,0.63,99.84,0.35,0.083,0.4028,4.5715,0.0002,0.000202,0.0002,0.0
2450,l10.1_phys0.5,clean,0.45,0.83,64.64,0.9914,0.447,0.224,0.0,0.15,0.1,99.98,0.05,0.0032,0.3973,4.5703,0.0002,0.00020100000000000003,0.0002,0.0
2450,l10.1_phys0.5,legacy80,1.9,2.29,,0.9939,0.399,0.2612,0.0,4.87,2.04,99.72,0.07,0.0173,0.3789,4.1218,0.0002,0.00020100000000000003,0.0002,0.0
2450,l10.1_phys0.5,transient,0.82,1.12,40.14,0.9912,0.443,0.3331,0.0,4.47,1.25,99.64,0.17,0.0097,0.4244,4.8315,0.0002,0.00020100000000000003,0.0002,0.0
2450,l10.1_phys0.5,persistent,0.81,1.19,,0.991,0.477,0.2904,0.0,0.15,0.15,99.99,0.35,0.1011,0.4028,4.5782,0.0002,0.00020100000000000003,0.0002,0.0
2500,l10.1_phys0.5,clean,0.42,0.83,66.47,0.9916,0.425,0.2221,0.0,0.63,0.43,99.97,0.0,0.0,0.3951,4.5604,0.0002,0.0002,0.0002,0.0
2500,l10.1_phys0.5,legacy80,1.85,2.25,,0.994,0.38,0.2619,0.0,4.1,1.4,99.47,0.12,0.021,0.3789,4.1196,0.0002,0.0002,0.0002,0.0
2500,l10.1_phys0.5,transient,0.81,1.12,40.57,0.9916,0.423,0.3328,0.0,4.96,1.32,99.65,0.13,0.0086,0.4249,4.8399,0.0002,0.0002,0.0002,0.0
2500,l10.1_phys0.5,persistent,0.8,1.18,,0.9912,0.464,0.289,0.0,0.63,0.36,99.79,0.54,0.1566,0.4011,4.5545,0.0002,0.0002,0.0002,0.0
2550,l10.1_phys0.5,clean,0.42,0.82,66.83,0.9919,0.421,0.2212,0.0,0.51,0.31,99.98,0.01,0.0015,0.3942,4.5647,0.0002,0.000201,0.0002,0.0
2550,l10.1_phys0.5,legacy80,1.85,2.25,,0.994,0.384,0.2628,0.0,3.53,1.46,99.66,0.09,0.0186,0.3802,4.1383,0.0002,0.000201,0.0002,0.0
2550,l10.1_phys0.5,transient,0.79,1.11,41.36,0.9918,0.42,0.3319,0.0,4.89,1.29,99.56,0.15,0.0102,0.4242,4.8671,0.0002,0.000201,0.0002,0.0
2550,l10.1_phys0.5,persistent,0.79,1.17,,0.9913,0.458,0.2886,0.0,0.64,0.23,99.9,0.36,0.0762,0.4009,4.5601,0.0002,0.000201,0.0002,0.0
2600,l10.1_phys0.5,clean,0.43,0.83,66.86,0.9914,0.435,0.2215,0.0,0.32,0.26,99.98,0.1,0.0119,0.3947,4.5689,0.0002,0.00020300000000000003,0.0002,0.0
2600,l10.1_phys0.5,legacy80,1.84,2.23,,0.9941,0.38,0.2624,0.0,3.63,1.45,99.66,0.09,0.0194,0.3801,4.1423,0.0002,0.00020300000000000003,0.0002,0.0
2600,l10.1_phys0.5,transient,0.81,1.11,41.8,0.9913,0.432,0.333,0.0,4.95,1.51,99.63,0.21,0.0106,0.4252,4.8558,0.0002,0.00020300000000000003,0.0002,0.0
2600,l10.1_phys0.5,persistent,0.79,1.17,,0.9912,0.466,0.2885,0.0,0.5,0.27,99.91,0.39,0.0832,0.4008,4.5698,0.0002,0.00020300000000000003,0.0002,0.0
2650,l10.1_phys0.5,clean,0.42,0.82,67.16,0.9916,0.418,0.2216,0.0,0.43,0.26,99.96,0.03,0.0151,0.3947,4.569,0.0002,0.000202,0.0002,0.0
2650,l10.1_phys0.5,legacy80,1.83,2.22,,0.9938,0.411,0.2634,0.0,3.2,1.05,99.64,0.07,0.0124,0.3809,4.1337,0.0002,0.000202,0.0002,0.0
2650,l10.1_phys0.5,transient,0.79,1.11,41.78,0.9915,0.418,0.3334,0.0,5.13,1.45,99.62,0.1,0.0166,0.4254,4.85,0.0002,0.000202,0.0002,0.0
2650,l10.1_phys0.5,persistent,0.79,1.17,,0.9912,0.467,0.2895,0.0,0.49,0.23,99.88,0.35,0.0754,0.4019,4.5654,0.0002,0.000202,0.0002,0.0
2700,l10.1_phys0.5,clean,0.44,0.83,65.16,0.9909,0.445,0.2231,0.0,0.25,0.25,99.99,0.02,0.0011,0.3961,4.5718,0.0002,0.00020100000000000003,0.0002,0.0
2700,l10.1_phys0.5,legacy80,1.83,2.23,,0.9941,0.39,0.2629,0.0,4.75,1.3,99.44,0.11,0.0402,0.3808,4.1203,0.0002,0.00020100000000000003,0.0002,0.0
2700,l10.1_phys0.5,transient,0.81,1.11,40.76,0.9909,0.441,0.3345,0.0,4.16,1.35,99.65,0.12,0.0089,0.4256,4.8507,0.0002,0.00020100000000000003,0.0002,0.0
2700,l10.1_phys0.5,persistent,0.79,1.16,,0.9908,0.475,0.2899,0.0,0.49,0.34,99.96,0.33,0.1373,0.4021,4.5635,0.0002,0.00020100000000000003,0.0002,0.0
2750,l10.1_phys0.5,clean,0.46,0.85,62.69,0.9912,0.457,0.2218,0.0,0.48,0.43,99.98,0.09,0.0235,0.3948,4.5643,0.0002,0.000202,0.0002,0.0
2750,l10.1_phys0.5,legacy80,1.72,2.15,,0.9936,0.404,0.2649,0.0,3.11,0.92,99.34,0.12,0.0381,0.3813,4.1454,0.0002,0.000202,0.0002,0.0
2750,l10.1_phys0.5,transient,0.82,1.14,38.9,0.9912,0.444,0.3339,0.0,4.85,1.53,99.56,0.17,0.0152,0.4247,4.8339,0.0002,0.000202,0.0002,0.0
2750,l10.1_phys0.5,persistent,0.82,1.2,,0.9908,0.488,0.2898,0.0,0.48,0.3,99.98,0.47,0.0928,0.4019,4.569,0.0002,0.000202,0.0002,0.0
2800,l10.1_phys0.5,clean,0.67,0.93,49.65,0.9867,0.675,0.2282,0.0,0.07,0.07,99.99,0.04,0.0043,0.3999,4.6122,0.0002,0.00020100000000000003,0.0002,0.0
2800,l10.1_phys0.5,legacy80,1.86,2.17,,0.9904,0.617,0.2685,0.0,1.94,0.75,99.63,0.03,0.0119,0.3844,4.098,0.0002,0.00020100000000000003,0.0002,0.0
2800,l10.1_phys0.5,transient,1.02,1.21,29.8,0.9867,0.65,0.3392,0.0,4.87,1.74,99.75,0.19,0.015,0.4293,4.8896,0.0002,0.00020100000000000003,0.0002,0.0
2800,l10.1_phys0.5,persistent,0.95,1.25,,0.9874,0.643,0.2936,0.0,0.61,0.53,99.87,0.47,0.2665,0.4046,4.5847,0.0002,0.00020100000000000003,0.0002,0.0
2850,l10.1_phys0.5,clean,0.43,0.85,66.17,0.9915,0.432,0.2212,0.0,0.62,0.54,99.98,0.03,0.0029,0.3941,4.5664,0.0002,0.000202,0.0002,0.0
2850,l10.1_phys0.5,legacy80,1.9,2.27,,0.9926,0.482,0.2661,0.0,4.18,1.17,99.71,0.11,0.0923,0.385,4.1667,0.0002,0.000202,0.0002,0.0
2850,l10.1_phys0.5,transient,0.8,1.15,41.32,0.9913,0.433,0.3326,0.0,4.28,1.44,99.5,0.21,0.0121,0.4242,4.8465,0.0002,0.000202,0.0002,0.0
2850,l10.1_phys0.5,persistent,0.82,1.22,,0.9908,0.488,0.289,0.0,0.45,0.19,99.97,0.33,0.1256,0.4008,4.5705,0.0002,0.000202,0.0002,0.0
2900,l10.1_phys0.5,clean,0.41,0.83,67.3,0.9918,0.413,0.2212,0.0,0.44,0.44,99.99,0.02,0.0074,0.3939,4.5592,0.0002,0.0002,0.0002,0.0
2900,l10.1_phys0.5,legacy80,1.75,2.15,,0.9939,0.412,0.2646,0.0,3.05,0.75,99.41,0.12,0.0779,0.3821,4.1333,0.0002,0.0002,0.0002,0.0
2900,l10.1_phys0.5,transient,0.79,1.12,41.58,0.9916,0.415,0.3329,0.0,3.73,1.19,99.64,0.1,0.0112,0.4244,4.8221,0.0002,0.0002,0.0002,0.0
2900,l10.1_phys0.5,persistent,0.76,1.15,,0.9915,0.452,0.2897,0.0,0.44,0.27,99.9,0.49,0.106,0.4018,4.5676,0.0002,0.0002,0.0002,0.0
2950,l10.1_phys0.5,clean,0.43,0.82,66.98,0.9916,0.428,0.2226,0.0,0.61,0.32,99.97,0.05,0.0055,0.396,4.5724,0.0002,0.00020300000000000003,0.0002,0.0
2950,l10.1_phys0.5,legacy80,1.74,2.15,,0.9933,0.427,0.2644,0.0,3.68,1.04,99.12,0.14,0.1537,0.3823,4.1575,0.0002,0.00020300000000000003,0.0002,0.0
2950,l10.1_phys0.5,transient,0.8,1.11,41.41,0.9912,0.436,0.3343,0.0,4.18,1.47,99.71,0.15,0.0083,0.4254,4.8481,0.0002,0.00020300000000000003,0.0002,0.0
2950,l10.1_phys0.5,persistent,0.78,1.14,,0.9911,0.477,0.2907,0.0,0.61,0.4,99.64,0.36,0.064,0.4032,4.5763,0.0002,0.00020300000000000003,0.0002,0.0
3000,l10.1_phys0.5,clean,0.39,0.81,68.43,0.9924,0.387,0.2199,0.0,0.62,0.58,99.98,0.12,0.0061,0.3928,4.5678,0.0002,0.00020300000000000003,0.0002,0.0
3000,l10.1_phys0.5,legacy80,1.69,2.12,,0.994,0.397,0.2641,0.0,2.7,0.89,99.24,0.16,0.0289,0.3814,4.1297,0.0002,0.00020300000000000003,0.0002,0.0
3000,l10.1_phys0.5,transient,0.75,1.09,43.54,0.9924,0.387,0.3306,0.0,4.65,1.54,99.64,0.26,0.0129,0.4224,4.8671,0.0002,0.00020300000000000003,0.0002,0.0
3000,l10.1_phys0.5,persistent,0.75,1.14,,0.9919,0.435,0.2878,0.0,0.62,0.45,99.84,0.49,0.13,0.4,4.5708,0.0002,0.00020300000000000003,0.0002,0.0
20,MSEOnly_1.3_e500_phys0.3,clean,2.27,2.97,0.02,0.8955,2.266,0.3353,0.0,1.63,0.71,99.9,0.2,0.0455,0.4498,4.0291,0.0011,0.003035,0.0011,0.0
20,MSEOnly_1.3_e500_phys0.3,legacy80,5.12,5.84,,0.8973,2.214,0.5049,0.0,4.56,0.92,90.27,37.82,0.6624,0.5994,6.6895,0.0011,0.003035,0.0011,0.0
20,MSEOnly_1.3_e500_phys0.3,transient,2.78,3.34,0.0,0.8998,2.142,0.4691,0.0,5.12,1.45,94.89,6.44,0.1201,0.5419,4.9759,0.0011,0.003035,0.0011,0.0
20,MSEOnly_1.3_e500_phys0.3,persistent,3.5,4.11,,0.8888,2.335,0.5248,0.03,6.33,1.51,71.72,48.18,0.708,0.5839,5.0862,0.0011,0.003035,0.0011,0.0
40,MSEOnly_1.3_e500_phys0.3,clean,1.73,2.18,0.12,0.9392,1.727,0.2896,0.0,1.68,0.7,99.83,0.46,0.0298,0.4308,4.4314,0.0006,0.001945,0.0006,0.0
40,MSEOnly_1.3_e500_phys0.3,legacy80,3.89,4.37,,0.9159,2.232,0.3488,0.0,4.38,1.19,90.53,2.6,0.0892,0.4596,4.4813,0.0006,0.001945,0.0006,0.0
40,MSEOnly_1.3_e500_phys0.3,transient,2.25,2.57,0.05,0.9423,1.632,0.4193,0.0,5.29,1.52,94.38,6.98,0.1066,0.5149,5.2567,0.0006,0.001945,0.0006,0.0
40,MSEOnly_1.3_e500_phys0.3,persistent,2.63,3.1,,0.9368,1.755,0.386,0.0,5.97,1.58,84.93,22.33,0.3521,0.4735,4.8324,0.0006,0.001945,0.0006,0.0
60,MSEOnly_1.3_e500_phys0.3,clean,2.97,2.69,0.0,0.8605,2.971,0.2848,0.0,1.51,0.76,99.76,0.08,0.0235,0.4269,4.7455,0.0006659999999999999,0.0008398279999999999,0.0006,0.0011
60,MSEOnly_1.3_e500_phys0.3,legacy80,3.76,4.5,,0.8962,2.395,0.3423,0.0,4.73,1.4,98.69,1.97,0.1226,0.4448,4.8734,0.0006659999999999999,0.0008398279999999999,0.0006,0.0011
60,MSEOnly_1.3_e500_phys0.3,transient,3.35,3.05,0.0,0.8703,2.766,0.394,0.0,4.96,1.38,96.92,2.68,0.0716,0.4821,5.2461,0.0006659999999999999,0.0008398279999999999,0.0006,0.0011
60,MSEOnly_1.3_e500_phys0.3,persistent,3.37,3.4,,0.8718,2.743,0.3611,0.0,5.28,1.39,97.55,1.39,0.0914,0.4445,4.9793,0.0006659999999999999,0.0008398279999999999,0.0006,0.0011
80,MSEOnly_1.3_e500_phys0.3,clean,3.36,2.98,0.0,0.8402,3.356,0.3023,0.0,3.38,2.3,99.95,0.07,0.0465,0.4402,5.3089,0.00079,0.000683096,0.0007,0.0005
80,MSEOnly_1.3_e500_phys0.3,legacy80,4.44,4.57,,0.8521,3.207,0.3413,0.0,4.7,1.39,97.44,2.06,0.0783,0.4405,5.7603,0.00079,0.000683096,0.0007,0.0005
80,MSEOnly_1.3_e500_phys0.3,transient,3.61,3.31,0.0,0.8566,3.058,0.4042,0.0,5.15,1.56,98.04,1.53,0.0617,0.4832,5.643,0.00079,0.000683096,0.0007,0.0005
80,MSEOnly_1.3_e500_phys0.3,persistent,3.52,3.56,,0.8552,3.107,0.3764,0.0,2.75,1.12,99.14,0.34,0.0909,0.4561,5.5581,0.00079,0.000683096,0.0007,0.0005
100,MSEOnly_1.3_e500_phys0.3,clean,4.31,3.38,0.0,0.7772,4.314,0.3012,0.0,2.22,1.42,99.98,0.02,0.0117,0.4326,4.9418,0.00059,0.000753364,0.0005,0.0003
100,MSEOnly_1.3_e500_phys0.3,legacy80,4.35,4.39,,0.8468,3.242,0.3055,0.0,5.26,1.9,98.8,0.49,0.0282,0.4025,4.1579,0.00059,0.000753364,0.0005,0.0003
100,MSEOnly_1.3_e500_phys0.3,transient,4.51,3.65,0.0,0.8008,3.895,0.3975,0.0,4.89,1.32,99.13,0.92,0.0487,0.4696,5.2215,0.00059,0.000753364,0.0005,0.0003
100,MSEOnly_1.3_e500_phys0.3,persistent,4.16,3.74,,0.8183,3.625,0.3663,0.0,4.21,1.69,99.41,0.49,0.1025,0.4405,4.9362,0.00059,0.000753364,0.0005,0.0003
120,MSEOnly_1.3_e500_phys0.3,clean,4.25,3.47,0.0,0.7962,4.25,0.4024,0.0,5.86,1.61,98.1,1.84,0.0482,0.516,10.6972,0.00105,0.0008354920000000001,0.0009,0.0005
120,MSEOnly_1.3_e500_phys0.3,legacy80,5.16,5.04,,0.8157,3.968,0.4343,0.0,4.67,1.2,95.33,2.83,0.045,0.5078,9.4356,0.00105,0.0008354920000000001,0.0009,0.0005
120,MSEOnly_1.3_e500_phys0.3,transient,4.53,3.74,0.0,0.8147,3.881,0.5,0.0,6.47,1.52,96.8,3.1,0.0663,0.5581,11.0043,0.00105,0.0008354920000000001,0.0009,0.0005
120,MSEOnly_1.3_e500_phys0.3,persistent,4.55,3.94,,0.8152,3.961,0.474,0.0,5.86,1.6,96.36,2.76,0.0636,0.531,10.6731,0.00105,0.0008354920000000001,0.0009,0.0005
140,MSEOnly_1.3_e500_phys0.3,clean,3.29,2.64,0.0,0.8468,3.286,0.3831,0.0,6.55,1.42,97.1,2.4,0.0612,0.5156,8.5105,0.00069,0.000827604,0.0006,0.0003
140,MSEOnly_1.3_e500_phys0.3,legacy80,4.85,4.27,,0.8294,3.577,0.4134,0.34,6.53,1.61,96.31,2.52,0.0502,0.4999,9.36,0.00069,0.000827604,0.0006,0.0003
140,MSEOnly_1.3_e500_phys0.3,transient,3.56,2.94,0.0,0.8648,2.962,0.4766,0.0,5.53,1.4,95.89,3.37,0.0644,0.5487,8.6559,0.00069,0.000827604,0.0006,0.0003
140,MSEOnly_1.3_e500_phys0.3,persistent,3.51,3.13,,0.8588,3.094,0.459,0.0,6.12,1.58,96.96,2.78,0.0628,0.5321,9.0899,0.00069,0.000827604,0.0006,0.0003
160,MSEOnly_1.3_e500_phys0.3,clean,3.6,3.19,0.0,0.8294,3.604,0.4046,0.0,6.45,1.52,97.34,2.46,0.0642,0.5244,8.2045,0.0007499999999999999,0.0007437999999999999,0.0006,0.0005
160,MSEOnly_1.3_e500_phys0.3,legacy80,5.53,5.08,,0.7782,4.317,0.426,0.08,6.39,1.47,94.06,3.06,0.0651,0.5016,8.4541,0.0007499999999999999,0.0007437999999999999,0.0006,0.0005
160,MSEOnly_1.3_e500_phys0.3,transient,3.9,3.48,0.0,0.8445,3.31,0.5011,0.0,6.63,1.48,95.88,3.83,0.0716,0.5588,8.3266,0.0007499999999999999,0.0007437999999999999,0.0006,0.0005
160,MSEOnly_1.3_e500_phys0.3,persistent,3.87,3.66,,0.837,3.454,0.472,0.0,6.84,1.5,96.24,3.05,0.0696,0.5357,8.5863,0.0007499999999999999,0.0007437999999999999,0.0006,0.0005
180,MSEOnly_1.3_e500_phys0.3,clean,2.82,2.29,0.0,0.8792,2.816,0.4553,0.29,6.45,1.43,97.08,2.0,0.0595,0.5856,7.6194,0.0005600000000000001,0.0006297999999999999,0.0005,0.0002
180,MSEOnly_1.3_e500_phys0.3,legacy80,3.88,3.7,,0.8975,2.577,0.4473,0.02,6.26,1.46,96.55,2.45,0.0505,0.538,9.026,0.0005600000000000001,0.0006297999999999999,0.0005,0.0002
180,MSEOnly_1.3_e500_phys0.3,transient,3.1,2.61,0.0,0.8898,2.59,0.5422,0.17,5.9,1.47,96.23,2.48,0.0627,0.6083,7.7496,0.0005600000000000001,0.0006297999999999999,0.0005,0.0002
180,MSEOnly_1.3_e500_phys0.3,persistent,2.96,2.76,,0.8906,2.59,0.512,0.0,6.22,1.4,96.63,2.33,0.0605,0.5866,8.0924,0.0005600000000000001,0.0006297999999999999,0.0005,0.0002
200,MSEOnly_1.3_e500_phys0.3,clean,2.76,2.25,0.0,0.8828,2.756,0.4177,0.0,6.07,1.46,97.24,2.25,0.0616,0.5516,7.4635,0.00043000000000000004,0.0005556000000000001,0.0004,0.0001
200,MSEOnly_1.3_e500_phys0.3,legacy80,3.9,3.67,,0.8908,2.717,0.4366,0.3,6.48,1.54,96.0,2.8,0.0537,0.5261,8.3402,0.00043000000000000004,0.0005556000000000001,0.0004,0.0001
200,MSEOnly_1.3_e500_phys0.3,transient,3.04,2.56,0.0,0.8937,2.523,0.5122,0.0,6.43,1.44,96.42,2.57,0.0599,0.5799,7.6912,0.00043000000000000004,0.0005556000000000001,0.0004,0.0001
200,MSEOnly_1.3_e500_phys0.3,persistent,2.94,2.69,,0.8911,2.599,0.4836,0.0,6.16,1.62,96.54,2.36,0.0579,0.5597,7.8071,0.00043000000000000004,0.0005556000000000001,0.0004,0.0001
220,MSEOnly_1.3_e500_phys0.3,clean,2.59,2.2,0.0,0.8904,2.591,0.4031,0.0,6.28,1.3,97.15,2.19,0.0582,0.5383,7.0531,0.00043000000000000004,0.0004914,0.0004,0.0001
220,MSEOnly_1.3_e500_phys0.3,legacy80,3.7,3.49,,0.9061,2.403,0.4333,0.0,6.94,1.42,95.41,2.61,0.0782,0.5249,7.0423,0.00043000000000000004,0.0004914,0.0004,0.0001
220,MSEOnly_1.3_e500_phys0.3,transient,2.88,2.51,0.0,0.9013,2.361,0.4956,0.04,5.69,1.46,96.53,2.77,0.0626,0.5641,7.2326,0.00043000000000000004,0.0004914,0.0004,0.0001
220,MSEOnly_1.3_e500_phys0.3,persistent,2.75,2.59,,0.8984,2.436,0.4662,0.0,6.82,1.41,97.19,2.36,0.0705,0.5434,7.1201,0.00043000000000000004,0.0004914,0.0004,0.0001
240,MSEOnly_1.3_e500_phys0.3,clean,2.59,2.21,0.0,0.887,2.588,0.3847,0.0,5.89,1.37,97.35,2.25,0.0595,0.5181,6.6183,0.00033,0.00044840000000000006,0.0003,0.0001
240,MSEOnly_1.3_e500_phys0.3,legacy80,3.61,3.48,,0.9001,2.416,0.4221,0.13,6.25,1.37,96.03,2.55,0.0728,0.511,7.3059,0.00033,0.00044840000000000006,0.0003,0.0001
240,MSEOnly_1.3_e500_phys0.3,transient,2.87,2.5,0.0,0.899,2.352,0.4799,0.0,5.32,1.29,96.87,2.57,0.0637,0.545,6.7852,0.00033,0.00044840000000000006,0.0003,0.0001
240,MSEOnly_1.3_e500_phys0.3,persistent,2.75,2.54,,0.8972,2.43,0.4528,0.0,6.95,1.47,97.16,2.42,0.0658,0.5296,7.0051,0.00033,0.00044840000000000006,0.0003,0.0001
260,MSEOnly_1.3_e500_phys0.3,clean,1.98,1.78,1.1,0.9271,1.981,0.3752,0.0,5.83,1.38,97.14,2.45,0.0657,0.5184,6.4697,0.00033,0.0004072,0.0003,0.0001
260,MSEOnly_1.3_e500_phys0.3,legacy80,3.25,3.19,,0.9273,1.967,0.4089,0.0,6.89,1.41,96.47,2.4,0.0724,0.5024,6.9868,0.00033,0.0004072,0.0003,0.0001
260,MSEOnly_1.3_e500_phys0.3,transient,2.34,2.13,0.65,0.9333,1.827,0.4662,0.0,6.19,1.3,96.23,2.71,0.0625,0.5399,6.5888,0.00033,0.0004072,0.0003,0.0001
260,MSEOnly_1.3_e500_phys0.3,persistent,2.27,2.23,,0.9264,1.949,0.4437,0.0,6.28,1.25,96.14,2.67,0.0722,0.5285,6.5652,0.00033,0.0004072,0.0003,0.0001
280,MSEOnly_1.3_e500_phys0.3,clean,1.92,1.76,0.12,0.9313,1.923,0.3813,0.0,6.35,1.25,96.59,2.65,0.0694,0.5243,6.2497,0.00033,0.000363,0.0003,0.0001
280,MSEOnly_1.3_e500_phys0.3,legacy80,3.65,3.29,,0.9075,2.369,0.4181,0.0,6.69,1.35,95.5,2.55,0.0776,0.5094,6.7384,0.00033,0.000363,0.0003,0.0001
280,MSEOnly_1.3_e500_phys0.3,transient,2.29,2.11,0.1,0.9367,1.789,0.4754,0.0,6.11,1.28,95.39,3.08,0.0645,0.5493,6.3945,0.00033,0.000363,0.0003,0.0001
280,MSEOnly_1.3_e500_phys0.3,persistent,2.3,2.24,,0.9264,1.978,0.4486,0.0,5.97,1.35,96.24,2.83,0.0705,0.5334,6.4193,0.00033,0.000363,0.0003,0.0001
300,MSEOnly_1.3_e500_phys0.3,clean,1.99,1.77,0.07,0.9292,1.986,0.3893,0.25,6.82,1.39,97.19,2.4,0.0667,0.5332,6.7243,0.00033,0.00033259999999999995,0.0003,0.0001
300,MSEOnly_1.3_e500_phys0.3,legacy80,3.44,3.29,,0.9172,2.169,0.4208,0.13,6.7,1.42,96.15,2.41,0.073,0.5124,6.8915,0.00033,0.00033259999999999995,0.0003,0.0001
300,MSEOnly_1.3_e500_phys0.3,transient,2.34,2.12,0.04,0.9343,1.847,0.4808,0.05,6.8,1.38,96.61,2.55,0.0624,0.5532,6.7837,0.00033,0.00033259999999999995,0.0003,0.0001
300,MSEOnly_1.3_e500_phys0.3,persistent,2.31,2.22,,0.9253,2.006,0.4547,0.15,6.95,1.49,96.84,2.54,0.0667,0.5395,6.7768,0.00033,0.00033259999999999995,0.0003,0.0001
320,MSEOnly_1.3_e500_phys0.3,clean,1.79,1.64,0.35,0.9379,1.794,0.3654,0.0,5.86,1.38,97.19,2.45,0.0642,0.5131,6.1822,0.00033,0.00033259999999999995,0.0003,0.0001
320,MSEOnly_1.3_e500_phys0.3,legacy80,2.98,3.03,,0.9419,1.69,0.391,0.02,6.33,1.33,94.77,2.9,0.0812,0.4864,5.9372,0.00033,0.00033259999999999995,0.0003,0.0001
320,MSEOnly_1.3_e500_phys0.3,transient,2.18,2.01,0.24,0.941,1.693,0.4612,0.0,5.41,1.39,96.56,2.7,0.0641,0.5375,6.3367,0.00033,0.00033259999999999995,0.0003,0.0001
320,MSEOnly_1.3_e500_phys0.3,persistent,2.15,2.11,,0.9334,1.827,0.4306,0.0,4.96,1.31,96.41,2.51,0.0691,0.5183,6.2718,0.00033,0.00033259999999999995,0.0003,0.0001
340,MSEOnly_1.3_e500_phys0.3,clean,1.89,1.74,0.76,0.9311,1.894,0.3786,0.0,5.19,1.3,97.05,2.6,0.0687,0.5232,6.1517,0.00033,0.00033,0.0003,0.0001
340,MSEOnly_1.3_e500_phys0.3,legacy80,3.22,3.07,,0.9324,1.899,0.4088,0.0,6.23,1.46,96.59,2.63,0.0771,0.5024,6.5613,0.00033,0.00033,0.0003,0.0001
340,MSEOnly_1.3_e500_phys0.3,transient,2.26,2.08,0.51,0.9368,1.755,0.4727,0.0,5.29,1.31,96.67,2.8,0.0708,0.5462,6.2765,0.00033,0.00033,0.0003,0.0001
340,MSEOnly_1.3_e500_phys0.3,persistent,2.21,2.15,,0.9301,1.878,0.4403,0.0,5.71,1.21,96.6,2.78,0.0723,0.5257,6.1983,0.00033,0.00033,0.0003,0.0001
360,MSEOnly_1.3_e500_phys0.3,clean,1.85,1.7,0.65,0.9336,1.854,0.3688,0.0,6.23,1.21,96.67,2.39,0.0632,0.5163,6.1091,0.00033,0.00032879999999999997,0.0003,0.0001
360,MSEOnly_1.3_e500_phys0.3,legacy80,2.95,3.01,,0.9426,1.695,0.3955,0.28,6.78,1.34,95.51,2.81,0.0796,0.4907,6.3622,0.00033,0.00032879999999999997,0.0003,0.0001
360,MSEOnly_1.3_e500_phys0.3,transient,2.21,2.04,0.34,0.9384,1.729,0.4661,0.4,5.69,1.29,95.87,2.59,0.0649,0.5413,6.2415,0.00033,0.00032879999999999997,0.0003,0.0001
360,MSEOnly_1.3_e500_phys0.3,persistent,2.16,2.12,,0.9316,1.856,0.4336,0.02,6.78,1.4,96.6,2.81,0.0713,0.5208,6.1935,0.00033,0.00032879999999999997,0.0003,0.0001
380,MSEOnly_1.3_e500_phys0.3,clean,1.62,1.55,2.07,0.9455,1.622,0.3495,0.0,5.9,1.32,96.97,2.58,0.0648,0.4974,5.9099,0.0002,0.0003178,0.0002,0.0
380,MSEOnly_1.3_e500_phys0.3,legacy80,2.9,2.92,,0.9472,1.569,0.3857,0.0,5.46,1.36,95.04,2.81,0.0759,0.4836,6.1553,0.0002,0.0003178,0.0002,0.0
380,MSEOnly_1.3_e500_phys0.3,transient,2.03,1.91,1.22,0.9481,1.54,0.4461,0.0,5.84,1.26,96.11,2.73,0.069,0.5216,6.0476,0.0002,0.0003178,0.0002,0.0
380,MSEOnly_1.3_e500_phys0.3,persistent,2.01,2.01,,0.94,1.695,0.418,0.84,5.9,1.37,96.53,2.73,0.0725,0.5063,6.0219,0.0002,0.0003178,0.0002,0.0
400,MSEOnly_1.3_e500_phys0.3,clean,1.79,1.66,0.59,0.9371,1.789,0.3564,0.0,5.38,1.37,97.17,2.65,0.0678,0.5035,6.0103,0.00033,0.0002942,0.0003,0.0001
400,MSEOnly_1.3_e500_phys0.3,legacy80,3.43,3.26,,0.9131,2.117,0.3956,0.0,6.32,1.41,94.58,2.61,0.073,0.4919,6.375,0.00033,0.0002942,0.0003,0.0001
400,MSEOnly_1.3_e500_phys0.3,transient,2.17,2.02,0.46,0.9409,1.678,0.4517,0.0,5.47,1.33,96.69,2.72,0.068,0.525,6.1574,0.00033,0.0002942,0.0003,0.0001
400,MSEOnly_1.3_e500_phys0.3,persistent,2.15,2.11,,0.933,1.825,0.4223,0.03,6.08,1.27,96.53,2.93,0.0764,0.5096,6.0741,0.00033,0.0002942,0.0003,0.0001
420,MSEOnly_1.3_e500_phys0.3,clean,1.64,1.58,2.33,0.9441,1.637,0.3476,0.0,6.63,1.32,97.19,2.49,0.0603,0.4968,5.8488,0.0002,0.000271,0.0002,0.0
420,MSEOnly_1.3_e500_phys0.3,legacy80,2.95,2.94,,0.9425,1.68,0.3901,0.0,5.79,1.32,96.34,2.44,0.0715,0.4837,6.1979,0.0002,0.000271,0.0002,0.0
420,MSEOnly_1.3_e500_phys0.3,transient,2.04,1.94,1.35,0.9469,1.548,0.4449,0.0,5.79,1.34,96.72,2.59,0.065,0.5203,6.0153,0.0002,0.000271,0.0002,0.0
420,MSEOnly_1.3_e500_phys0.3,persistent,2.0,2.02,,0.9403,1.675,0.4165,0.0,5.14,1.27,96.79,2.81,0.0683,0.5055,5.9758,0.0002,0.000271,0.0002,0.0
440,MSEOnly_1.3_e500_phys0.3,clean,1.7,1.63,1.13,0.9418,1.699,0.351,0.0,6.24,1.24,97.06,2.37,0.0638,0.4988,5.8623,0.0003,0.0002604,0.0003,0.0
440,MSEOnly_1.3_e500_phys0.3,legacy80,3.01,3.05,,0.9391,1.728,0.39,0.14,6.76,1.36,96.08,2.48,0.0736,0.4849,6.1566,0.0003,0.0002604,0.0003,0.0
440,MSEOnly_1.3_e500_phys0.3,transient,2.08,1.99,0.86,0.9453,1.598,0.45,0.0,6.12,1.24,96.55,2.49,0.0675,0.5236,6.0621,0.0003,0.0002604,0.0003,0.0
440,MSEOnly_1.3_e500_phys0.3,persistent,2.05,2.06,,0.9383,1.735,0.4205,0.0,6.08,1.3,96.7,2.81,0.0671,0.5086,6.0397,0.0003,0.0002604,0.0003,0.0
460,MSEOnly_1.3_e500_phys0.3,clean,1.51,1.51,2.76,0.9509,1.514,0.3446,0.0,6.04,1.3,96.97,2.64,0.0646,0.496,5.8432,0.00023,0.00024,0.0002,0.0001
460,MSEOnly_1.3_e500_phys0.3,legacy80,2.92,2.97,,0.9464,1.616,0.3858,0.0,6.05,1.43,96.5,2.61,0.0732,0.4831,6.0153,0.00023,0.00024,0.0002,0.0001
460,MSEOnly_1.3_e500_phys0.3,transient,1.94,1.89,1.22,0.9527,1.447,0.4423,0.0,5.94,1.29,96.47,2.8,0.0685,0.5202,5.9397,0.00023,0.00024,0.0002,0.0001
460,MSEOnly_1.3_e500_phys0.3,persistent,1.92,1.97,,0.9451,1.596,0.4149,0.52,6.8,1.23,96.67,2.91,0.0736,0.5057,5.8804,0.00023,0.00024,0.0002,0.0001
480,MSEOnly_1.3_e500_phys0.3,clean,1.52,1.5,2.25,0.9509,1.519,0.3461,0.0,5.75,1.31,97.03,2.55,0.0652,0.4972,5.9273,0.0002,0.0002302,0.0002,0.0
480,MSEOnly_1.3_e500_phys0.3,legacy80,2.87,2.95,,0.9465,1.58,0.3831,0.0,5.86,1.42,95.39,2.77,0.0729,0.4799,6.017,0.0002,0.0002302,0.0002,0.0
480,MSEOnly_1.3_e500_phys0.3,transient,1.92,1.86,1.55,0.9536,1.429,0.4431,0.31,5.58,1.31,96.57,2.6,0.0671,0.5197,6.0102,0.0002,0.0002302,0.0002,0.0
480,MSEOnly_1.3_e500_phys0.3,persistent,1.89,1.94,,0.9468,1.561,0.4159,0.0,5.02,1.34,96.69,2.85,0.0736,0.5067,5.9748,0.0002,0.0002302,0.0002,0.0
500,MSEOnly_1.3_e500_phys0.3,clean,1.46,1.45,3.28,0.9536,1.463,0.3476,0.28,6.97,1.22,96.62,2.65,0.0684,0.5013,5.8087,0.0002,0.00022360000000000001,0.0002,0.0
500,MSEOnly_1.3_e500_phys0.3,legacy80,2.91,2.89,,0.9471,1.607,0.3906,0.0,5.64,1.27,95.45,2.91,0.082,0.4888,5.9866,0.0002,0.00022360000000000001,0.0002,0.0
500,MSEOnly_1.3_e500_phys0.3,transient,1.88,1.82,1.54,0.955,1.406,0.4455,0.26,6.53,1.19,95.63,2.97,0.0693,0.5252,5.9439,0.0002,0.00022360000000000001,0.0002,0.0
500,MSEOnly_1.3_e500_phys0.3,persistent,1.87,1.91,,0.9476,1.549,0.4152,0.16,5.88,1.29,96.22,2.94,0.074,0.508,5.8989,0.0002,0.00022360000000000001,0.0002,0.0
50,MSEOnly_1.3_e500_phys0.3,clean,1.35,1.78,4.49,0.9597,1.352,0.2711,0.0,2.03,1.31,99.96,0.25,0.0478,0.424,4.5433,0.0005,0.001664,0.0005,0.0
50,MSEOnly_1.3_e500_phys0.3,legacy80,3.03,3.86,,0.9547,1.429,0.3281,0.0,4.55,1.22,98.53,1.88,0.0928,0.4395,4.4263,0.0005,0.001664,0.0005,0.0
50,MSEOnly_1.3_e500_phys0.3,transient,1.9,2.2,2.32,0.9607,1.289,0.4016,0.0,5.08,1.5,94.08,7.33,0.1034,0.5053,5.4163,0.0005,0.001664,0.0005,0.0
50,MSEOnly_1.3_e500_phys0.3,persistent,2.15,2.65,,0.9549,1.397,0.3498,0.08,5.97,1.47,89.69,11.6,0.2489,0.4441,4.85,0.0005,0.001664,0.0005,0.0
150,MSEOnly_1.3_e500_phys0.3,clean,3.39,2.56,0.0,0.8464,3.387,0.4036,0.21,5.83,1.44,97.2,2.65,0.0662,0.5387,8.9311,0.00059,0.0008043999999999999,0.0005,0.0003
150,MSEOnly_1.3_e500_phys0.3,legacy80,4.78,4.12,,0.8405,3.54,0.4294,0.16,6.74,1.76,93.42,4.1,0.0646,0.5241,9.4397,0.00059,0.0008043999999999999,0.0005,0.0003
150,MSEOnly_1.3_e500_phys0.3,transient,3.65,2.87,0.0,0.8623,3.081,0.4976,0.16,6.17,1.4,96.03,3.68,0.0727,0.5719,9.0253,0.00059,0.0008043999999999999,0.0005,0.0003
150,MSEOnly_1.3_e500_phys0.3,persistent,3.52,3.04,,0.8611,3.118,0.4809,0.19,6.85,1.45,95.36,3.21,0.0837,0.5582,9.18,0.00059,0.0008043999999999999,0.0005,0.0003
250,MSEOnly_1.3_e500_phys0.3,clean,2.13,1.91,0.37,0.9167,2.133,0.3866,0.17,5.95,1.4,96.98,2.66,0.0684,0.5284,6.502,0.00033,0.00043280000000000006,0.0003,0.0001
250,MSEOnly_1.3_e500_phys0.3,legacy80,3.42,3.33,,0.9201,2.111,0.4168,0.23,6.98,1.46,94.62,2.76,0.0743,0.5104,6.6724,0.00033,0.00043280000000000006,0.0003,0.0001
250,MSEOnly_1.3_e500_phys0.3,transient,2.49,2.25,0.2,0.9247,1.967,0.4804,0.06,6.56,1.43,96.23,2.93,0.0674,0.5533,6.7092,0.00033,0.00043280000000000006,0.0003,0.0001
250,MSEOnly_1.3_e500_phys0.3,persistent,2.44,2.36,,0.918,2.105,0.456,0.0,6.12,1.35,96.41,2.72,0.0706,0.5388,6.5962,0.00033,0.00043280000000000006,0.0003,0.0001
350,MSEOnly_1.3_e500_phys0.3,clean,1.73,1.62,2.05,0.9407,1.73,0.3539,0.0,6.66,1.31,97.17,2.39,0.0615,0.5014,5.9916,0.00033,0.0003294,0.0003,0.0001
350,MSEOnly_1.3_e500_phys0.3,legacy80,2.93,3.0,,0.9444,1.61,0.3892,0.0,5.68,1.28,96.22,2.75,0.0751,0.4836,6.076,0.00033,0.0003294,0.0003,0.0001
350,MSEOnly_1.3_e500_phys0.3,transient,2.11,1.99,0.81,0.944,1.628,0.4484,0.4,6.38,1.3,96.18,2.63,0.0647,0.5237,6.103,0.00033,0.0003294,0.0003,0.0001
350,MSEOnly_1.3_e500_phys0.3,persistent,2.1,2.09,,0.9356,1.782,0.4208,0.0,5.6,1.3,96.53,2.57,0.074,0.5084,6.0183,0.00033,0.0003294,0.0003,0.0001
450,MSEOnly_1.3_e500_phys0.3,clean,1.55,1.5,2.44,0.95,1.551,0.3481,0.0,6.2,1.33,97.03,2.55,0.0637,0.4991,5.8571,0.0002,0.0002498,0.0002,0.0
450,MSEOnly_1.3_e500_phys0.3,legacy80,2.83,2.88,,0.9505,1.506,0.3822,0.0,5.91,1.46,96.69,2.79,0.0784,0.479,5.9213,0.0002,0.0002498,0.0002,0.0
450,MSEOnly_1.3_e500_phys0.3,transient,1.96,1.87,0.96,0.9518,1.479,0.4467,0.0,6.05,1.23,96.15,2.76,0.0654,0.5238,6.0671,0.0002,0.0002498,0.0002,0.0
450,MSEOnly_1.3_e500_phys0.3,persistent,1.94,1.96,,0.9441,1.623,0.4181,0.0,6.15,1.38,96.54,2.84,0.0724,0.509,5.9593,0.0002,0.0002498,0.0002,0.0
550,MSEOnly_1.3_e500_phys0.3,clean,1.57,1.49,2.76,0.9492,1.568,0.3638,0.0,5.19,1.33,97.33,2.25,0.0572,0.5154,6.1202,0.0002,0.0002908,0.0002,0.0
550,MSEOnly_1.3_e500_phys0.3,legacy80,3.23,3.13,,0.9357,1.81,0.3961,0.0,5.78,1.3,94.83,2.55,0.0693,0.4926,6.1218,0.0002,0.0002908,0.0002,0.0
550,MSEOnly_1.3_e500_phys0.3,transient,1.95,1.85,1.46,0.9506,1.499,0.4608,0.0,5.32,1.35,96.13,2.43,0.0623,0.5382,6.2143,0.0002,0.0002908,0.0002,0.0
550,MSEOnly_1.3_e500_phys0.3,persistent,2.0,1.96,,0.9407,1.7,0.4302,0.0,5.16,1.27,96.62,2.77,0.0675,0.5216,6.0648,0.0002,0.0002908,0.0002,0.0
600,MSEOnly_1.3_e500_phys0.3,clean,1.73,1.6,0.95,0.9416,1.729,0.3525,0.0,5.89,1.33,97.37,2.4,0.0615,0.5042,6.0813,0.00033,0.0002724,0.0003,0.0001
600,MSEOnly_1.3_e500_phys0.3,legacy80,2.98,2.99,,0.9396,1.762,0.3918,0.0,6.49,1.37,96.85,2.68,0.071,0.4855,6.1742,0.00033,0.0002724,0.0003,0.0001
600,MSEOnly_1.3_e500_phys0.3,transient,2.09,1.95,0.57,0.9443,1.636,0.4536,0.0,5.71,1.29,96.5,2.56,0.0665,0.5298,6.2462,0.00033,0.0002724,0.0003,0.0001
600,MSEOnly_1.3_e500_phys0.3,persistent,2.1,2.08,,0.9347,1.799,0.4208,0.38,6.76,1.39,96.82,2.65,0.0672,0.5116,6.1488,0.00033,0.0002724,0.0003,0.0001
650,MSEOnly_1.3_e500_phys0.3,clean,1.91,1.8,0.98,0.9281,1.91,0.4126,0.0,6.37,1.26,98.31,1.61,0.054,0.554,6.4528,0.00035999999999999997,0.000235,0.0003,0.0002
650,MSEOnly_1.3_e500_phys0.3,legacy80,2.95,2.99,,0.9424,1.741,0.4202,0.0,5.59,0.93,97.75,1.92,0.0579,0.5177,6.3842,0.00035999999999999997,0.000235,0.0003,0.0002
650,MSEOnly_1.3_e500_phys0.3,transient,2.23,2.11,0.39,0.9354,1.76,0.5052,0.0,6.33,1.24,98.13,1.72,0.0577,0.5732,6.585,0.00035999999999999997,0.000235,0.0003,0.0002
650,MSEOnly_1.3_e500_phys0.3,persistent,2.38,2.23,,0.9217,2.065,0.4691,0.0,4.47,1.07,98.09,1.81,0.0687,0.5532,6.7291,0.00035999999999999997,0.000235,0.0003,0.0002
700,MSEOnly_1.3_e500_phys0.3,clean,1.42,1.41,3.69,0.9561,1.424,0.2786,0.0,0.0,0.0,100.0,0.05,0.0094,0.4386,4.629,0.0002,0.0002328,0.0002,0.0
700,MSEOnly_1.3_e500_phys0.3,legacy80,2.61,2.79,,0.9701,1.166,0.3015,0.0,5.73,1.15,97.24,0.08,0.0485,0.4069,4.0708,0.0002,0.0002328,0.0002,0.0
700,MSEOnly_1.3_e500_phys0.3,transient,1.76,1.74,2.03,0.9583,1.35,0.3802,0.0,2.99,1.11,99.59,0.15,0.0093,0.4604,4.7534,0.0002,0.0002328,0.0002,0.0
700,MSEOnly_1.3_e500_phys0.3,persistent,1.68,1.81,,0.9568,1.389,0.3403,0.0,1.86,0.89,99.67,0.09,0.1011,0.4406,4.5813,0.0002,0.0002328,0.0002,0.0
750,MSEOnly_1.3_e500_phys0.3,clean,1.34,1.44,2.09,0.9597,1.342,0.2727,0.0,0.0,0.0,100.0,0.0,0.0,0.4305,4.5521,0.0002,0.00021120000000000004,0.0002,0.0
750,MSEOnly_1.3_e500_phys0.3,legacy80,2.75,2.84,,0.9614,1.394,0.3111,0.0,5.61,1.66,99.65,0.02,0.008,0.4116,4.0793,0.0002,0.00021120000000000004,0.0002,0.0
750,MSEOnly_1.3_e500_phys0.3,transient,1.67,1.76,1.51,0.9624,1.259,0.3756,0.0,2.97,0.83,99.74,0.09,0.0152,0.4542,4.7107,0.0002,0.00021120000000000004,0.0002,0.0
750,MSEOnly_1.3_e500_phys0.3,persistent,1.6,1.79,,0.9623,1.274,0.3376,0.0,1.79,0.82,99.59,0.21,0.1293,0.4358,4.5596,0.0002,0.00021120000000000004,0.0002,0.0
800,MSEOnly_1.3_e500_phys0.3,clean,1.43,1.53,0.25,0.9563,1.428,0.2617,0.0,0.0,0.0,100.0,0.0,0.0,0.4236,4.5653,0.0001,0.000182,0.0001,0.0
800,MSEOnly_1.3_e500_phys0.3,legacy80,2.54,2.83,,0.9671,1.212,0.2944,0.0,4.17,1.1,99.1,0.03,0.0094,0.398,3.9893,0.0001,0.000182,0.0001,0.0
800,MSEOnly_1.3_e500_phys0.3,transient,1.76,1.85,0.39,0.9587,1.347,0.3681,0.0,3.73,1.0,99.58,0.17,0.0243,0.4498,4.7371,0.0001,0.000182,0.0001,0.0
800,MSEOnly_1.3_e500_phys0.3,persistent,1.76,1.94,,0.9538,1.436,0.3293,0.0,3.09,1.45,99.65,0.13,0.0121,0.4295,4.5199,0.0001,0.000182,0.0001,0.0
850,MSEOnly_1.3_e500_phys0.3,clean,1.07,1.24,12.35,0.9731,1.069,0.2586,0.0,0.0,0.0,100.0,0.03,0.0053,0.4234,4.555,0.0001,0.000135,0.0001,0.0
850,MSEOnly_1.3_e500_phys0.3,legacy80,2.44,2.65,,0.9679,1.14,0.294,0.0,2.31,0.77,99.85,0.03,0.0153,0.3989,4.0848,0.0001,0.000135,0.0001,0.0
850,MSEOnly_1.3_e500_phys0.3,transient,1.44,1.56,5.62,0.9733,1.04,0.3645,0.0,3.58,0.94,99.41,0.15,0.0089,0.449,4.7311,0.0001,0.000135,0.0001,0.0
850,MSEOnly_1.3_e500_phys0.3,persistent,1.4,1.64,,0.9713,1.09,0.322,0.0,2.01,1.02,99.4,0.32,0.1528,0.4253,4.5759,0.0001,0.000135,0.0001,0.0
900,MSEOnly_1.3_e500_phys0.3,clean,1.25,1.42,4.23,0.9643,1.253,0.261,0.0,0.0,0.0,100.0,0.0,0.0,0.4202,4.4422,0.00033,0.00013920000000000002,0.0003,0.0001
900,MSEOnly_1.3_e500_phys0.3,legacy80,3.52,3.47,,0.9044,2.221,0.3108,0.0,2.1,1.13,99.86,0.0,0.0,0.4055,3.8894,0.00033,0.00013920000000000002,0.0003,0.0001
900,MSEOnly_1.3_e500_phys0.3,transient,1.63,1.75,1.9,0.9632,1.24,0.3691,0.0,3.89,1.17,99.19,0.11,0.0153,0.4491,4.6129,0.00033,0.00013920000000000002,0.0003,0.0001
900,MSEOnly_1.3_e500_phys0.3,persistent,1.78,1.95,,0.9483,1.522,0.334,0.0,2.36,1.3,99.55,0.25,0.08,0.4303,4.4894,0.00033,0.00013920000000000002,0.0003,0.0001
950,MSEOnly_1.3_e500_phys0.3,clean,1.04,1.3,12.28,0.9747,1.044,0.2522,0.0,0.7,0.26,99.41,0.04,0.0057,0.415,4.5473,0.0001,0.000117,0.0001,0.0
950,MSEOnly_1.3_e500_phys0.3,legacy80,2.53,2.82,,0.9748,1.039,0.2867,0.0,5.72,0.86,95.16,0.2,0.0998,0.3967,4.055,0.0001,0.000117,0.0001,0.0
950,MSEOnly_1.3_e500_phys0.3,transient,1.42,1.63,5.29,0.9735,1.038,0.3603,0.0,4.14,0.54,98.68,0.15,0.0156,0.4414,4.7295,0.0001,0.000117,0.0001,0.0
950,MSEOnly_1.3_e500_phys0.3,persistent,1.43,1.74,,0.9695,1.126,0.3201,0.0,1.46,0.41,98.93,0.31,0.152,0.423,4.59,0.0001,0.000117,0.0001,0.0
1000,MSEOnly_1.3_e500_phys0.3,clean,0.97,1.18,18.18,0.9772,0.968,0.2554,0.0,0.83,0.28,99.61,0.08,0.0314,0.4223,4.6121,0.0001,0.00011300000000000001,0.0001,0.0
1000,MSEOnly_1.3_e500_phys0.3,legacy80,2.45,2.65,,0.9784,1.001,0.2899,0.0,5.78,1.67,99.28,0.1,0.122,0.4027,4.1476,0.0001,0.00011300000000000001,0.0001,0.0
1000,MSEOnly_1.3_e500_phys0.3,transient,1.32,1.49,9.83,0.9766,0.959,0.3612,0.0,5.37,1.2,99.23,0.19,0.0133,0.4464,4.756,0.0001,0.00011300000000000001,0.0001,0.0
1000,MSEOnly_1.3_e500_phys0.3,persistent,1.3,1.54,,0.9755,1.003,0.3203,0.0,3.43,1.2,98.98,0.33,0.0925,0.4262,4.6176,0.0001,0.00011300000000000001,0.0001,0.0
1050,MSEOnly_1.3_e500_phys0.3,clean,0.79,1.08,29.07,0.984,0.791,0.2382,0.0,0.0,0.0,99.99,0.08,0.0125,0.4073,4.534,0.0001,0.00010120000000000001,0.0001,0.0
1050,MSEOnly_1.3_e500_phys0.3,legacy80,2.24,2.52,,0.9857,0.783,0.2826,0.0,5.67,1.75,99.53,0.1,0.1186,0.3965,4.1121,0.0001,0.00010120000000000001,0.0001,0.0
1050,MSEOnly_1.3_e500_phys0.3,transient,1.16,1.38,15.17,0.9835,0.787,0.3459,0.0,5.94,0.98,99.2,0.27,0.019,0.4345,4.7456,0.0001,0.00010120000000000001,0.0001,0.0
1050,MSEOnly_1.3_e500_phys0.3,persistent,1.18,1.45,,0.9803,0.881,0.3079,0.0,2.54,0.85,99.26,0.53,0.1491,0.4151,4.5576,0.0001,0.00010120000000000001,0.0001,0.0
1100,MSEOnly_1.3_e500_phys0.3,clean,0.82,1.1,36.59,0.9819,0.822,0.2432,0.0,0.17,0.11,99.89,0.07,0.0162,0.4124,4.5669,0.0001,0.00010319999999999999,0.0001,0.0
1100,MSEOnly_1.3_e500_phys0.3,legacy80,2.08,2.4,,0.9862,0.755,0.2863,0.0,4.36,1.06,99.07,0.08,0.0414,0.3994,4.1093,0.0001,0.00010319999999999999,0.0001,0.0
1100,MSEOnly_1.3_e500_phys0.3,transient,1.19,1.4,18.36,0.9814,0.82,0.3543,0.0,3.71,0.89,99.16,0.17,0.0172,0.4417,4.7825,0.0001,0.00010319999999999999,0.0001,0.0
1100,MSEOnly_1.3_e500_phys0.3,persistent,1.12,1.44,,0.9809,0.849,0.3113,0.0,2.84,1.0,99.26,0.23,0.0946,0.4192,4.5906,0.0001,0.00010319999999999999,0.0001,0.0
1150,MSEOnly_1.3_e500_phys0.3,clean,0.86,1.1,24.39,0.981,0.857,0.2423,0.0,0.0,0.0,100.0,0.07,0.0068,0.4118,4.6119,0.0001,0.00010240000000000001,0.0001,0.0
1150,MSEOnly_1.3_e500_phys0.3,legacy80,2.12,2.47,,0.9865,0.749,0.2799,0.0,5.91,1.6,97.47,0.13,0.1566,0.3937,4.0972,0.0001,0.00010240000000000001,0.0001,0.0
1150,MSEOnly_1.3_e500_phys0.3,transient,1.2,1.39,13.55,0.9807,0.846,0.3515,0.0,4.04,0.94,99.62,0.17,0.0162,0.4378,4.7799,0.0001,0.00010240000000000001,0.0001,0.0
1150,MSEOnly_1.3_e500_phys0.3,persistent,1.12,1.41,,0.9812,0.847,0.3094,0.0,0.95,0.41,99.41,0.34,0.1592,0.418,4.6252,0.0001,0.00010240000000000001,0.0001,0.0
1200,MSEOnly_1.3_e500_phys0.3,clean,0.87,1.08,27.77,0.9807,0.866,0.2432,0.0,0.07,0.06,99.97,0.07,0.0279,0.4144,4.5519,0.0001,0.0001,0.0001,0.0
1200,MSEOnly_1.3_e500_phys0.3,legacy80,2.11,2.41,,0.9857,0.798,0.283,0.0,5.13,1.2,98.98,0.12,0.0806,0.3987,4.1079,0.0001,0.0001,0.0001,0.0
1200,MSEOnly_1.3_e500_phys0.3,transient,1.22,1.38,14.06,0.9802,0.865,0.3529,0.0,5.34,1.01,98.95,0.14,0.0176,0.4408,4.7429,0.0001,0.0001,0.0001,0.0
1200,MSEOnly_1.3_e500_phys0.3,persistent,1.14,1.4,,0.9807,0.867,0.3096,0.0,1.8,0.63,98.99,0.33,0.1725,0.4192,4.5851,0.0001,0.0001,0.0001,0.0
1250,MSEOnly_1.3_e500_phys0.3,clean,0.99,1.33,11.85,0.9738,0.989,0.2466,0.0,0.0,0.0,100.0,0.01,0.003,0.4109,4.5185,0.00016,0.00010240000000000001,0.0001,0.0002
1250,MSEOnly_1.3_e500_phys0.3,legacy80,2.58,2.96,,0.9732,0.993,0.2766,0.0,6.31,3.18,96.59,0.51,0.072,0.3894,4.0493,0.00016,0.00010240000000000001,0.0001,0.0002
1250,MSEOnly_1.3_e500_phys0.3,transient,1.33,1.61,6.23,0.9745,0.962,0.3563,0.0,3.58,1.44,99.77,0.08,0.0251,0.4373,4.6579,0.00016,0.00010240000000000001,0.0001,0.0002
1250,MSEOnly_1.3_e500_phys0.3,persistent,1.29,1.64,,0.9734,1.009,0.3106,0.0,1.36,0.52,99.75,0.13,0.0929,0.4153,4.5393,0.00016,0.00010240000000000001,0.0001,0.0002
1300,MSEOnly_1.3_e500_phys0.3,clean,0.77,1.06,37.45,0.9837,0.766,0.2413,0.0,0.0,0.0,100.0,0.02,0.006,0.4113,4.6195,0.0001,0.0001,0.0001,0.0
1300,MSEOnly_1.3_e500_phys0.3,legacy80,1.95,2.32,,0.9878,0.682,0.2804,0.0,3.74,1.18,98.82,0.11,0.1133,0.3953,4.1366,0.0001,0.0001,0.0001,0.0
1300,MSEOnly_1.3_e500_phys0.3,transient,1.11,1.34,20.78,0.9832,0.764,0.3495,0.0,5.11,1.0,99.65,0.07,0.0162,0.4357,4.7777,0.0001,0.0001,0.0001,0.0
1300,MSEOnly_1.3_e500_phys0.3,persistent,1.06,1.37,,0.9829,0.788,0.3074,0.0,1.74,0.6,99.39,0.2,0.0742,0.4167,4.5883,0.0001,0.0001,0.0001,0.0
1350,MSEOnly_1.3_e500_phys0.3,clean,0.75,1.05,39.48,0.9838,0.751,0.2403,0.0,0.08,0.05,99.97,0.05,0.0285,0.4113,4.6068,0.0001,0.0001006,0.0001,0.0
1350,MSEOnly_1.3_e500_phys0.3,legacy80,2.07,2.41,,0.9873,0.719,0.2816,0.0,4.67,1.41,99.66,0.1,0.0678,0.398,4.152,0.0001,0.0001006,0.0001,0.0
1350,MSEOnly_1.3_e500_phys0.3,transient,1.11,1.34,20.78,0.9831,0.757,0.3505,0.0,5.52,0.74,99.28,0.09,0.0155,0.4383,4.7631,0.0001,0.0001006,0.0001,0.0
1350,MSEOnly_1.3_e500_phys0.3,persistent,1.06,1.37,,0.983,0.786,0.3086,0.0,0.94,0.39,99.41,0.39,0.2249,0.4187,4.6109,0.0001,0.0001006,0.0001,0.0
1400,MSEOnly_1.3_e500_phys0.3,clean,1.18,1.26,2.48,0.9691,1.178,0.2491,0.0,0.23,0.12,99.89,0.0,0.0,0.4159,4.5896,0.0001,0.00010240000000000001,0.0001,0.0
1400,MSEOnly_1.3_e500_phys0.3,legacy80,2.43,2.56,,0.9701,1.21,0.2875,0.0,4.08,1.24,98.66,0.1,0.032,0.4002,4.1197,0.0001,0.00010240000000000001,0.0001,0.0
1400,MSEOnly_1.3_e500_phys0.3,transient,1.48,1.53,1.85,0.9704,1.121,0.3555,0.0,3.66,0.75,99.49,0.03,0.017,0.4405,4.7874,0.0001,0.00010240000000000001,0.0001,0.0
1400,MSEOnly_1.3_e500_phys0.3,persistent,1.37,1.52,,0.9696,1.146,0.3161,0.0,1.53,0.71,99.55,0.14,0.1291,0.4224,4.6351,0.0001,0.00010240000000000001,0.0001,0.0
1450,MSEOnly_1.3_e500_phys0.3,clean,0.8,1.05,34.55,0.9831,0.801,0.2364,0.0,0.0,0.0,100.0,0.05,0.0282,0.4074,4.5459,0.0001,0.0001,0.0001,0.0
1450,MSEOnly_1.3_e500_phys0.3,legacy80,1.92,2.24,,0.9869,0.743,0.2772,0.0,3.91,1.67,98.28,0.13,0.0747,0.3925,4.1158,0.0001,0.0001,0.0001,0.0
1450,MSEOnly_1.3_e500_phys0.3,transient,1.13,1.32,19.37,0.9829,0.788,0.3446,0.0,3.75,1.15,99.81,0.11,0.0122,0.4322,4.7599,0.0001,0.0001,0.0001,0.0
1450,MSEOnly_1.3_e500_phys0.3,persistent,1.05,1.34,,0.9826,0.81,0.304,0.0,1.09,0.24,99.86,0.27,0.2634,0.4134,4.5361,0.0001,0.0001,0.0001,0.0
1500,MSEOnly_1.3_e500_phys0.3,clean,0.68,1.01,47.42,0.9865,0.677,0.2333,0.0,0.33,0.07,99.79,0.11,0.0305,0.4041,4.5747,0.0001,0.00010120000000000001,0.0001,0.0
1500,MSEOnly_1.3_e500_phys0.3,legacy80,1.85,2.22,,0.9888,0.659,0.2754,0.0,3.45,1.0,97.86,0.14,0.1329,0.3899,4.1338,0.0001,0.00010120000000000001,0.0001,0.0
1500,MSEOnly_1.3_e500_phys0.3,transient,1.02,1.28,28.18,0.986,0.677,0.3429,0.0,4.53,1.24,99.5,0.24,0.0141,0.4293,4.7351,0.0001,0.00010120000000000001,0.0001,0.0
1500,MSEOnly_1.3_e500_phys0.3,persistent,0.95,1.3,,0.9857,0.703,0.3006,0.0,1.37,0.45,99.41,0.12,0.0457,0.4107,4.5896,0.0001,0.00010120000000000001,0.0001,0.0
1550,MSEOnly_1.3_e500_phys0.3,clean,0.86,1.12,12.63,0.9822,0.86,0.2359,0.0,0.65,0.4,99.9,0.02,0.012,0.4074,4.5801,0.0001,0.0001,0.0001,0.0
1550,MSEOnly_1.3_e500_phys0.3,legacy80,2.5,2.49,,0.9595,1.428,0.2884,0.0,4.35,1.63,98.0,0.23,0.0255,0.4064,4.2148,0.0001,0.0001,0.0001,0.0
1550,MSEOnly_1.3_e500_phys0.3,transient,1.19,1.4,6.8,0.9814,0.855,0.3455,0.0,4.9,1.18,99.65,0.11,0.016,0.4328,4.7289,0.0001,0.0001,0.0001,0.0
1550,MSEOnly_1.3_e500_phys0.3,persistent,1.19,1.46,,0.9775,0.964,0.3053,0.0,0.65,0.18,99.86,0.16,0.0423,0.4149,4.5736,0.0001,0.0001,0.0001,0.0
1600,MSEOnly_1.3_e500_phys0.3,clean,0.64,0.99,49.9,0.988,0.643,0.2312,0.0,0.59,0.21,99.97,0.0,0.0,0.4017,4.5086,0.0001,0.0001042,0.0001,0.0
1600,MSEOnly_1.3_e500_phys0.3,legacy80,2.02,2.33,,0.9842,0.798,0.2798,0.0,3.19,0.92,97.25,0.16,0.1572,0.3958,4.1612,0.0001,0.0001042,0.0001,0.0
1600,MSEOnly_1.3_e500_phys0.3,transient,0.99,1.27,29.69,0.9872,0.654,0.3398,0.0,4.65,0.93,99.43,0.12,0.0171,0.4281,4.7019,0.0001,0.0001042,0.0001,0.0
1600,MSEOnly_1.3_e500_phys0.3,persistent,0.99,1.31,,0.9848,0.743,0.3015,0.0,1.06,0.58,99.41,0.29,0.1166,0.4115,4.572,0.0001,0.0001042,0.0001,0.0
1650,MSEOnly_1.3_e500_phys0.3,clean,0.58,0.96,56.24,0.9897,0.578,0.2291,0.0,0.04,0.04,99.99,0.0,0.0,0.401,4.565,0.0001,0.0001006,0.0001,0.0
1650,MSEOnly_1.3_e500_phys0.3,legacy80,1.87,2.24,,0.9899,0.617,0.2747,0.0,2.94,0.54,97.85,0.15,0.2893,0.3917,4.1526,0.0001,0.0001006,0.0001,0.0
1650,MSEOnly_1.3_e500_phys0.3,transient,0.92,1.23,33.91,0.9892,0.588,0.338,0.0,3.44,0.75,99.54,0.1,0.0186,0.4272,4.7257,0.0001,0.0001006,0.0001,0.0
1650,MSEOnly_1.3_e500_phys0.3,persistent,0.9,1.25,,0.9879,0.643,0.2982,0.0,1.08,0.39,99.51,0.29,0.2889,0.4094,4.5828,0.0001,0.0001006,0.0001,0.0
1700,MSEOnly_1.3_e500_phys0.3,clean,0.65,0.99,48.7,0.988,0.649,0.2292,0.0,0.13,0.1,99.98,0.0,0.0,0.4003,4.5492,0.0001,0.00010059999999999999,0.0001,0.0
1700,MSEOnly_1.3_e500_phys0.3,legacy80,1.84,2.19,,0.9886,0.687,0.2749,0.0,2.5,0.67,97.93,0.17,0.0884,0.3892,4.1382,0.0001,0.00010059999999999999,0.0001,0.0
1700,MSEOnly_1.3_e500_phys0.3,transient,1.0,1.27,28.92,0.9868,0.668,0.3394,0.0,4.12,0.87,99.61,0.12,0.0175,0.4274,4.7404,0.0001,0.00010059999999999999,0.0001,0.0
1700,MSEOnly_1.3_e500_phys0.3,persistent,0.98,1.3,,0.9839,0.754,0.2992,0.0,0.74,0.3,99.55,0.25,0.2335,0.4084,4.5388,0.0001,0.00010059999999999999,0.0001,0.0
1750,MSEOnly_1.3_e500_phys0.3,clean,0.63,0.99,47.91,0.9879,0.633,0.2312,0.0,0.36,0.15,99.54,0.04,0.003,0.4024,4.5793,0.0001,0.0001,0.0001,0.0
1750,MSEOnly_1.3_e500_phys0.3,legacy80,1.76,2.18,,0.9908,0.593,0.2727,0.0,3.87,1.0,96.9,0.17,0.0875,0.3893,4.1284,0.0001,0.0001,0.0001,0.0
1750,MSEOnly_1.3_e500_phys0.3,transient,0.97,1.26,29.29,0.9878,0.629,0.3413,0.0,4.46,0.97,99.35,0.15,0.0129,0.4283,4.7236,0.0001,0.0001,0.0001,0.0
1750,MSEOnly_1.3_e500_phys0.3,persistent,0.89,1.26,,0.9876,0.648,0.2984,0.0,0.97,0.52,99.36,0.31,0.2823,0.4099,4.5995,0.0001,0.0001,0.0001,0.0
1800,MSEOnly_1.3_e500_phys0.3,clean,0.77,1.02,39.97,0.9835,0.771,0.235,0.0,0.18,0.08,99.95,0.03,0.0047,0.4058,4.5613,0.0001,0.0001006,0.0001,0.0
1800,MSEOnly_1.3_e500_phys0.3,legacy80,1.81,2.19,,0.9893,0.657,0.2767,0.0,2.26,1.1,99.15,0.17,0.0791,0.3934,4.1955,0.0001,0.0001006,0.0001,0.0
1800,MSEOnly_1.3_e500_phys0.3,transient,1.09,1.29,22.68,0.9838,0.752,0.3452,0.0,5.17,1.07,99.46,0.12,0.0125,0.4319,4.7252,0.0001,0.0001006,0.0001,0.0
1800,MSEOnly_1.3_e500_phys0.3,persistent,0.99,1.29,,0.9844,0.744,0.3012,0.0,1.05,0.47,99.54,0.14,0.2278,0.4118,4.5975,0.0001,0.0001006,0.0001,0.0
1850,MSEOnly_1.3_e500_phys0.3,clean,0.61,0.96,53.52,0.9886,0.606,0.231,0.0,0.26,0.13,99.95,0.09,0.0135,0.4024,4.5382,0.0001,0.0001018,0.0001,0.0
1850,MSEOnly_1.3_e500_phys0.3,legacy80,1.8,2.16,,0.9895,0.644,0.2738,0.0,3.63,1.4,98.43,0.14,0.0896,0.3911,4.1767,0.0001,0.0001018,0.0001,0.0
1850,MSEOnly_1.3_e500_phys0.3,transient,0.94,1.23,32.23,0.9883,0.609,0.3413,0.0,4.36,0.96,99.62,0.15,0.0122,0.429,4.7396,0.0001,0.0001018,0.0001,0.0
1850,MSEOnly_1.3_e500_phys0.3,persistent,0.9,1.24,,0.9874,0.66,0.299,0.0,0.82,0.72,99.87,0.31,0.1263,0.4101,4.5774,0.0001,0.0001018,0.0001,0.0
1900,MSEOnly_1.3_e500_phys0.3,clean,0.6,0.95,52.28,0.989,0.597,0.2299,0.0,0.27,0.27,99.99,0.02,0.0086,0.4017,4.5677,0.0001,0.0001,0.0001,0.0
1900,MSEOnly_1.3_e500_phys0.3,legacy80,1.76,2.11,,0.99,0.638,0.2739,0.0,2.37,1.07,99.14,0.14,0.0446,0.3907,4.2183,0.0001,0.0001,0.0001,0.0
1900,MSEOnly_1.3_e500_phys0.3,transient,0.93,1.21,31.87,0.9886,0.601,0.3408,0.0,3.68,0.89,99.63,0.11,0.0145,0.4279,4.7272,0.0001,0.0001,0.0001,0.0
1900,MSEOnly_1.3_e500_phys0.3,persistent,0.88,1.22,,0.9877,0.649,0.2972,0.0,1.29,0.46,99.67,0.19,0.0682,0.4086,4.5728,0.0001,0.0001,0.0001,0.0
1950,MSEOnly_1.3_e500_phys0.3,clean,0.7,0.99,46.76,0.987,0.696,0.2305,0.0,0.0,0.0,100.0,0.01,0.0018,0.4019,4.5623,0.0001,0.0001,0.0001,0.0
1950,MSEOnly_1.3_e500_phys0.3,legacy80,1.96,2.23,,0.985,0.795,0.2768,0.0,3.1,1.31,98.52,0.15,0.076,0.3927,4.1869,0.0001,0.0001,0.0001,0.0
1950,MSEOnly_1.3_e500_phys0.3,transient,1.04,1.25,25.94,0.9862,0.705,0.3427,0.0,2.76,0.95,99.72,0.08,0.0154,0.4304,4.7226,0.0001,0.0001,0.0001,0.0
1950,MSEOnly_1.3_e500_phys0.3,persistent,1.01,1.27,,0.9841,0.789,0.3008,0.0,1.01,0.42,99.69,0.28,0.2564,0.412,4.5914,0.0001,0.0001,0.0001,0.0
2000,MSEOnly_1.3_e500_phys0.3,clean,0.62,1.0,51.98,0.9885,0.624,0.2339,0.0,0.03,0.02,99.98,0.0,0.0,0.4048,4.5479,0.0001,0.00010059999999999999,0.0001,0.0
2000,MSEOnly_1.3_e500_phys0.3,legacy80,1.81,2.18,,0.9883,0.697,0.2758,0.0,3.01,1.28,98.73,0.15,0.0313,0.3916,4.2275,0.0001,0.00010059999999999999,0.0001,0.0
2000,MSEOnly_1.3_e500_phys0.3,transient,0.97,1.26,30.63,0.9882,0.624,0.3464,0.0,3.05,0.52,99.68,0.12,0.0307,0.4343,4.789,0.0001,0.00010059999999999999,0.0001,0.0
2000,MSEOnly_1.3_e500_phys0.3,persistent,0.9,1.27,,0.9872,0.664,0.301,0.0,1.64,0.5,99.23,0.4,0.2706,0.4114,4.5762,0.0001,0.00010059999999999999,0.0001,0.0
2050,MSEOnly_1.3_e500_phys0.3,clean,0.56,0.93,57.31,0.9895,0.558,0.2281,0.0,0.08,0.06,99.97,0.0,0.0,0.3999,4.554,0.0001,0.0001006,0.0001,0.0
2050,MSEOnly_1.3_e500_phys0.3,legacy80,1.69,2.1,,0.9912,0.565,0.2717,0.0,2.47,1.08,99.08,0.15,0.0637,0.3893,4.1918,0.0001,0.0001006,0.0001,0.0
2050,MSEOnly_1.3_e500_phys0.3,transient,0.89,1.18,35.71,0.9893,0.56,0.3395,0.0,4.59,0.62,99.55,0.05,0.0179,0.4259,4.7204,0.0001,0.0001006,0.0001,0.0
2050,MSEOnly_1.3_e500_phys0.3,persistent,0.82,1.19,,0.9891,0.585,0.2953,0.0,0.33,0.12,99.59,0.07,0.065,0.4068,4.5685,0.0001,0.0001006,0.0001,0.0
2100,MSEOnly_1.3_e500_phys0.3,clean,0.65,1.01,39.37,0.9875,0.654,0.2281,0.0,0.62,0.16,99.61,0.0,0.0,0.399,4.5502,0.0001,0.0001,0.0001,0.0
2100,MSEOnly_1.3_e500_phys0.3,legacy80,1.68,2.13,,0.9904,0.601,0.2728,0.0,4.26,1.35,97.37,0.14,0.1838,0.3888,4.2053,0.0001,0.0001,0.0001,0.0
2100,MSEOnly_1.3_e500_phys0.3,transient,0.96,1.26,24.74,0.9877,0.638,0.3388,0.0,2.48,0.53,99.35,0.05,0.0168,0.4251,4.6927,0.0001,0.0001,0.0001,0.0
2100,MSEOnly_1.3_e500_phys0.3,persistent,0.88,1.24,,0.9878,0.642,0.2952,0.0,1.02,0.51,99.29,0.31,0.1983,0.4065,4.5982,0.0001,0.0001,0.0001,0.0
2150,MSEOnly_1.3_e500_phys0.3,clean,0.65,0.97,51.75,0.9868,0.655,0.2276,0.0,0.2,0.09,99.92,0.0,0.0,0.3985,4.6237,0.0001,0.00010120000000000001,0.0001,0.0
2150,MSEOnly_1.3_e500_phys0.3,legacy80,1.7,2.08,,0.9899,0.602,0.2724,0.0,3.28,1.08,97.82,0.14,0.1245,0.3877,4.2619,0.0001,0.00010120000000000001,0.0001,0.0
2150,MSEOnly_1.3_e500_phys0.3,transient,0.97,1.22,32.12,0.9868,0.646,0.3374,0.0,3.65,0.43,99.35,0.07,0.0124,0.4234,4.7524,0.0001,0.00010120000000000001,0.0001,0.0
2150,MSEOnly_1.3_e500_phys0.3,persistent,0.9,1.21,,0.9862,0.685,0.2948,0.0,1.03,0.35,99.26,0.26,0.2679,0.4054,4.644,0.0001,0.00010120000000000001,0.0001,0.0
2200,MSEOnly_1.3_e500_phys0.3,clean,0.54,0.92,59.13,0.9904,0.541,0.2258,0.0,0.64,0.24,99.97,0.0,0.0,0.3976,4.5522,0.0001,9.800000000000001e-05,0.0001,0.0
2200,MSEOnly_1.3_e500_phys0.3,legacy80,1.66,2.06,,0.9914,0.544,0.2709,0.0,1.78,0.72,99.07,0.14,0.109,0.3865,4.1795,0.0001,9.800000000000001e-05,0.0001,0.0
2200,MSEOnly_1.3_e500_phys0.3,transient,0.87,1.17,37.79,0.9902,0.544,0.3359,0.0,2.35,0.42,99.49,0.05,0.0158,0.4225,4.7114,0.0001,9.800000000000001e-05,0.0001,0.0
2200,MSEOnly_1.3_e500_phys0.3,persistent,0.82,1.17,,0.9892,0.592,0.2933,0.0,0.84,0.26,99.35,0.29,0.3549,0.4045,4.5707,0.0001,9.800000000000001e-05,0.0001,0.0
2250,MSEOnly_1.3_e500_phys0.3,clean,0.7,1.01,43.63,0.9867,0.704,0.2309,0.0,0.0,0.0,100.0,0.09,0.0132,0.4018,4.5895,0.0001,9.46e-05,0.0001,0.0
2250,MSEOnly_1.3_e500_phys0.3,legacy80,1.8,2.14,,0.9872,0.752,0.276,0.0,3.04,1.02,97.96,0.13,0.1416,0.3901,4.2297,0.0001,9.46e-05,0.0001,0.0
2250,MSEOnly_1.3_e500_phys0.3,transient,1.0,1.25,26.98,0.9867,0.69,0.3411,0.0,2.8,0.62,99.63,0.14,0.0171,0.4263,4.7334,0.0001,9.46e-05,0.0001,0.0
2250,MSEOnly_1.3_e500_phys0.3,persistent,0.93,1.24,,0.9865,0.709,0.2974,0.0,0.97,0.47,99.6,0.27,0.2462,0.408,4.6081,0.0001,9.46e-05,0.0001,0.0
2300,MSEOnly_1.3_e500_phys0.3,clean,0.56,0.93,58.32,0.9895,0.559,0.2298,0.0,0.13,0.13,99.99,0.0,0.0,0.4021,4.5679,0.0001,9.6e-05,0.0001,0.0
2300,MSEOnly_1.3_e500_phys0.3,legacy80,1.72,2.11,,0.9899,0.605,0.2743,0.0,2.91,1.01,97.81,0.15,0.1519,0.3905,4.1784,0.0001,9.6e-05,0.0001,0.0
2300,MSEOnly_1.3_e500_phys0.3,transient,0.88,1.18,37.43,0.9894,0.561,0.3387,0.0,2.36,0.51,99.51,0.04,0.022,0.4255,4.7172,0.0001,9.6e-05,0.0001,0.0
2300,MSEOnly_1.3_e500_phys0.3,persistent,0.85,1.19,,0.9881,0.623,0.2968,0.0,0.94,0.39,99.62,0.29,0.3706,0.4086,4.5761,0.0001,9.6e-05,0.0001,0.0
2350,MSEOnly_1.3_e500_phys0.3,clean,0.54,0.92,59.36,0.9901,0.538,0.2288,0.0,0.03,0.03,99.99,0.0,0.0,0.4013,4.5533,0.0001,0.0001,0.0001,0.0
2350,MSEOnly_1.3_e500_phys0.3,legacy80,1.63,2.06,,0.9923,0.528,0.2716,0.0,2.22,0.84,98.69,0.16,0.0728,0.3886,4.2018,0.0001,0.0001,0.0001,0.0
2350,MSEOnly_1.3_e500_phys0.3,transient,0.85,1.16,38.44,0.9902,0.532,0.3383,0.0,2.37,0.62,99.49,0.04,0.0205,0.4258,4.7439,0.0001,0.0001,0.0001,0.0
2350,MSEOnly_1.3_e500_phys0.3,persistent,0.79,1.15,,0.9898,0.561,0.2955,0.0,0.89,0.35,99.47,0.31,0.3471,0.4079,4.578,0.0001,0.0001,0.0001,0.0
2400,MSEOnly_1.3_e500_phys0.3,clean,0.67,0.99,46.49,0.9863,0.671,0.2265,0.0,0.42,0.24,99.93,0.0,0.0,0.398,4.6005,0.0001,9.8e-05,0.0001,0.0
2400,MSEOnly_1.3_e500_phys0.3,legacy80,1.62,2.09,,0.991,0.565,0.2711,0.0,2.31,1.03,99.3,0.12,0.0774,0.3881,4.212,0.0001,9.8e-05,0.0001,0.0
2400,MSEOnly_1.3_e500_phys0.3,transient,0.97,1.23,29.91,0.9865,0.662,0.3366,0.0,3.71,0.61,99.55,0.07,0.0115,0.4227,4.7346,0.0001,9.8e-05,0.0001,0.0
2400,MSEOnly_1.3_e500_phys0.3,persistent,0.92,1.24,,0.9854,0.702,0.2957,0.0,1.5,0.5,99.38,0.22,0.3182,0.4068,4.6098,0.0001,9.8e-05,0.0001,0.0
2450,MSEOnly_1.3_e500_phys0.3,clean,0.57,0.93,58.85,0.9888,0.571,0.227,0.0,0.0,0.0,100.0,0.0,0.0,0.3988,4.6062,0.0001,9.800000000000001e-05,0.0001,0.0
2450,MSEOnly_1.3_e500_phys0.3,legacy80,1.61,2.03,,0.9923,0.522,0.2706,0.0,2.35,1.15,98.99,0.15,0.0481,0.3868,4.2063,0.0001,9.800000000000001e-05,0.0001,0.0
2450,MSEOnly_1.3_e500_phys0.3,transient,0.88,1.17,37.88,0.9891,0.565,0.3375,0.0,2.14,0.37,99.63,0.07,0.0127,0.4238,4.7483,0.0001,9.800000000000001e-05,0.0001,0.0
2450,MSEOnly_1.3_e500_phys0.3,persistent,0.82,1.17,,0.9887,0.594,0.2931,0.0,0.55,0.23,99.8,0.27,0.0605,0.4048,4.6163,0.0001,9.800000000000001e-05,0.0001,0.0
2500,MSEOnly_1.3_e500_phys0.3,clean,0.68,1.01,50.85,0.9868,0.682,0.2275,0.0,0.99,0.23,99.5,0.01,0.0006,0.3992,4.5661,0.0001,9.06e-05,0.0001,0.0
2500,MSEOnly_1.3_e500_phys0.3,legacy80,1.73,2.13,,0.9893,0.63,0.2718,0.0,1.07,0.51,99.41,0.1,0.0626,0.3882,4.1749,0.0001,9.06e-05,0.0001,0.0
2500,MSEOnly_1.3_e500_phys0.3,transient,0.99,1.25,30.97,0.9871,0.666,0.3373,0.0,3.19,0.69,99.28,0.05,0.0117,0.4232,4.7006,0.0001,9.06e-05,0.0001,0.0
2500,MSEOnly_1.3_e500_phys0.3,persistent,0.92,1.25,,0.9866,0.691,0.2955,0.0,1.13,0.47,99.35,0.31,0.3662,0.4072,4.6037,0.0001,9.06e-05,0.0001,0.0
2550,MSEOnly_1.3_e500_phys0.3,clean,0.53,0.91,60.75,0.9904,0.527,0.2247,0.0,0.05,0.05,99.99,0.0,0.0,0.397,4.5474,0.0,7.72e-05,0.0,0.0
2550,MSEOnly_1.3_e500_phys0.3,legacy80,1.62,2.05,,0.9926,0.494,0.2692,0.0,3.37,1.26,97.7,0.15,0.2357,0.3859,4.1959,0.0,7.72e-05,0.0,0.0
2550,MSEOnly_1.3_e500_phys0.3,transient,0.84,1.15,39.12,0.9904,0.525,0.3354,0.0,2.49,0.27,99.58,0.07,0.0141,0.422,4.724,0.0,7.72e-05,0.0,0.0
2550,MSEOnly_1.3_e500_phys0.3,persistent,0.78,1.15,,0.9897,0.561,0.2916,0.0,0.68,0.22,99.68,0.31,0.3738,0.4035,4.585,0.0,7.72e-05,0.0,0.0
2600,MSEOnly_1.3_e500_phys0.3,clean,0.52,0.92,62.29,0.9908,0.516,0.2267,0.0,0.8,0.4,99.96,0.09,0.0162,0.3985,4.5391,0.0001,7.860000000000001e-05,0.0001,0.0
2600,MSEOnly_1.3_e500_phys0.3,legacy80,1.67,2.08,,0.9911,0.588,0.2703,0.0,3.49,1.34,97.86,0.15,0.1718,0.3856,4.1935,0.0001,7.860000000000001e-05,0.0001,0.0
2600,MSEOnly_1.3_e500_phys0.3,transient,0.83,1.16,40.09,0.9908,0.52,0.3355,0.0,2.97,0.53,99.54,0.19,0.0181,0.4217,4.7031,0.0001,7.860000000000001e-05,0.0001,0.0
2600,MSEOnly_1.3_e500_phys0.3,persistent,0.81,1.17,,0.9895,0.577,0.294,0.0,1.53,0.7,99.4,0.31,0.2567,0.4055,4.5896,0.0001,7.860000000000001e-05,0.0001,0.0
2650,MSEOnly_1.3_e500_phys0.3,clean,0.73,1.0,50.85,0.9855,0.732,0.2285,0.0,0.0,0.0,100.0,0.0,0.0,0.3993,4.6162,0.0001,8.800000000000001e-05,0.0001,0.0
2650,MSEOnly_1.3_e500_phys0.3,legacy80,1.78,2.14,,0.9867,0.736,0.2713,0.0,2.36,0.92,99.36,0.1,0.0532,0.387,4.2275,0.0001,8.800000000000001e-05,0.0001,0.0
2650,MSEOnly_1.3_e500_phys0.3,transient,1.01,1.24,32.34,0.9863,0.7,0.3385,0.0,3.1,0.59,99.65,0.04,0.012,0.4237,4.7162,0.0001,8.800000000000001e-05,0.0001,0.0
2650,MSEOnly_1.3_e500_phys0.3,persistent,0.95,1.24,,0.9852,0.732,0.2941,0.0,0.7,0.47,99.77,0.24,0.1292,0.4051,4.6142,0.0001,8.800000000000001e-05,0.0001,0.0
2700,MSEOnly_1.3_e500_phys0.3,clean,0.55,0.92,59.98,0.9899,0.547,0.2266,0.0,0.0,0.0,100.0,0.0,0.0,0.399,4.5655,0.0001,7.000000000000001e-05,0.0001,0.0
2700,MSEOnly_1.3_e500_phys0.3,legacy80,1.59,2.01,,0.9925,0.517,0.2708,0.0,2.42,0.91,98.1,0.16,0.0521,0.3874,4.189,0.0001,7.000000000000001e-05,0.0001,0.0
2700,MSEOnly_1.3_e500_phys0.3,transient,0.85,1.16,39.23,0.9901,0.542,0.3371,0.0,2.3,0.71,99.89,0.07,0.0164,0.4234,4.7286,0.0001,7.000000000000001e-05,0.0001,0.0
2700,MSEOnly_1.3_e500_phys0.3,persistent,0.8,1.15,,0.9895,0.578,0.2932,0.0,0.82,0.56,99.72,0.23,0.2629,0.4054,4.6024,0.0001,7.000000000000001e-05,0.0001,0.0
2750,MSEOnly_1.3_e500_phys0.3,clean,0.78,1.11,38.56,0.983,0.781,0.2314,0.0,0.15,0.08,99.83,0.0,0.0,0.4022,4.6308,0.00013000000000000002,5.66e-05,0.0001,0.0001
2750,MSEOnly_1.3_e500_phys0.3,legacy80,1.68,2.15,,0.9893,0.664,0.2716,0.0,2.96,1.1,99.12,0.12,0.0938,0.3872,4.1883,0.00013000000000000002,5.66e-05,0.0001,0.0001
2750,MSEOnly_1.3_e500_phys0.3,transient,1.07,1.33,22.96,0.9841,0.745,0.3415,0.0,3.6,0.65,99.31,0.04,0.0078,0.4246,4.7393,0.00013000000000000002,5.66e-05,0.0001,0.0001
2750,MSEOnly_1.3_e500_phys0.3,persistent,1.0,1.35,,0.9835,0.781,0.2952,0.0,1.28,0.42,99.02,0.15,0.0597,0.4064,4.6104,0.00013000000000000002,5.66e-05,0.0001,0.0001
2800,MSEOnly_1.3_e500_phys0.3,clean,0.53,0.92,61.68,0.9901,0.534,0.2281,0.0,0.0,0.0,100.0,0.0,0.0,0.4001,4.5651,0.0001,5.26e-05,0.0001,0.0
2800,MSEOnly_1.3_e500_phys0.3,legacy80,1.58,2.03,,0.9924,0.508,0.2707,0.0,1.77,0.76,99.39,0.13,0.1137,0.3875,4.275,0.0001,5.26e-05,0.0001,0.0
2800,MSEOnly_1.3_e500_phys0.3,transient,0.84,1.16,39.2,0.9901,0.535,0.3371,0.0,3.19,0.96,99.56,0.07,0.0174,0.4227,4.7008,0.0001,5.26e-05,0.0001,0.0
2800,MSEOnly_1.3_e500_phys0.3,persistent,0.8,1.16,,0.9893,0.578,0.2949,0.0,1.13,0.48,99.54,0.31,0.3255,0.4065,4.5973,0.0001,5.26e-05,0.0001,0.0
2850,MSEOnly_1.3_e500_phys0.3,clean,0.55,0.92,58.03,0.9898,0.548,0.2275,0.0,0.25,0.25,99.99,0.0,0.0,0.4003,4.573,0.0001,6.06e-05,0.0001,0.0
2850,MSEOnly_1.3_e500_phys0.3,legacy80,1.63,2.04,,0.991,0.584,0.2723,0.0,2.01,0.82,98.93,0.12,0.0863,0.3892,4.1946,0.0001,6.06e-05,0.0001,0.0
2850,MSEOnly_1.3_e500_phys0.3,transient,0.84,1.15,38.01,0.9901,0.541,0.3386,0.0,2.54,0.43,99.68,0.04,0.0109,0.4239,4.7013,0.0001,6.06e-05,0.0001,0.0
2850,MSEOnly_1.3_e500_phys0.3,persistent,0.8,1.15,,0.9895,0.574,0.2936,0.0,1.1,0.43,99.62,0.16,0.0504,0.406,4.6094,0.0001,6.06e-05,0.0001,0.0
2900,MSEOnly_1.3_e500_phys0.3,clean,0.53,0.91,58.64,0.9901,0.531,0.2251,0.0,0.09,0.09,99.99,0.0,0.0,0.3975,4.5525,0.0,5.000000000000001e-05,0.0,0.0
2900,MSEOnly_1.3_e500_phys0.3,legacy80,1.63,2.04,,0.9922,0.523,0.2684,0.0,3.16,1.21,98.18,0.15,0.1688,0.3856,4.2063,0.0,5.000000000000001e-05,0.0,0.0
2900,MSEOnly_1.3_e500_phys0.3,transient,0.84,1.14,37.65,0.9902,0.53,0.3357,0.0,2.93,1.01,99.86,0.05,0.0092,0.4214,4.682,0.0,5.000000000000001e-05,0.0,0.0
2900,MSEOnly_1.3_e500_phys0.3,persistent,0.79,1.14,,0.9894,0.578,0.2925,0.0,0.78,0.44,99.75,0.26,0.3349,0.4045,4.5897,0.0,5.000000000000001e-05,0.0,0.0
2950,MSEOnly_1.3_e500_phys0.3,clean,0.54,0.92,59.81,0.9896,0.537,0.2267,0.0,0.0,0.0,100.0,0.0,0.0,0.3988,4.5502,0.0001,4.4000000000000006e-05,0.0001,0.0
2950,MSEOnly_1.3_e500_phys0.3,legacy80,1.58,2.04,,0.9922,0.497,0.27,0.0,2.74,1.03,98.12,0.14,0.1482,0.3864,4.1673,0.0001,4.4000000000000006e-05,0.0001,0.0
2950,MSEOnly_1.3_e500_phys0.3,transient,0.83,1.15,39.41,0.99,0.527,0.3369,0.0,1.34,0.27,99.83,0.04,0.0096,0.4222,4.719,0.0001,4.4000000000000006e-05,0.0001,0.0
2950,MSEOnly_1.3_e500_phys0.3,persistent,0.78,1.14,,0.9895,0.563,0.2924,0.0,0.81,0.46,99.76,0.29,0.1495,0.4045,4.5938,0.0001,4.4000000000000006e-05,0.0001,0.0
3000,MSEOnly_1.3_e500_phys0.3,clean,0.51,0.9,61.34,0.9903,0.508,0.2265,0.0,0.44,0.44,99.99,0.0,0.0,0.399,4.558,0.0,3.6e-05,0.0,0.0
3000,MSEOnly_1.3_e500_phys0.3,legacy80,1.55,2.01,,0.9923,0.507,0.2714,0.0,2.0,0.71,99.08,0.11,0.0764,0.3864,4.1996,0.0,3.6e-05,0.0,0.0
3000,MSEOnly_1.3_e500_phys0.3,transient,0.81,1.14,39.5,0.9905,0.507,0.3361,0.0,2.38,0.63,99.56,0.07,0.0163,0.4214,4.7091,0.0,3.6e-05,0.0,0.0
3000,MSEOnly_1.3_e500_phys0.3,persistent,0.75,1.13,,0.9901,0.536,0.2926,0.0,1.07,0.35,99.53,0.14,0.0925,0.4048,4.6,0.0,3.6e-05,0.0,0.0
20,tfmL_d256h8L4f1024_phys0.3,clean,2.46,3.05,0.0,0.8867,2.463,0.2792,0.0,1.46,0.83,99.93,0.22,0.0753,0.4016,4.12,0.0009,0.002335,0.0009,0.0
20,tfmL_d256h8L4f1024_phys0.3,legacy80,4.41,5.11,,0.8963,2.348,0.356,0.0,5.25,1.32,87.14,32.21,0.4848,0.4618,5.1963,0.0009,0.002335,0.0009,0.0
20,tfmL_d256h8L4f1024_phys0.3,transient,2.9,3.39,0.0,0.8915,2.326,0.3984,0.0,5.76,1.49,95.64,5.36,0.1013,0.4717,4.7469,0.0009,0.002335,0.0009,0.0
20,tfmL_d256h8L4f1024_phys0.3,persistent,3.18,3.85,,0.889,2.388,0.3513,0.0,5.79,1.68,85.96,18.54,0.3319,0.4208,4.4429,0.0009,0.002335,0.0009,0.0
40,tfmL_d256h8L4f1024_phys0.3,clean,1.53,2.12,2.37,0.9478,1.528,0.2455,0.0,0.58,0.28,99.95,0.27,0.0393,0.3914,4.3494,0.0005,0.0014725,0.0005,0.0
40,tfmL_d256h8L4f1024_phys0.3,legacy80,3.14,4.02,,0.9469,1.551,0.2827,0.0,4.94,1.41,98.82,1.57,0.078,0.3843,4.0165,0.0005,0.0014725,0.0005,0.0
40,tfmL_d256h8L4f1024_phys0.3,transient,2.04,2.51,1.14,0.9499,1.448,0.377,0.0,5.72,1.41,94.41,6.57,0.0989,0.4709,5.1342,0.0005,0.0014725,0.0005,0.0
40,tfmL_d256h8L4f1024_phys0.3,persistent,2.21,2.82,,0.9432,1.594,0.3216,0.0,5.92,1.35,92.28,6.48,0.1866,0.4079,4.598,0.0005,0.0014725,0.0005,0.0
60,tfmL_d256h8L4f1024_phys0.3,clean,3.29,3.05,0.0,0.8503,3.292,0.3343,0.0,6.98,1.17,97.37,2.55,0.0915,0.47,8.1008,0.000772,0.0006543440000000001,0.0007,0.0012
60,tfmL_d256h8L4f1024_phys0.3,legacy80,4.28,4.77,,0.8701,2.893,0.3473,0.0,5.49,1.25,95.74,4.93,0.1122,0.4465,6.5025,0.000772,0.0006543440000000001,0.0007,0.0012
60,tfmL_d256h8L4f1024_phys0.3,transient,3.67,3.41,0.0,0.8594,3.097,0.4493,0.0,6.94,1.5,94.06,6.38,0.112,0.5329,8.7674,0.000772,0.0006543440000000001,0.0007,0.0012
60,tfmL_d256h8L4f1024_phys0.3,persistent,3.85,3.8,,0.8462,3.363,0.4148,0.0,6.19,1.5,92.63,5.58,0.1109,0.4928,8.4732,0.000772,0.0006543440000000001,0.0007,0.0012
80,tfmL_d256h8L4f1024_phys0.3,clean,4.33,3.35,0.0,0.7938,4.333,0.3139,0.0,3.43,1.47,99.93,0.09,0.1705,0.4507,7.1183,0.000826,0.000605224,0.0007,0.0007
80,tfmL_d256h8L4f1024_phys0.3,legacy80,4.92,4.84,,0.8105,3.922,0.3225,0.0,4.2,1.1,91.29,0.92,0.0597,0.4085,5.672,0.000826,0.000605224,0.0007,0.0007
80,tfmL_d256h8L4f1024_phys0.3,transient,4.57,3.66,0.0,0.8112,4.006,0.4184,0.0,5.58,1.46,98.47,1.58,0.0771,0.4936,7.887,0.000826,0.000605224,0.0007,0.0007
80,tfmL_d256h8L4f1024_phys0.3,persistent,4.32,3.83,,0.8201,3.842,0.3754,0.0,3.6,1.43,97.91,0.34,0.0547,0.4543,6.2493,0.000826,0.000605224,0.0007,0.0007
100,tfmL_d256h8L4f1024_phys0.3,clean,3.91,3.03,0.0,0.8071,3.911,0.2759,0.0,1.52,1.14,99.83,0.07,0.0181,0.4106,5.3022,0.0007199999999999999,0.000736812,0.0006,0.0004
100,tfmL_d256h8L4f1024_phys0.3,legacy80,4.96,4.55,,0.8095,3.784,0.2945,0.0,5.03,1.51,97.35,0.44,0.0196,0.3846,5.1412,0.0007199999999999999,0.000736812,0.0006,0.0004
100,tfmL_d256h8L4f1024_phys0.3,transient,4.18,3.33,0.0,0.8247,3.586,0.3783,0.0,4.66,1.32,97.92,2.18,0.0595,0.4612,5.7265,0.0007199999999999999,0.000736812,0.0006,0.0004
100,tfmL_d256h8L4f1024_phys0.3,persistent,4.13,3.55,,0.8197,3.67,0.3518,0.0,5.16,1.09,97.36,0.54,0.0663,0.4315,5.6374,0.0007199999999999999,0.000736812,0.0006,0.0004
120,tfmL_d256h8L4f1024_phys0.3,clean,3.03,2.54,0.0,0.8581,3.032,0.249,0.0,0.0,0.0,100.0,0.01,0.0032,0.3856,4.2342,0.00049,0.000775328,0.0004,0.0003
120,tfmL_d256h8L4f1024_phys0.3,legacy80,4.13,3.86,,0.8752,2.704,0.2812,0.0,5.74,1.43,92.27,4.22,0.1007,0.3748,3.9962,0.00049,0.000775328,0.0004,0.0003
120,tfmL_d256h8L4f1024_phys0.3,transient,3.34,2.85,0.0,0.8726,2.761,0.3556,0.0,5.45,1.37,98.13,1.71,0.0826,0.4346,4.6152,0.00049,0.000775328,0.0004,0.0003
120,tfmL_d256h8L4f1024_phys0.3,persistent,3.21,3.01,,0.874,2.715,0.3187,0.0,4.01,1.31,98.81,0.82,0.2129,0.3973,4.3994,0.00049,0.000775328,0.0004,0.0003
140,tfmL_d256h8L4f1024_phys0.3,clean,2.66,2.22,0.0,0.8836,2.663,0.2583,0.0,1.15,0.7,99.98,0.0,0.0,0.4016,4.8122,0.00049,0.00067776,0.0004,0.0003
140,tfmL_d256h8L4f1024_phys0.3,legacy80,3.27,3.31,,0.9356,1.81,0.2673,0.0,5.94,1.6,94.0,1.3,0.053,0.3673,4.0035,0.00049,0.00067776,0.0004,0.0003
140,tfmL_d256h8L4f1024_phys0.3,transient,2.97,2.54,0.0,0.8953,2.424,0.3602,0.0,5.66,1.55,97.81,1.8,0.0556,0.4433,5.1079,0.00049,0.00067776,0.0004,0.0003
140,tfmL_d256h8L4f1024_phys0.3,persistent,2.83,2.69,,0.8926,2.406,0.3234,0.0,2.94,0.71,98.45,0.52,0.108,0.4081,4.7311,0.00049,0.00067776,0.0004,0.0003
160,tfmL_d256h8L4f1024_phys0.3,clean,2.94,2.43,0.0,0.8633,2.945,0.2689,0.0,1.07,0.46,99.96,0.07,0.0517,0.4079,4.8176,0.00049,0.0005564,0.0004,0.0003
160,tfmL_d256h8L4f1024_phys0.3,legacy80,3.87,3.91,,0.8726,2.706,0.2873,0.0,4.55,1.34,96.92,0.8,0.0501,0.3731,4.0639,0.00049,0.0005564,0.0004,0.0003
160,tfmL_d256h8L4f1024_phys0.3,transient,3.25,2.75,0.0,0.8752,2.699,0.3741,0.0,4.5,1.45,98.31,1.92,0.0629,0.4523,5.2202,0.00049,0.0005564,0.0004,0.0003
160,tfmL_d256h8L4f1024_phys0.3,persistent,3.21,2.91,,0.8681,2.779,0.3391,0.0,2.52,0.64,99.58,0.66,0.1208,0.4172,4.8802,0.00049,0.0005564,0.0004,0.0003
180,tfmL_d256h8L4f1024_phys0.3,clean,3.27,2.57,0.0,0.8433,3.272,0.2621,0.0,0.4,0.4,99.99,0.01,0.0118,0.3997,4.675,0.00049,0.000471,0.0004,0.0003
180,tfmL_d256h8L4f1024_phys0.3,legacy80,3.76,3.45,,0.9011,2.325,0.2719,0.0,6.18,1.94,89.26,3.87,0.0724,0.3713,3.957,0.00049,0.000471,0.0004,0.0003
180,tfmL_d256h8L4f1024_phys0.3,transient,3.53,2.86,0.0,0.8587,2.978,0.363,0.0,3.6,1.19,98.8,1.06,0.0565,0.4389,4.9779,0.00049,0.000471,0.0004,0.0003
180,tfmL_d256h8L4f1024_phys0.3,persistent,3.29,2.85,,0.8693,2.812,0.3315,0.0,3.8,1.28,99.26,0.52,0.0782,0.413,4.7818,0.00049,0.000471,0.0004,0.0003
200,tfmL_d256h8L4f1024_phys0.3,clean,3.35,2.46,0.0,0.8405,3.346,0.2688,0.0,3.73,1.94,99.97,0.04,0.0467,0.4102,4.8932,0.00049,0.00044779999999999993,0.0004,0.0003
200,tfmL_d256h8L4f1024_phys0.3,legacy80,3.6,3.35,,0.907,2.321,0.2719,0.0,6.37,2.37,96.24,0.14,0.0115,0.3715,4.0338,0.00049,0.00044779999999999993,0.0004,0.0003
200,tfmL_d256h8L4f1024_phys0.3,transient,3.58,2.75,0.0,0.859,3.014,0.371,0.0,4.37,1.36,98.99,0.85,0.0548,0.4482,5.1741,0.00049,0.00044779999999999993,0.0004,0.0003
200,tfmL_d256h8L4f1024_phys0.3,persistent,3.26,2.73,,0.8757,2.769,0.3397,0.0,6.18,1.43,99.65,0.47,0.2149,0.4226,5.0174,0.00049,0.00044779999999999993,0.0004,0.0003
220,tfmL_d256h8L4f1024_phys0.3,clean,2.76,2.15,0.0,0.8794,2.76,0.2685,0.0,0.3,0.3,99.99,0.0,0.0,0.4072,5.0122,0.00035999999999999997,0.000416,0.0003,0.0002
220,tfmL_d256h8L4f1024_phys0.3,legacy80,3.06,3.14,,0.9491,1.574,0.2693,0.0,6.2,1.96,92.04,1.71,0.0473,0.3704,4.0775,0.00035999999999999997,0.000416,0.0003,0.0002
220,tfmL_d256h8L4f1024_phys0.3,transient,3.04,2.44,0.0,0.8942,2.484,0.3747,0.0,5.08,1.83,98.49,1.19,0.068,0.4484,5.3406,0.00035999999999999997,0.000416,0.0003,0.0002
220,tfmL_d256h8L4f1024_phys0.3,persistent,2.64,2.36,,0.9107,2.181,0.3303,0.0,5.31,1.24,98.13,0.27,0.1123,0.4156,4.958,0.00035999999999999997,0.000416,0.0003,0.0002
240,tfmL_d256h8L4f1024_phys0.3,clean,2.76,2.57,0.01,0.873,2.759,0.265,0.0,2.67,0.58,98.99,0.08,0.0637,0.3872,4.3627,0.00049,0.00040659999999999996,0.0004,0.0003
240,tfmL_d256h8L4f1024_phys0.3,legacy80,3.02,3.29,,0.9369,1.77,0.2735,0.0,3.71,1.32,98.88,0.1,0.0332,0.3686,3.9581,0.00049,0.00040659999999999996,0.0004,0.0003
240,tfmL_d256h8L4f1024_phys0.3,transient,3.05,2.83,0.0,0.887,2.493,0.3697,0.0,6.1,1.75,97.56,1.32,0.0546,0.4268,4.7249,0.00049,0.00040659999999999996,0.0004,0.0003
240,tfmL_d256h8L4f1024_phys0.3,persistent,2.78,2.73,,0.8962,2.337,0.3332,0.0,5.37,1.17,98.88,0.51,0.1593,0.4056,4.5701,0.00049,0.00040659999999999996,0.0004,0.0003
260,tfmL_d256h8L4f1024_phys0.3,clean,2.09,1.78,0.0,0.9214,2.095,0.2503,0.0,3.21,1.48,99.96,0.05,0.0175,0.4012,4.567,0.00035999999999999997,0.00038139999999999995,0.0003,0.0002
260,tfmL_d256h8L4f1024_phys0.3,legacy80,2.95,3.09,,0.956,1.501,0.2663,0.0,6.1,1.92,93.8,1.11,0.0355,0.372,4.0264,0.00035999999999999997,0.00038139999999999995,0.0003,0.0002
260,tfmL_d256h8L4f1024_phys0.3,transient,2.46,2.12,0.0,0.9298,1.911,0.3641,0.0,4.97,1.41,98.06,1.05,0.0636,0.4505,4.9084,0.00035999999999999997,0.00038139999999999995,0.0003,0.0002
260,tfmL_d256h8L4f1024_phys0.3,persistent,2.22,2.09,,0.9375,1.763,0.3216,0.0,5.85,1.38,98.7,0.53,0.1084,0.4162,4.7366,0.00035999999999999997,0.00038139999999999995,0.0003,0.0002
280,tfmL_d256h8L4f1024_phys0.3,clean,2.02,1.73,0.03,0.9249,2.016,0.2521,0.0,1.57,0.89,99.98,0.05,0.0218,0.4025,4.746,0.00026000000000000003,0.0003412,0.0002,0.0002
280,tfmL_d256h8L4f1024_phys0.3,legacy80,2.76,2.96,,0.9667,1.209,0.2633,0.0,4.65,1.4,94.73,0.64,0.0239,0.3666,4.0018,0.00026000000000000003,0.0003412,0.0002,0.0002
280,tfmL_d256h8L4f1024_phys0.3,transient,2.4,2.08,0.02,0.9317,1.858,0.3548,0.0,5.47,1.29,97.77,1.03,0.0539,0.4392,5.0273,0.00026000000000000003,0.0003412,0.0002,0.0002
280,tfmL_d256h8L4f1024_phys0.3,persistent,2.19,2.07,,0.9375,1.74,0.3203,0.0,3.66,1.2,98.82,0.35,0.0705,0.4142,4.8209,0.00026000000000000003,0.0003412,0.0002,0.0002
300,tfmL_d256h8L4f1024_phys0.3,clean,1.74,1.64,0.03,0.9395,1.744,0.2439,0.0,3.44,2.8,99.98,0.05,0.104,0.3971,4.5778,0.00038999999999999994,0.0003098,0.0003,0.0003
300,tfmL_d256h8L4f1024_phys0.3,legacy80,2.85,3.02,,0.965,1.307,0.2645,0.0,4.38,1.42,93.86,0.95,0.0324,0.3669,3.9831,0.00038999999999999994,0.0003098,0.0003,0.0003
300,tfmL_d256h8L4f1024_phys0.3,transient,2.17,2.0,0.02,0.9448,1.621,0.3502,0.0,5.11,1.44,98.44,1.54,0.0504,0.4387,4.8898,0.00038999999999999994,0.0003098,0.0003,0.0003
300,tfmL_d256h8L4f1024_phys0.3,persistent,2.05,2.01,,0.9468,1.58,0.3174,0.0,6.17,1.16,99.04,0.58,0.1159,0.4119,4.7736,0.00038999999999999994,0.0003098,0.0003,0.0003
320,tfmL_d256h8L4f1024_phys0.3,clean,2.6,1.94,0.0,0.8925,2.603,0.2709,0.0,1.7,1.15,99.98,0.01,0.0207,0.4212,5.3811,0.00023,0.0003018,0.0002,0.0001
320,tfmL_d256h8L4f1024_phys0.3,legacy80,2.83,2.94,,0.9598,1.443,0.2673,0.0,5.36,1.82,96.7,0.1,0.0159,0.3717,3.9853,0.00023,0.0003018,0.0002,0.0001
320,tfmL_d256h8L4f1024_phys0.3,transient,2.86,2.25,0.0,0.9074,2.313,0.3695,0.0,4.57,1.36,98.63,0.68,0.0428,0.4527,5.5502,0.00023,0.0003018,0.0002,0.0001
320,tfmL_d256h8L4f1024_phys0.3,persistent,2.4,2.12,,0.929,1.918,0.3276,0.0,4.45,1.29,99.05,0.19,0.0541,0.4211,4.9532,0.00023,0.0003018,0.0002,0.0001
340,tfmL_d256h8L4f1024_phys0.3,clean,1.88,1.71,0.0,0.9331,1.875,0.248,0.0,0.24,0.24,99.99,0.04,0.1114,0.3969,4.6224,0.00026000000000000003,0.0002858,0.0002,0.0002
340,tfmL_d256h8L4f1024_phys0.3,legacy80,3.16,3.16,,0.9288,1.783,0.2641,0.0,6.07,1.96,94.68,0.4,0.0476,0.3646,3.9004,0.00026000000000000003,0.0002858,0.0002,0.0002
340,tfmL_d256h8L4f1024_phys0.3,transient,2.25,2.06,0.02,0.9411,1.686,0.3506,0.0,4.22,1.19,98.45,0.9,0.0403,0.4327,4.9221,0.00026000000000000003,0.0002858,0.0002,0.0002
340,tfmL_d256h8L4f1024_phys0.3,persistent,2.11,2.04,,0.9421,1.64,0.3214,0.0,6.2,1.28,98.83,0.45,0.0884,0.4141,4.748,0.00026000000000000003,0.0002858,0.0002,0.0002
360,tfmL_d256h8L4f1024_phys0.3,clean,1.75,1.61,0.02,0.9416,1.746,0.2451,0.0,0.3,0.3,99.99,0.03,0.012,0.3977,4.5709,0.00026000000000000003,0.00026700000000000004,0.0002,0.0002
360,tfmL_d256h8L4f1024_phys0.3,legacy80,2.58,2.8,,0.975,1.035,0.2601,0.0,3.53,1.09,96.98,0.19,0.0112,0.365,4.0017,0.00026000000000000003,0.00026700000000000004,0.0002,0.0002
360,tfmL_d256h8L4f1024_phys0.3,transient,2.15,1.97,0.02,0.948,1.579,0.3489,0.0,4.41,1.0,97.59,0.96,0.0385,0.4344,4.86,0.00026000000000000003,0.00026700000000000004,0.0002,0.0002
360,tfmL_d256h8L4f1024_phys0.3,persistent,1.97,1.95,,0.9497,1.505,0.3196,0.0,6.02,0.91,97.92,0.36,0.0597,0.4146,4.753,0.00026000000000000003,0.00026700000000000004,0.0002,0.0002
380,tfmL_d256h8L4f1024_phys0.3,clean,1.83,1.62,0.07,0.9359,1.833,0.2551,0.0,1.63,0.88,99.98,0.0,0.0,0.4114,4.8152,0.00026000000000000003,0.00025979999999999997,0.0002,0.0002
380,tfmL_d256h8L4f1024_phys0.3,legacy80,2.62,2.87,,0.9717,1.125,0.2646,0.0,5.09,1.6,96.06,0.29,0.0119,0.3698,3.9975,0.00026000000000000003,0.00025979999999999997,0.0002,0.0002
380,tfmL_d256h8L4f1024_phys0.3,transient,2.22,1.98,0.07,0.9436,1.655,0.357,0.0,4.07,1.16,98.12,0.74,0.0418,0.4459,5.1147,0.00026000000000000003,0.00025979999999999997,0.0002,0.0002
380,tfmL_d256h8L4f1024_phys0.3,persistent,2.01,1.96,,0.9482,1.54,0.3256,0.0,6.04,0.98,98.63,0.41,0.1104,0.4245,4.8261,0.00026000000000000003,0.00025979999999999997,0.0002,0.0002
400,tfmL_d256h8L4f1024_phys0.3,clean,1.67,1.59,0.08,0.9449,1.666,0.2463,0.0,0.92,0.51,98.97,0.0,0.0,0.4024,4.512,0.00023,0.0002524,0.0002,0.0001
400,tfmL_d256h8L4f1024_phys0.3,legacy80,2.58,2.85,,0.9744,1.042,0.2605,0.0,3.55,1.23,97.83,0.03,0.0039,0.3649,3.9525,0.00023,0.0002524,0.0002,0.0001
400,tfmL_d256h8L4f1024_phys0.3,transient,2.07,1.95,0.08,0.9516,1.498,0.3504,0.0,4.26,1.15,97.61,0.78,0.0445,0.4378,4.8388,0.00023,0.0002524,0.0002,0.0001
400,tfmL_d256h8L4f1024_phys0.3,persistent,1.87,1.9,,0.9543,1.411,0.3174,0.0,4.06,1.21,98.47,0.37,0.1191,0.4159,4.7402,0.00023,0.0002524,0.0002,0.0001
420,tfmL_d256h8L4f1024_phys0.3,clean,1.57,1.51,0.1,0.95,1.569,0.2495,0.0,2.43,0.29,99.87,0.0,0.0,0.4076,4.6318,0.00023,0.00024700000000000004,0.0002,0.0001
420,tfmL_d256h8L4f1024_phys0.3,legacy80,2.5,2.83,,0.9783,0.966,0.2612,0.0,3.85,1.32,96.61,0.14,0.0079,0.3672,3.9631,0.00023,0.00024700000000000004,0.0002,0.0001
420,tfmL_d256h8L4f1024_phys0.3,transient,2.01,1.88,0.1,0.9547,1.443,0.3566,0.0,4.22,1.32,98.04,0.86,0.0364,0.4443,4.892,0.00023,0.00024700000000000004,0.0002,0.0001
420,tfmL_d256h8L4f1024_phys0.3,persistent,1.81,1.83,,0.9579,1.36,0.3234,0.0,5.39,0.85,98.47,0.41,0.1248,0.4228,4.8534,0.00023,0.00024700000000000004,0.0002,0.0001
440,tfmL_d256h8L4f1024_phys0.3,clean,1.68,1.56,0.5,0.9452,1.676,0.2469,0.0,0.0,0.0,100.0,0.0,0.0,0.4043,4.6322,0.00026000000000000003,0.00024380000000000002,0.0002,0.0002
440,tfmL_d256h8L4f1024_phys0.3,legacy80,2.72,2.89,,0.9708,1.171,0.2645,0.0,3.65,1.17,97.59,0.26,0.0172,0.3692,3.988,0.00026000000000000003,0.00024380000000000002,0.0002,0.0002
440,tfmL_d256h8L4f1024_phys0.3,transient,2.09,1.92,0.26,0.9504,1.529,0.3518,0.0,4.41,0.99,97.09,0.85,0.0508,0.44,4.9391,0.00026000000000000003,0.00024380000000000002,0.0002,0.0002
440,tfmL_d256h8L4f1024_phys0.3,persistent,1.84,1.86,,0.9559,1.397,0.3145,0.0,3.66,0.83,98.83,0.33,0.0867,0.4126,4.7219,0.00026000000000000003,0.00024380000000000002,0.0002,0.0002
460,tfmL_d256h8L4f1024_phys0.3,clean,1.54,1.51,0.87,0.9518,1.539,0.2495,0.0,0.0,0.0,100.0,0.0,0.0,0.4068,4.5222,0.00023,0.00024500000000000005,0.0002,0.0001
460,tfmL_d256h8L4f1024_phys0.3,legacy80,2.54,2.79,,0.9762,0.997,0.2594,0.0,3.64,1.2,97.86,0.08,0.0088,0.3635,3.9596,0.00023,0.00024500000000000005,0.0002,0.0001
460,tfmL_d256h8L4f1024_phys0.3,transient,1.96,1.88,0.48,0.9564,1.402,0.3532,0.0,4.26,1.04,97.42,0.84,0.0366,0.4406,4.8687,0.00023,0.00024500000000000005,0.0002,0.0001
460,tfmL_d256h8L4f1024_phys0.3,persistent,1.76,1.83,,0.9603,1.299,0.3195,0.0,3.53,1.38,99.42,0.35,0.0751,0.4178,4.6879,0.00023,0.00024500000000000005,0.0002,0.0001
480,tfmL_d256h8L4f1024_phys0.3,clean,1.55,1.48,0.74,0.9516,1.546,0.2484,0.0,0.0,0.0,100.0,0.02,0.0083,0.4072,4.5405,0.00023,0.000242,0.0002,0.0001
480,tfmL_d256h8L4f1024_phys0.3,legacy80,2.36,2.66,,0.9822,0.858,0.26,0.0,3.9,1.26,98.19,0.09,0.0048,0.3661,3.9636,0.00023,0.000242,0.0002,0.0001
480,tfmL_d256h8L4f1024_phys0.3,transient,1.97,1.86,0.58,0.9568,1.394,0.3519,0.0,4.47,0.83,97.77,0.84,0.0331,0.4423,4.9074,0.00023,0.000242,0.0002,0.0001
480,tfmL_d256h8L4f1024_phys0.3,persistent,1.76,1.8,,0.9603,1.291,0.3176,0.0,3.63,0.96,99.14,0.37,0.0672,0.4172,4.7511,0.00023,0.000242,0.0002,0.0001
500,tfmL_d256h8L4f1024_phys0.3,clean,1.61,1.53,0.14,0.9486,1.61,0.2531,0.0,0.0,0.0,100.0,0.0,0.0,0.4136,4.5235,0.00026000000000000003,0.00023960000000000002,0.0002,0.0002
500,tfmL_d256h8L4f1024_phys0.3,legacy80,2.4,2.67,,0.9803,0.952,0.2624,0.0,4.29,1.11,98.08,0.03,0.012,0.3706,4.0045,0.00026000000000000003,0.00023960000000000002,0.0002,0.0002
500,tfmL_d256h8L4f1024_phys0.3,transient,2.04,1.91,0.13,0.9541,1.464,0.3602,0.0,4.16,1.29,98.51,0.68,0.0345,0.4502,4.872,0.00026000000000000003,0.00023960000000000002,0.0002,0.0002
500,tfmL_d256h8L4f1024_phys0.3,persistent,1.85,1.84,,0.956,1.413,0.3233,0.0,4.3,1.17,99.03,0.27,0.0697,0.4248,4.7983,0.00026000000000000003,0.00023960000000000002,0.0002,0.0002
50,tfmL_d256h8L4f1024_phys0.3,clean,1.35,1.89,2.12,0.9595,1.354,0.2403,0.0,2.0,1.16,99.81,0.21,0.0507,0.3919,4.3437,0.0004,0.00126,0.0004,0.0
50,tfmL_d256h8L4f1024_phys0.3,legacy80,2.91,3.86,,0.959,1.362,0.2789,0.0,4.63,1.35,98.74,1.59,0.0773,0.3808,4.0475,0.0004,0.00126,0.0004,0.0
50,tfmL_d256h8L4f1024_phys0.3,transient,1.87,2.3,0.7,0.961,1.286,0.3762,0.0,4.43,1.38,94.72,6.5,0.1049,0.4742,5.2126,0.0004,0.00126,0.0004,0.0
50,tfmL_d256h8L4f1024_phys0.3,persistent,1.96,2.58,,0.9551,1.416,0.3159,0.0,4.12,1.24,94.93,3.19,0.149,0.4063,4.6074,0.0004,0.00126,0.0004,0.0
150,tfmL_d256h8L4f1024_phys0.3,clean,2.34,2.1,0.0,0.9012,2.344,0.2461,0.0,3.15,2.51,99.98,0.02,0.035,0.3912,4.5407,0.00049,0.0006038,0.0004,0.0003
150,tfmL_d256h8L4f1024_phys0.3,legacy80,3.14,3.32,,0.9461,1.628,0.2672,0.0,4.66,1.36,93.93,1.53,0.0468,0.3686,4.0137,0.00049,0.0006038,0.0004,0.0003
150,tfmL_d256h8L4f1024_phys0.3,transient,2.68,2.42,0.0,0.9114,2.142,0.3527,0.0,4.37,1.25,98.06,1.51,0.0556,0.4359,4.8983,0.00049,0.0006038,0.0004,0.0003
150,tfmL_d256h8L4f1024_phys0.3,persistent,2.57,2.48,,0.9154,2.087,0.3188,0.0,4.59,1.31,98.99,0.77,0.137,0.4071,4.6701,0.00049,0.0006038,0.0004,0.0003
250,tfmL_d256h8L4f1024_phys0.3,clean,2.0,1.87,0.0,0.9225,2.004,0.2407,0.0,2.79,2.55,99.98,0.0,0.0,0.3875,4.451,0.00035999999999999997,0.00039759999999999996,0.0003,0.0002
250,tfmL_d256h8L4f1024_phys0.3,legacy80,4.27,3.67,,0.8722,2.921,0.3053,0.0,6.35,1.97,89.46,2.9,0.0571,0.4054,5.3516,0.00035999999999999997,0.00039759999999999996,0.0003,0.0002
250,tfmL_d256h8L4f1024_phys0.3,transient,2.38,2.19,0.01,0.9312,1.827,0.35,0.0,5.09,1.84,98.0,1.49,0.0528,0.4334,4.8065,0.00035999999999999997,0.00039759999999999996,0.0003,0.0002
250,tfmL_d256h8L4f1024_phys0.3,persistent,2.38,2.24,,0.9249,1.95,0.3175,0.0,3.85,1.11,98.4,0.75,0.1769,0.4072,4.8014,0.00035999999999999997,0.00039759999999999996,0.0003,0.0002
350,tfmL_d256h8L4f1024_phys0.3,clean,1.83,1.61,0.01,0.9375,1.831,0.2472,0.0,2.04,1.24,99.98,0.05,0.0682,0.404,4.6788,0.00023,0.00027420000000000005,0.0002,0.0001
350,tfmL_d256h8L4f1024_phys0.3,legacy80,2.76,2.96,,0.9676,1.159,0.2565,0.0,3.76,1.18,96.51,0.32,0.0274,0.3644,3.9586,0.00023,0.00027420000000000005,0.0002,0.0001
350,tfmL_d256h8L4f1024_phys0.3,transient,2.21,1.97,0.02,0.9457,1.632,0.3512,0.0,4.67,1.0,97.35,1.06,0.042,0.4417,5.004,0.00023,0.00027420000000000005,0.0002,0.0001
350,tfmL_d256h8L4f1024_phys0.3,persistent,1.98,1.95,,0.9504,1.506,0.3205,0.0,6.26,1.21,98.79,0.53,0.0838,0.4188,4.837,0.00023,0.00027420000000000005,0.0002,0.0001
450,tfmL_d256h8L4f1024_phys0.3,clean,1.65,1.52,0.11,0.9465,1.652,0.2501,0.0,1.03,1.03,99.99,0.0,0.0,0.4084,4.7028,0.00023,0.0002432,0.0002,0.0001
450,tfmL_d256h8L4f1024_phys0.3,legacy80,2.53,2.81,,0.9744,1.078,0.265,0.0,3.68,1.1,98.29,0.04,0.0472,0.3682,3.9551,0.00023,0.0002432,0.0002,0.0001
450,tfmL_d256h8L4f1024_phys0.3,transient,2.07,1.9,0.05,0.9516,1.511,0.3546,0.0,4.29,1.07,97.28,0.9,0.0395,0.4432,4.9345,0.00023,0.0002432,0.0002,0.0001
450,tfmL_d256h8L4f1024_phys0.3,persistent,1.82,1.84,,0.9587,1.352,0.319,0.0,3.49,1.58,99.34,0.25,0.062,0.4182,4.7314,0.00023,0.0002432,0.0002,0.0001
550,tfmL_d256h8L4f1024_phys0.3,clean,2.47,2.11,0.0,0.8963,2.47,0.3175,0.0,0.0,0.0,100.0,0.0,0.0,0.4657,4.6143,0.00035999999999999997,0.0002638,0.0003,0.0002
550,tfmL_d256h8L4f1024_phys0.3,legacy80,3.97,3.69,,0.8778,2.57,0.296,0.0,4.98,1.64,94.32,0.46,0.0196,0.3886,3.9909,0.00035999999999999997,0.0002638,0.0003,0.0002
550,tfmL_d256h8L4f1024_phys0.3,transient,2.77,2.42,0.01,0.9057,2.272,0.4154,0.0,4.58,1.34,98.63,0.77,0.0464,0.493,4.9474,0.00035999999999999997,0.0002638,0.0003,0.0002
550,tfmL_d256h8L4f1024_phys0.3,persistent,2.61,2.43,,0.9046,2.268,0.3489,0.0,1.47,0.8,99.6,0.14,0.2564,0.438,4.5828,0.00035999999999999997,0.0002638,0.0003,0.0002
600,tfmL_d256h8L4f1024_phys0.3,clean,1.98,1.73,0.0,0.9283,1.977,0.2708,0.0,0.0,0.0,100.0,0.0,0.0,0.4269,4.4711,0.00026000000000000003,0.00023540000000000003,0.0002,0.0002
600,tfmL_d256h8L4f1024_phys0.3,legacy80,3.97,3.5,,0.9027,2.452,0.2884,0.0,4.09,1.13,96.21,1.83,0.0545,0.393,4.2819,0.00026000000000000003,0.00023540000000000003,0.0002,0.0002
600,tfmL_d256h8L4f1024_phys0.3,transient,2.44,2.14,0.0,0.9304,1.893,0.381,0.0,3.97,1.21,98.89,0.92,0.0457,0.4647,4.8584,0.00026000000000000003,0.00023540000000000003,0.0002,0.0002
600,tfmL_d256h8L4f1024_phys0.3,persistent,2.43,2.22,,0.9223,2.026,0.3364,0.0,3.34,1.73,99.3,0.02,0.02,0.4308,4.6881,0.00026000000000000003,0.00023540000000000003,0.0002,0.0002
650,tfmL_d256h8L4f1024_phys0.3,clean,2.26,1.81,0.0,0.9111,2.265,0.2864,0.0,0.0,0.0,100.0,0.0,0.0,0.4432,5.1203,0.00023,0.000235,0.0002,0.0001
650,tfmL_d256h8L4f1024_phys0.3,legacy80,3.27,2.98,,0.9305,1.98,0.2971,0.0,5.97,1.33,98.17,0.12,0.0629,0.4032,4.2666,0.00023,0.000235,0.0002,0.0001
650,tfmL_d256h8L4f1024_phys0.3,transient,2.63,2.14,0.0,0.9139,2.179,0.3917,0.0,5.78,1.76,98.52,0.41,0.0264,0.475,5.3806,0.00023,0.000235,0.0002,0.0001
650,tfmL_d256h8L4f1024_phys0.3,persistent,2.48,2.14,,0.913,2.2,0.3401,0.0,2.53,1.02,97.69,0.33,0.0606,0.4391,5.0533,0.00023,0.000235,0.0002,0.0001
700,tfmL_d256h8L4f1024_phys0.3,clean,1.37,1.43,0.97,0.9592,1.368,0.272,0.0,1.52,1.29,99.98,0.07,0.1219,0.4322,4.5376,0.00023,0.00019380000000000002,0.0002,0.0001
700,tfmL_d256h8L4f1024_phys0.3,legacy80,2.8,2.97,,0.9583,1.465,0.2855,0.0,3.45,0.66,98.81,0.1,0.0102,0.3914,4.1195,0.00023,0.00019380000000000002,0.0002,0.0001
700,tfmL_d256h8L4f1024_phys0.3,transient,1.77,1.77,0.81,0.9605,1.313,0.3846,0.0,4.94,1.28,98.03,0.34,0.0332,0.4694,4.8276,0.00023,0.00019380000000000002,0.0002,0.0001
700,tfmL_d256h8L4f1024_phys0.3,persistent,1.75,1.89,,0.9537,1.432,0.3242,0.0,4.12,1.88,95.09,0.17,0.051,0.4228,4.5676,0.00023,0.00019380000000000002,0.0002,0.0001
750,tfmL_d256h8L4f1024_phys0.3,clean,1.2,1.28,4.35,0.9681,1.203,0.2679,0.0,0.9,0.33,99.46,0.02,0.0045,0.4318,4.5256,0.00013000000000000002,0.0001554,0.0001,0.0001
750,tfmL_d256h8L4f1024_phys0.3,legacy80,2.31,2.57,,0.9777,0.953,0.2837,0.0,4.77,1.28,99.61,0.03,0.0137,0.3943,4.0999,0.00013000000000000002,0.0001554,0.0001,0.0001
750,tfmL_d256h8L4f1024_phys0.3,transient,1.62,1.63,2.05,0.9676,1.173,0.3802,0.0,3.76,0.92,98.69,0.25,0.0187,0.4681,4.8721,0.00013000000000000002,0.0001554,0.0001,0.0001
750,tfmL_d256h8L4f1024_phys0.3,persistent,1.5,1.67,,0.9689,1.146,0.3223,0.0,3.51,1.38,98.61,0.08,0.0303,0.4257,4.5404,0.00013000000000000002,0.0001554,0.0001,0.0001
800,tfmL_d256h8L4f1024_phys0.3,clean,1.69,1.77,0.0,0.9423,1.688,0.2797,0.0,0.0,0.0,100.0,0.0,0.0,0.4318,4.5188,0.00013000000000000002,0.00013500000000000003,0.0001,0.0001
800,tfmL_d256h8L4f1024_phys0.3,legacy80,2.63,2.87,,0.9693,1.195,0.2775,0.0,4.88,1.54,99.43,0.0,0.0,0.3855,4.096,0.00013000000000000002,0.00013500000000000003,0.0001,0.0001
800,tfmL_d256h8L4f1024_phys0.3,transient,2.0,2.03,0.04,0.9461,1.592,0.3877,0.0,2.72,0.85,99.27,0.21,0.0206,0.4643,4.8808,0.00013000000000000002,0.00013500000000000003,0.0001,0.0001
800,tfmL_d256h8L4f1024_phys0.3,persistent,1.91,2.03,,0.9464,1.588,0.3274,0.0,2.16,0.61,99.41,0.14,0.4843,0.4231,4.5743,0.00013000000000000002,0.00013500000000000003,0.0001,0.0001
850,tfmL_d256h8L4f1024_phys0.3,clean,1.52,1.46,0.69,0.953,1.524,0.2642,0.0,0.0,0.0,100.0,0.0,0.0,0.4245,4.5041,0.00023,0.0001352,0.0002,0.0001
850,tfmL_d256h8L4f1024_phys0.3,legacy80,2.83,2.98,,0.9542,1.515,0.2916,0.0,5.8,2.42,96.79,0.46,0.0527,0.4008,4.0836,0.00023,0.0001352,0.0002,0.0001
850,tfmL_d256h8L4f1024_phys0.3,transient,1.9,1.81,0.49,0.9524,1.48,0.378,0.0,4.64,1.09,98.39,0.26,0.0195,0.4648,4.8058,0.00023,0.0001352,0.0002,0.0001
850,tfmL_d256h8L4f1024_phys0.3,persistent,1.85,1.88,,0.947,1.573,0.3351,0.0,2.1,0.93,99.04,0.19,0.3611,0.4367,4.5373,0.00023,0.0001352,0.0002,0.0001
900,tfmL_d256h8L4f1024_phys0.3,clean,0.95,1.14,18.65,0.9778,0.95,0.2431,0.0,0.46,0.17,98.97,0.0,0.0,0.4114,4.5647,0.0001,0.0001188,0.0001,0.0
900,tfmL_d256h8L4f1024_phys0.3,legacy80,2.31,2.49,,0.976,1.056,0.2838,0.0,5.16,1.7,97.07,0.21,0.1201,0.3971,4.2817,0.0001,0.0001188,0.0001,0.0
900,tfmL_d256h8L4f1024_phys0.3,transient,1.36,1.46,9.77,0.976,0.965,0.3583,0.0,4.76,0.98,98.92,0.1,0.0193,0.4476,4.8053,0.0001,0.0001188,0.0001,0.0
900,tfmL_d256h8L4f1024_phys0.3,persistent,1.35,1.51,,0.9727,1.068,0.31,0.0,1.39,0.51,98.8,0.29,0.0541,0.417,4.5777,0.0001,0.0001188,0.0001,0.0
950,tfmL_d256h8L4f1024_phys0.3,clean,0.88,1.11,23.47,0.9799,0.885,0.2339,0.0,0.0,0.0,100.0,0.0,0.0,0.4019,4.5383,0.0001,0.00011760000000000001,0.0001,0.0
950,tfmL_d256h8L4f1024_phys0.3,legacy80,1.93,2.3,,0.9877,0.725,0.2732,0.0,1.42,0.26,99.35,0.13,0.0345,0.3856,4.0874,0.0001,0.00011760000000000001,0.0001,0.0
950,tfmL_d256h8L4f1024_phys0.3,transient,1.29,1.43,14.07,0.9791,0.881,0.345,0.0,4.81,1.63,99.69,0.15,0.0201,0.4352,4.7399,0.0001,0.00011760000000000001,0.0001,0.0
950,tfmL_d256h8L4f1024_phys0.3,persistent,1.22,1.45,,0.9778,0.93,0.3009,0.0,1.49,0.53,99.48,0.21,0.0571,0.4079,4.5573,0.0001,0.00011760000000000001,0.0001,0.0
1000,tfmL_d256h8L4f1024_phys0.3,clean,1.26,1.28,4.4,0.9657,1.257,0.2544,0.0,0.0,0.0,100.0,0.02,0.0122,0.4195,4.6383,0.0001,0.0001076,0.0001,0.0
1000,tfmL_d256h8L4f1024_phys0.3,legacy80,2.59,2.82,,0.9533,1.402,0.2899,0.0,2.93,1.16,99.74,0.22,0.0418,0.3937,4.0504,0.0001,0.0001076,0.0001,0.0
1000,tfmL_d256h8L4f1024_phys0.3,transient,1.6,1.58,2.68,0.9667,1.198,0.3627,0.0,3.77,1.13,99.35,0.16,0.0155,0.4493,4.8567,0.0001,0.0001076,0.0001,0.0
1000,tfmL_d256h8L4f1024_phys0.3,persistent,1.52,1.64,,0.9651,1.217,0.3149,0.0,2.37,0.74,99.26,0.99,0.5404,0.4186,4.5995,0.0001,0.0001076,0.0001,0.0
1050,tfmL_d256h8L4f1024_phys0.3,clean,0.84,1.1,33.31,0.9811,0.84,0.2322,0.0,0.0,0.0,100.0,0.0,0.0,0.3998,4.5222,0.0001,0.00010120000000000001,0.0001,0.0
1050,tfmL_d256h8L4f1024_phys0.3,legacy80,1.99,2.39,,0.983,0.785,0.2742,0.0,0.74,0.35,99.88,0.0,0.0,0.3824,4.1036,0.0001,0.00010120000000000001,0.0001,0.0
1050,tfmL_d256h8L4f1024_phys0.3,transient,1.18,1.38,19.96,0.9816,0.813,0.3443,0.0,5.78,1.23,99.71,0.08,0.0114,0.4297,4.7404,0.0001,0.00010120000000000001,0.0001,0.0
1050,tfmL_d256h8L4f1024_phys0.3,persistent,1.16,1.41,,0.9802,0.851,0.2988,0.0,1.68,0.72,99.08,0.34,0.103,0.4046,4.5211,0.0001,0.00010120000000000001,0.0001,0.0
1100,tfmL_d256h8L4f1024_phys0.3,clean,0.78,1.11,20.23,0.9824,0.776,0.2273,0.0,0.54,0.54,99.99,0.0,0.0,0.3959,4.5258,0.00013000000000000002,0.00010120000000000001,0.0001,0.0001
1100,tfmL_d256h8L4f1024_phys0.3,legacy80,2.45,2.79,,0.9609,1.096,0.2676,0.0,5.62,1.81,96.66,0.39,0.0852,0.3793,4.0392,0.00013000000000000002,0.00010120000000000001,0.0001,0.0001
1100,tfmL_d256h8L4f1024_phys0.3,transient,1.14,1.39,12.65,0.9814,0.781,0.3377,0.0,3.3,1.32,99.73,0.16,0.0132,0.4259,4.7573,0.00013000000000000002,0.00010120000000000001,0.0001,0.0001
1100,tfmL_d256h8L4f1024_phys0.3,persistent,1.15,1.45,,0.9773,0.863,0.2945,0.0,4.2,0.92,98.5,0.45,0.2104,0.401,4.5257,0.00013000000000000002,0.00010120000000000001,0.0001,0.0001
1150,tfmL_d256h8L4f1024_phys0.3,clean,0.73,1.04,44.38,0.985,0.732,0.2304,0.0,0.0,0.0,100.0,0.0,0.0,0.3987,4.5427,0.0001,0.00010240000000000001,0.0001,0.0
1150,tfmL_d256h8L4f1024_phys0.3,legacy80,1.98,2.36,,0.984,0.801,0.2766,0.0,1.43,0.62,99.66,0.14,0.086,0.3866,4.1096,0.0001,0.00010240000000000001,0.0001,0.0
1150,tfmL_d256h8L4f1024_phys0.3,transient,1.08,1.32,24.9,0.9848,0.722,0.3398,0.0,4.57,1.27,99.75,0.09,0.0188,0.4268,4.7377,0.0001,0.00010240000000000001,0.0001,0.0
1150,tfmL_d256h8L4f1024_phys0.3,persistent,1.07,1.36,,0.9829,0.785,0.2975,0.0,1.4,0.67,99.8,0.31,0.1914,0.4049,4.5566,0.0001,0.00010240000000000001,0.0001,0.0
1200,tfmL_d256h8L4f1024_phys0.3,clean,0.69,1.01,45.74,0.9862,0.693,0.2301,0.0,0.41,0.41,99.99,0.03,0.0086,0.4001,4.5426,0.0001,0.0001,0.0001,0.0
1200,tfmL_d256h8L4f1024_phys0.3,legacy80,1.82,2.2,,0.9905,0.6,0.2693,0.0,2.58,0.68,98.18,0.21,0.0851,0.3842,4.1351,0.0001,0.0001,0.0001,0.0
1200,tfmL_d256h8L4f1024_phys0.3,transient,1.06,1.28,25.62,0.9856,0.697,0.3415,0.0,5.98,1.54,99.74,0.14,0.0202,0.4294,4.7676,0.0001,0.0001,0.0001,0.0
1200,tfmL_d256h8L4f1024_phys0.3,persistent,0.99,1.28,,0.9853,0.725,0.2967,0.0,0.87,0.41,99.73,0.33,0.1347,0.4062,4.5575,0.0001,0.0001,0.0001,0.0
1250,tfmL_d256h8L4f1024_phys0.3,clean,0.77,1.03,37.95,0.9835,0.768,0.2397,0.0,0.0,0.0,100.0,0.02,0.0022,0.4079,4.6981,0.00013000000000000002,0.00010800000000000001,0.0001,0.0001
1250,tfmL_d256h8L4f1024_phys0.3,legacy80,1.84,2.2,,0.9867,0.733,0.2795,0.0,4.09,1.58,98.69,0.15,0.0697,0.3908,4.3025,0.00013000000000000002,0.00010800000000000001,0.0001,0.0001
1250,tfmL_d256h8L4f1024_phys0.3,transient,1.12,1.3,22.04,0.9831,0.764,0.3535,0.0,5.33,1.22,99.46,0.09,0.0167,0.439,4.956,0.00013000000000000002,0.00010800000000000001,0.0001,0.0001
1250,tfmL_d256h8L4f1024_phys0.3,persistent,1.09,1.32,,0.9814,0.829,0.3041,0.0,1.69,0.8,99.25,0.14,0.0714,0.4112,4.6727,0.00013000000000000002,0.00010800000000000001,0.0001,0.0001
1300,tfmL_d256h8L4f1024_phys0.3,clean,0.6,0.97,53.54,0.9883,0.605,0.2263,0.0,0.0,0.0,100.0,0.02,0.0019,0.3955,4.5085,0.0001,0.00010120000000000001,0.0001,0.0
1300,tfmL_d256h8L4f1024_phys0.3,legacy80,1.8,2.19,,0.989,0.648,0.2699,0.0,2.74,1.06,99.07,0.19,0.0411,0.3836,4.1571,0.0001,0.00010120000000000001,0.0001,0.0
1300,tfmL_d256h8L4f1024_phys0.3,transient,0.96,1.24,33.16,0.9876,0.616,0.34,0.0,4.91,0.92,99.69,0.1,0.0124,0.4263,4.7627,0.0001,0.00010120000000000001,0.0001,0.0
1300,tfmL_d256h8L4f1024_phys0.3,persistent,0.93,1.25,,0.9867,0.669,0.2922,0.0,1.76,0.7,99.31,0.24,0.0277,0.4006,4.5135,0.0001,0.00010120000000000001,0.0001,0.0
1350,tfmL_d256h8L4f1024_phys0.3,clean,0.6,0.98,50.95,0.9886,0.604,0.2257,0.0,1.03,1.03,99.99,0.0,0.0,0.396,4.5287,0.0001,0.000103,0.0001,0.0
1350,tfmL_d256h8L4f1024_phys0.3,legacy80,1.67,2.11,,0.9917,0.526,0.2684,0.0,3.73,0.96,97.76,0.14,0.1246,0.383,4.1469,0.0001,0.000103,0.0001,0.0
1350,tfmL_d256h8L4f1024_phys0.3,transient,0.95,1.24,31.92,0.988,0.611,0.3374,0.0,4.55,1.2,99.62,0.09,0.0161,0.4247,4.7353,0.0001,0.000103,0.0001,0.0
1350,tfmL_d256h8L4f1024_phys0.3,persistent,0.9,1.25,,0.9876,0.641,0.2924,0.0,1.31,0.58,99.76,0.37,0.0492,0.4017,4.5363,0.0001,0.000103,0.0001,0.0
1400,tfmL_d256h8L4f1024_phys0.3,clean,0.58,0.95,54.69,0.989,0.58,0.2241,0.0,0.06,0.06,99.99,0.1,0.061,0.3956,4.5427,0.0001,0.00010180000000000002,0.0001,0.0
1400,tfmL_d256h8L4f1024_phys0.3,legacy80,1.87,2.22,,0.9851,0.782,0.2769,0.0,3.28,1.22,98.17,0.17,0.0806,0.3882,4.1218,0.0001,0.00010180000000000002,0.0001,0.0
1400,tfmL_d256h8L4f1024_phys0.3,transient,0.95,1.22,32.39,0.9879,0.607,0.338,0.0,4.3,1.12,99.58,0.19,0.0228,0.4272,4.7156,0.0001,0.00010180000000000002,0.0001,0.0
1400,tfmL_d256h8L4f1024_phys0.3,persistent,0.96,1.24,,0.9852,0.715,0.2936,0.0,1.31,0.3,99.3,0.31,0.3944,0.4038,4.5686,0.0001,0.00010180000000000002,0.0001,0.0
1450,tfmL_d256h8L4f1024_phys0.3,clean,0.84,1.11,23.13,0.9818,0.839,0.2252,0.0,0.0,0.0,100.0,0.0,0.0,0.3937,4.4805,0.0001,0.00010120000000000001,0.0001,0.0
1450,tfmL_d256h8L4f1024_phys0.3,legacy80,1.97,2.32,,0.9833,0.799,0.2673,0.0,4.36,1.58,97.98,0.1,0.0586,0.3802,4.1155,0.0001,0.00010120000000000001,0.0001,0.0
1450,tfmL_d256h8L4f1024_phys0.3,transient,1.16,1.36,14.88,0.9823,0.806,0.3358,0.0,4.37,1.56,99.81,0.12,0.0219,0.4215,4.6951,0.0001,0.00010120000000000001,0.0001,0.0
1450,tfmL_d256h8L4f1024_phys0.3,persistent,1.11,1.39,,0.9812,0.842,0.2922,0.0,1.06,0.76,99.84,0.28,0.1521,0.4001,4.5122,0.0001,0.00010120000000000001,0.0001,0.0
1500,tfmL_d256h8L4f1024_phys0.3,clean,0.61,0.94,57.79,0.9881,0.605,0.227,0.0,0.0,0.0,100.0,0.11,0.019,0.3977,4.586,0.0001,0.0001,0.0001,0.0
1500,tfmL_d256h8L4f1024_phys0.3,legacy80,1.63,2.04,,0.9918,0.534,0.2684,0.0,2.75,1.09,99.17,0.14,0.0552,0.3828,4.1856,0.0001,0.0001,0.0001,0.0
1500,tfmL_d256h8L4f1024_phys0.3,transient,0.91,1.19,38.13,0.9885,0.587,0.3396,0.0,3.99,1.63,99.89,0.23,0.0193,0.4263,4.7708,0.0001,0.0001,0.0001,0.0
1500,tfmL_d256h8L4f1024_phys0.3,persistent,0.87,1.19,,0.9883,0.615,0.2925,0.0,0.38,0.18,99.46,0.34,0.119,0.4025,4.5967,0.0001,0.0001,0.0001,0.0
1550,tfmL_d256h8L4f1024_phys0.3,clean,0.54,0.93,60.66,0.9898,0.539,0.2235,0.0,0.89,0.52,99.96,0.02,0.0085,0.3944,4.5392,0.0001,9.12e-05,0.0001,0.0
1550,tfmL_d256h8L4f1024_phys0.3,legacy80,1.56,2.0,,0.9922,0.512,0.2688,0.0,2.44,1.13,99.93,0.13,0.0839,0.3823,4.1626,0.0001,9.12e-05,0.0001,0.0
1550,tfmL_d256h8L4f1024_phys0.3,transient,0.86,1.17,39.15,0.9897,0.54,0.3359,0.0,2.65,0.94,99.67,0.12,0.0102,0.423,4.725,0.0001,9.12e-05,0.0001,0.0
1550,tfmL_d256h8L4f1024_phys0.3,persistent,0.84,1.18,,0.989,0.59,0.2896,0.0,0.89,0.58,99.46,0.38,0.1837,0.3999,4.5652,0.0001,9.12e-05,0.0001,0.0
1600,tfmL_d256h8L4f1024_phys0.3,clean,0.57,0.94,59.25,0.9892,0.566,0.2243,0.0,0.0,0.0,100.0,0.08,0.0124,0.3954,4.5704,0.0001,9.6e-05,0.0001,0.0
1600,tfmL_d256h8L4f1024_phys0.3,legacy80,1.67,2.08,,0.9922,0.529,0.2673,0.0,2.39,0.98,98.91,0.19,0.0677,0.3826,4.1941,0.0001,9.6e-05,0.0001,0.0
1600,tfmL_d256h8L4f1024_phys0.3,transient,0.89,1.19,37.8,0.989,0.568,0.3375,0.0,3.6,1.38,99.78,0.17,0.0188,0.425,4.7541,0.0001,9.6e-05,0.0001,0.0
1600,tfmL_d256h8L4f1024_phys0.3,persistent,0.86,1.19,,0.9887,0.608,0.2904,0.0,1.59,0.78,99.76,0.31,0.1684,0.401,4.573,0.0001,9.6e-05,0.0001,0.0
1650,tfmL_d256h8L4f1024_phys0.3,clean,0.72,0.99,45.21,0.9835,0.719,0.2302,0.0,0.2,0.2,99.99,0.1,0.0345,0.4015,4.5501,0.0001,8.26e-05,0.0001,0.0
1650,tfmL_d256h8L4f1024_phys0.3,legacy80,1.57,1.99,,0.9921,0.516,0.2686,0.0,2.8,0.84,98.9,0.14,0.0519,0.3829,4.1873,0.0001,8.26e-05,0.0001,0.0
1650,tfmL_d256h8L4f1024_phys0.3,transient,1.01,1.22,29.49,0.9847,0.685,0.3418,0.0,3.3,0.95,99.79,0.21,0.0188,0.427,4.7329,0.0001,8.26e-05,0.0001,0.0
1650,tfmL_d256h8L4f1024_phys0.3,persistent,0.96,1.22,,0.9852,0.706,0.2938,0.0,1.54,0.56,99.65,0.24,0.0555,0.4046,4.56,0.0001,8.26e-05,0.0001,0.0
1700,tfmL_d256h8L4f1024_phys0.3,clean,0.53,0.91,59.75,0.9899,0.533,0.2248,0.0,0.0,0.0,100.0,0.09,0.0328,0.3963,4.5336,0.0,6.86e-05,0.0,0.0
1700,tfmL_d256h8L4f1024_phys0.3,legacy80,1.58,1.99,,0.9915,0.56,0.2704,0.0,0.83,0.32,99.39,0.15,0.0647,0.385,4.1924,0.0,6.86e-05,0.0,0.0
1700,tfmL_d256h8L4f1024_phys0.3,transient,0.85,1.15,39.65,0.9898,0.537,0.3356,0.0,4.75,1.46,99.78,0.15,0.014,0.4217,4.7152,0.0,6.86e-05,0.0,0.0
1700,tfmL_d256h8L4f1024_phys0.3,persistent,0.81,1.14,,0.9894,0.576,0.2905,0.0,0.99,0.71,99.62,0.15,0.0623,0.4011,4.5619,0.0,6.86e-05,0.0,0.0
1750,tfmL_d256h8L4f1024_phys0.3,clean,0.55,0.91,61.21,0.9895,0.548,0.2269,0.0,0.0,0.0,100.0,0.14,0.0306,0.3983,4.5645,0.0,5.2000000000000004e-05,0.0,0.0
1750,tfmL_d256h8L4f1024_phys0.3,legacy80,1.55,1.99,,0.9923,0.512,0.2681,0.0,3.0,0.76,99.05,0.14,0.1024,0.3819,4.1692,0.0,5.2000000000000004e-05,0.0,0.0
1750,tfmL_d256h8L4f1024_phys0.3,transient,0.87,1.15,40.24,0.989,0.552,0.3381,0.0,3.08,1.29,99.85,0.21,0.0216,0.4241,4.742,0.0,5.2000000000000004e-05,0.0,0.0
1750,tfmL_d256h8L4f1024_phys0.3,persistent,0.84,1.15,,0.9886,0.607,0.2908,0.0,0.86,0.37,99.69,0.31,0.2657,0.4015,4.5483,0.0,5.2000000000000004e-05,0.0,0.0
1800,tfmL_d256h8L4f1024_phys0.3,clean,0.6,0.93,52.05,0.9891,0.598,0.2254,0.0,0.33,0.26,99.98,0.09,0.0323,0.3967,4.5494,0.0,5.0600000000000003e-05,0.0,0.0
1800,tfmL_d256h8L4f1024_phys0.3,legacy80,1.59,1.98,,0.9916,0.564,0.2684,0.0,2.82,1.0,99.9,0.15,0.0434,0.3824,4.1745,0.0,5.0600000000000003e-05,0.0,0.0
1800,tfmL_d256h8L4f1024_phys0.3,transient,0.92,1.17,30.12,0.9889,0.599,0.3369,0.0,5.06,1.53,99.8,0.2,0.0255,0.4218,4.7128,0.0,5.0600000000000003e-05,0.0,0.0
1800,tfmL_d256h8L4f1024_phys0.3,persistent,0.84,1.15,,0.9888,0.605,0.2914,0.0,1.0,0.51,99.71,0.32,0.2144,0.4016,4.5805,0.0,5.0600000000000003e-05,0.0,0.0
1850,tfmL_d256h8L4f1024_phys0.3,clean,0.68,1.0,50.69,0.9869,0.682,0.225,0.0,0.35,0.31,99.98,0.11,0.0359,0.3962,4.5388,0.0001,4.660000000000001e-05,0.0001,0.0
1850,tfmL_d256h8L4f1024_phys0.3,legacy80,1.7,2.05,,0.988,0.706,0.2713,0.0,2.69,1.46,99.68,0.12,0.0502,0.3855,4.1725,0.0001,4.660000000000001e-05,0.0001,0.0
1850,tfmL_d256h8L4f1024_phys0.3,transient,0.98,1.24,33.45,0.9867,0.675,0.3392,0.0,4.34,1.05,99.77,0.17,0.0339,0.4228,4.7054,0.0001,4.660000000000001e-05,0.0001,0.0
1850,tfmL_d256h8L4f1024_phys0.3,persistent,0.99,1.27,,0.9843,0.743,0.2906,0.0,0.77,0.21,99.64,0.23,0.0263,0.4008,4.5417,0.0001,4.660000000000001e-05,0.0001,0.0
1900,tfmL_d256h8L4f1024_phys0.3,clean,0.48,0.89,64.39,0.991,0.48,0.2216,0.0,0.94,0.5,99.98,0.15,0.0883,0.3931,4.5398,0.0,2.66e-05,0.0,0.0
1900,tfmL_d256h8L4f1024_phys0.3,legacy80,1.5,1.94,,0.9926,0.48,0.2693,0.0,4.1,1.11,99.49,0.1,0.0417,0.3811,4.1518,0.0,2.66e-05,0.0,0.0
1900,tfmL_d256h8L4f1024_phys0.3,transient,0.79,1.12,42.59,0.9909,0.492,0.3353,0.0,5.32,1.46,99.86,0.24,0.0207,0.4186,4.6801,0.0,2.66e-05,0.0,0.0
1900,tfmL_d256h8L4f1024_phys0.3,persistent,0.77,1.12,,0.9901,0.539,0.2874,0.0,0.65,0.19,99.62,0.2,0.0388,0.3979,4.5672,0.0,2.66e-05,0.0,0.0
1950,tfmL_d256h8L4f1024_phys0.3,clean,0.55,0.93,62.48,0.9896,0.554,0.2235,0.0,0.44,0.22,99.98,0.15,0.0501,0.3957,4.5678,0.0,3.66e-05,0.0,0.0
1950,tfmL_d256h8L4f1024_phys0.3,legacy80,1.53,1.96,,0.9917,0.533,0.2688,0.0,3.72,0.64,99.42,0.12,0.0962,0.3834,4.19,0.0,3.66e-05,0.0,0.0
1950,tfmL_d256h8L4f1024_phys0.3,transient,0.85,1.15,41.33,0.9891,0.557,0.3393,0.0,4.83,1.18,99.84,0.17,0.0181,0.4219,4.732,0.0,3.66e-05,0.0,0.0
1950,tfmL_d256h8L4f1024_phys0.3,persistent,0.83,1.16,,0.988,0.612,0.2888,0.0,0.99,0.61,99.88,0.15,0.1088,0.3997,4.584,0.0,3.66e-05,0.0,0.0
2000,tfmL_d256h8L4f1024_phys0.3,clean,0.56,0.94,60.52,0.989,0.562,0.2263,0.0,0.06,0.06,99.99,0.0,0.0,0.3975,4.5431,0.0,2.24e-05,0.0,0.0
2000,tfmL_d256h8L4f1024_phys0.3,legacy80,1.61,2.01,,0.9914,0.535,0.268,0.0,3.35,1.39,98.26,0.16,0.0701,0.3833,4.2478,0.0,2.24e-05,0.0,0.0
2000,tfmL_d256h8L4f1024_phys0.3,transient,0.84,1.15,40.46,0.9891,0.556,0.339,0.0,4.72,1.68,99.83,0.1,0.0289,0.4213,4.7239,0.0,2.24e-05,0.0,0.0
2000,tfmL_d256h8L4f1024_phys0.3,persistent,0.83,1.17,,0.9876,0.611,0.2909,0.0,0.81,0.35,98.77,0.26,0.1073,0.4013,4.5863,0.0,2.24e-05,0.0,0.0
2050,tfmL_d256h8L4f1024_phys0.3,clean,0.53,0.91,62.17,0.9898,0.527,0.2247,0.0,0.0,0.0,100.0,0.03,0.0036,0.3963,4.5786,0.0,2.5999999999999992e-06,0.0,0.0
2050,tfmL_d256h8L4f1024_phys0.3,legacy80,1.47,1.91,,0.9926,0.474,0.2681,0.0,1.57,0.36,98.39,0.15,0.0697,0.3823,4.1873,0.0,2.5999999999999992e-06,0.0,0.0
2050,tfmL_d256h8L4f1024_phys0.3,transient,0.8,1.12,42.45,0.9899,0.52,0.3373,0.0,4.0,0.97,99.88,0.07,0.0226,0.4187,4.6734,0.0,2.5999999999999992e-06,0.0,0.0
2050,tfmL_d256h8L4f1024_phys0.3,persistent,0.76,1.11,,0.9898,0.537,0.2897,0.0,1.21,0.51,99.11,0.16,0.0608,0.4006,4.5814,0.0,2.5999999999999992e-06,0.0,0.0
2100,tfmL_d256h8L4f1024_phys0.3,clean,0.53,0.9,61.94,0.9899,0.533,0.2239,0.0,0.0,0.0,100.0,0.14,0.0757,0.3961,4.5697,0.0,4e-06,0.0,0.0
2100,tfmL_d256h8L4f1024_phys0.3,legacy80,1.51,1.91,,0.9922,0.52,0.2672,0.0,3.09,0.83,99.17,0.14,0.1001,0.3806,4.1673,0.0,4e-06,0.0,0.0
2100,tfmL_d256h8L4f1024_phys0.3,transient,0.81,1.11,41.64,0.9901,0.527,0.3364,0.0,2.93,0.8,99.83,0.16,0.0269,0.4182,4.6993,0.0,4e-06,0.0,0.0
2100,tfmL_d256h8L4f1024_phys0.3,persistent,0.76,1.1,,0.99,0.545,0.2882,0.0,0.89,0.55,99.79,0.24,0.1188,0.3995,4.5702,0.0,4e-06,0.0,0.0
2150,tfmL_d256h8L4f1024_phys0.3,clean,0.52,0.9,62.16,0.9902,0.524,0.2241,0.0,0.67,0.21,98.86,0.11,0.054,0.3961,4.578,0.0,5.999999999999994e-07,0.0,0.0
2150,tfmL_d256h8L4f1024_phys0.3,legacy80,1.49,1.91,,0.992,0.515,0.2691,0.0,3.56,0.99,99.34,0.14,0.0502,0.3827,4.1876,0.0,5.999999999999994e-07,0.0,0.0
2150,tfmL_d256h8L4f1024_phys0.3,transient,0.79,1.11,41.85,0.9902,0.518,0.3379,0.0,2.99,0.67,99.14,0.14,0.0173,0.4188,4.7276,0.0,5.999999999999994e-07,0.0,0.0
2150,tfmL_d256h8L4f1024_phys0.3,persistent,0.78,1.12,,0.9897,0.555,0.2885,0.0,2.24,0.83,97.84,0.19,0.0795,0.4001,4.599,0.0,5.999999999999994e-07,0.0,0.0
2200,tfmL_d256h8L4f1024_phys0.3,clean,0.5,0.9,64.35,0.9907,0.5,0.2208,0.0,0.64,0.23,99.93,0.15,0.0832,0.3928,4.5463,0.0,2.5999999999999997e-06,0.0,0.0
2200,tfmL_d256h8L4f1024_phys0.3,legacy80,1.54,1.98,,0.9917,0.535,0.2685,0.0,3.83,1.25,94.65,0.15,0.0736,0.3816,4.1847,0.0,2.5999999999999997e-06,0.0,0.0
2200,tfmL_d256h8L4f1024_phys0.3,transient,0.78,1.11,43.14,0.9906,0.505,0.3353,0.0,3.31,0.84,99.65,0.17,0.0332,0.4171,4.6869,0.0,2.5999999999999997e-06,0.0,0.0
2200,tfmL_d256h8L4f1024_phys0.3,persistent,0.75,1.11,,0.9903,0.536,0.2864,0.0,1.62,0.36,99.08,0.2,0.0949,0.3977,4.5742,0.0,2.5999999999999997e-06,0.0,0.0
2250,tfmL_d256h8L4f1024_phys0.3,clean,0.48,0.89,64.29,0.9908,0.481,0.2219,0.0,0.49,0.27,99.96,0.1,0.0225,0.3935,4.5599,0.0,1.9999999999999995e-06,0.0,0.0
2250,tfmL_d256h8L4f1024_phys0.3,legacy80,1.41,1.86,,0.9931,0.452,0.2685,0.0,4.07,0.83,99.71,0.11,0.0509,0.3817,4.1876,0.0,1.9999999999999995e-06,0.0,0.0
2250,tfmL_d256h8L4f1024_phys0.3,transient,0.75,1.09,43.52,0.9908,0.483,0.3363,0.0,2.89,0.81,99.78,0.1,0.0168,0.4165,4.697,0.0,1.9999999999999995e-06,0.0,0.0
2250,tfmL_d256h8L4f1024_phys0.3,persistent,0.71,1.08,,0.9908,0.504,0.2864,0.0,0.94,0.51,99.86,0.17,0.0358,0.3972,4.5669,0.0,1.9999999999999995e-06,0.0,0.0
2300,tfmL_d256h8L4f1024_phys0.3,clean,0.52,0.91,62.19,0.99,0.518,0.2245,0.0,0.22,0.15,99.97,0.04,0.0122,0.3958,4.5606,0.0,1.1999999999999995e-06,0.0,0.0
2300,tfmL_d256h8L4f1024_phys0.3,legacy80,1.43,1.88,,0.9924,0.486,0.2685,0.0,4.22,1.06,99.77,0.08,0.0172,0.3817,4.1739,0.0,1.1999999999999995e-06,0.0,0.0
2300,tfmL_d256h8L4f1024_phys0.3,transient,0.78,1.11,42.43,0.9903,0.509,0.3371,0.0,1.87,0.47,99.88,0.04,0.0073,0.4171,4.6882,0.0,1.1999999999999995e-06,0.0,0.0
2300,tfmL_d256h8L4f1024_phys0.3,persistent,0.73,1.1,,0.9901,0.528,0.2884,0.0,1.09,0.67,99.75,0.31,0.2393,0.3992,4.5474,0.0,1.1999999999999995e-06,0.0,0.0
2350,tfmL_d256h8L4f1024_phys0.3,clean,0.47,0.88,64.39,0.991,0.47,0.2216,0.0,0.53,0.4,99.98,0.04,0.017,0.3935,4.5637,0.0,5.999999999999994e-07,0.0,0.0
2350,tfmL_d256h8L4f1024_phys0.3,legacy80,1.46,1.85,,0.9921,0.533,0.2687,0.0,3.05,0.67,99.86,0.13,0.0528,0.3826,4.1636,0.0,5.999999999999994e-07,0.0,0.0
2350,tfmL_d256h8L4f1024_phys0.3,transient,0.75,1.09,43.56,0.991,0.477,0.3378,0.0,3.76,0.92,99.75,0.09,0.0086,0.4182,4.6856,0.0,5.999999999999994e-07,0.0,0.0
2350,tfmL_d256h8L4f1024_phys0.3,persistent,0.73,1.09,,0.9905,0.524,0.2873,0.0,1.03,0.51,99.8,0.16,0.0326,0.3986,4.5761,0.0,5.999999999999994e-07,0.0,0.0
2400,tfmL_d256h8L4f1024_phys0.3,clean,0.49,0.88,64.13,0.9908,0.488,0.2237,0.0,0.46,0.46,99.99,0.12,0.0606,0.3959,4.5664,0.0,1.9999999999999995e-06,0.0,0.0
2400,tfmL_d256h8L4f1024_phys0.3,legacy80,1.41,1.86,,0.9929,0.475,0.2689,0.0,3.12,1.44,99.92,0.13,0.0782,0.3823,4.1618,0.0,1.9999999999999995e-06,0.0,0.0
2400,tfmL_d256h8L4f1024_phys0.3,transient,0.75,1.08,43.59,0.9909,0.485,0.3368,0.0,2.56,0.87,99.79,0.15,0.0219,0.4167,4.7009,0.0,1.9999999999999995e-06,0.0,0.0
2400,tfmL_d256h8L4f1024_phys0.3,persistent,0.71,1.08,,0.991,0.495,0.2881,0.0,1.42,0.47,99.61,0.15,0.0814,0.3995,4.5816,0.0,1.9999999999999995e-06,0.0,0.0
2450,tfmL_d256h8L4f1024_phys0.3,clean,0.53,0.9,61.99,0.9893,0.528,0.2223,0.0,0.31,0.31,99.99,0.1,0.0319,0.394,4.5722,0.0,0.0,0.0,0.0
2450,tfmL_d256h8L4f1024_phys0.3,legacy80,1.43,1.85,,0.992,0.511,0.2705,0.0,2.53,1.25,99.95,0.08,0.0348,0.3836,4.1942,0.0,0.0,0.0,0.0
2450,tfmL_d256h8L4f1024_phys0.3,transient,0.8,1.11,41.82,0.9895,0.529,0.3387,0.0,2.48,0.85,99.96,0.11,0.0132,0.4185,4.7359,0.0,0.0,0.0,0.0
2450,tfmL_d256h8L4f1024_phys0.3,persistent,0.75,1.1,,0.9895,0.546,0.2873,0.0,1.19,0.76,99.84,0.24,0.0623,0.3983,4.5834,0.0,0.0,0.0,0.0
2500,tfmL_d256h8L4f1024_phys0.3,clean,0.61,0.93,60.09,0.9886,0.613,0.2269,0.0,0.0,0.0,100.0,0.11,0.0488,0.3991,4.5892,0.0,1.1999999999999995e-06,0.0,0.0
2500,tfmL_d256h8L4f1024_phys0.3,legacy80,1.53,1.9,,0.991,0.594,0.2688,0.0,3.15,1.13,99.67,0.11,0.0279,0.3835,4.1855,0.0,1.1999999999999995e-06,0.0,0.0
2500,tfmL_d256h8L4f1024_phys0.3,transient,0.85,1.13,40.03,0.9891,0.587,0.3412,0.0,2.24,0.8,99.92,0.14,0.0153,0.4204,4.7229,0.0,1.1999999999999995e-06,0.0,0.0
2500,tfmL_d256h8L4f1024_phys0.3,persistent,0.79,1.12,,0.9893,0.589,0.2901,0.0,1.39,0.58,99.66,0.21,0.0649,0.4019,4.5805,0.0,1.1999999999999995e-06,0.0,0.0
2550,tfmL_d256h8L4f1024_phys0.3,clean,0.46,0.87,65.76,0.9912,0.461,0.2229,0.0,0.46,0.24,99.97,0.07,0.0152,0.3952,4.5771,0.0,0.0,0.0,0.0
2550,tfmL_d256h8L4f1024_phys0.3,legacy80,1.41,1.85,,0.9931,0.457,0.2684,0.0,3.14,0.91,99.2,0.11,0.026,0.3824,4.1986,0.0,0.0,0.0,0.0
2550,tfmL_d256h8L4f1024_phys0.3,transient,0.73,1.07,44.01,0.9912,0.469,0.3367,0.0,0.98,0.31,99.79,0.07,0.0122,0.4157,4.7324,0.0,0.0,0.0,0.0
2550,tfmL_d256h8L4f1024_phys0.3,persistent,0.71,1.07,,0.9906,0.513,0.2881,0.0,1.5,0.48,99.32,0.31,0.182,0.3995,4.5885,0.0,0.0,0.0,0.0
2600,tfmL_d256h8L4f1024_phys0.3,clean,0.47,0.87,65.66,0.991,0.468,0.2226,0.0,0.7,0.47,99.97,0.12,0.0459,0.3945,4.5533,0.0,0.0,0.0,0.0
2600,tfmL_d256h8L4f1024_phys0.3,legacy80,1.35,1.8,,0.9934,0.435,0.2682,0.0,2.24,0.77,99.6,0.13,0.1002,0.3832,4.1939,0.0,0.0,0.0,0.0
2600,tfmL_d256h8L4f1024_phys0.3,transient,0.72,1.07,44.95,0.9914,0.463,0.3359,0.0,2.36,0.57,99.83,0.15,0.0207,0.4152,4.6774,0.0,0.0,0.0,0.0
2600,tfmL_d256h8L4f1024_phys0.3,persistent,0.68,1.06,,0.9913,0.481,0.2876,0.0,1.0,0.49,99.79,0.2,0.0541,0.3989,4.5723,0.0,0.0,0.0,0.0
2650,tfmL_d256h8L4f1024_phys0.3,clean,0.45,0.87,65.73,0.9913,0.452,0.2228,0.0,0.77,0.48,99.98,0.11,0.0307,0.3951,4.5867,0.0,0.0,0.0,0.0
2650,tfmL_d256h8L4f1024_phys0.3,legacy80,1.38,1.82,,0.9934,0.441,0.2682,0.0,3.03,0.88,99.59,0.12,0.0558,0.3823,4.1917,0.0,0.0,0.0,0.0
2650,tfmL_d256h8L4f1024_phys0.3,transient,0.71,1.07,45.15,0.9915,0.451,0.3362,0.0,1.4,0.76,99.91,0.13,0.0214,0.4154,4.7127,0.0,0.0,0.0,0.0
2650,tfmL_d256h8L4f1024_phys0.3,persistent,0.68,1.06,,0.9913,0.479,0.2874,0.0,1.44,0.52,99.28,0.32,0.143,0.3991,4.5841,0.0,0.0,0.0,0.0
2700,tfmL_d256h8L4f1024_phys0.3,clean,0.68,0.98,56.24,0.9879,0.677,0.2247,0.0,0.5,0.14,99.46,0.08,0.0147,0.3964,4.5753,0.0,5.999999999999994e-07,0.0,0.0
2700,tfmL_d256h8L4f1024_phys0.3,legacy80,1.58,1.94,,0.9897,0.667,0.2713,0.0,2.16,0.16,99.22,0.13,0.0318,0.3869,4.1937,0.0,5.999999999999994e-07,0.0,0.0
2700,tfmL_d256h8L4f1024_phys0.3,transient,0.9,1.17,36.61,0.9885,0.639,0.3396,0.0,1.38,0.3,99.43,0.1,0.0323,0.4189,4.6977,0.0,5.999999999999994e-07,0.0,0.0
2700,tfmL_d256h8L4f1024_phys0.3,persistent,0.83,1.15,,0.9883,0.654,0.289,0.0,1.07,0.32,99.05,0.32,0.1185,0.4002,4.5649,0.0,5.999999999999994e-07,0.0,0.0
2750,tfmL_d256h8L4f1024_phys0.3,clean,0.48,0.88,65.21,0.9909,0.48,0.2244,0.0,0.35,0.35,99.99,0.04,0.0105,0.3967,4.574,0.0,1.1999999999999995e-06,0.0,0.0
2750,tfmL_d256h8L4f1024_phys0.3,legacy80,1.55,1.96,,0.9926,0.504,0.2669,0.0,6.07,2.11,89.37,0.16,0.4303,0.3828,4.1841,0.0,1.1999999999999995e-06,0.0,0.0
2750,tfmL_d256h8L4f1024_phys0.3,transient,0.74,1.08,44.68,0.9911,0.48,0.3394,0.0,3.12,0.92,99.9,0.1,0.0122,0.4183,4.6909,0.0,1.1999999999999995e-06,0.0,0.0
2750,tfmL_d256h8L4f1024_phys0.3,persistent,0.73,1.09,,0.9907,0.515,0.288,0.0,1.18,0.28,99.39,0.31,0.1105,0.3995,4.5787,0.0,1.1999999999999995e-06,0.0,0.0
2800,tfmL_d256h8L4f1024_phys0.3,clean,0.46,0.87,65.07,0.9911,0.459,0.2209,0.0,0.91,0.69,99.98,0.05,0.0104,0.3928,4.5622,0.0,1.1999999999999993e-06,0.0,0.0
2800,tfmL_d256h8L4f1024_phys0.3,legacy80,1.38,1.82,,0.9932,0.447,0.2683,0.0,3.13,1.05,99.89,0.11,0.0998,0.3824,4.1798,0.0,1.1999999999999993e-06,0.0,0.0
2800,tfmL_d256h8L4f1024_phys0.3,transient,0.71,1.07,43.83,0.9912,0.461,0.3367,0.0,0.81,0.68,99.98,0.07,0.0109,0.4151,4.6939,0.0,1.1999999999999993e-06,0.0,0.0
2800,tfmL_d256h8L4f1024_phys0.3,persistent,0.68,1.05,,0.9913,0.478,0.2853,0.0,0.91,0.64,99.84,0.29,0.1892,0.3966,4.5679,0.0,1.1999999999999993e-06,0.0,0.0
2850,tfmL_d256h8L4f1024_phys0.3,clean,0.46,0.88,65.22,0.9912,0.463,0.2228,0.0,0.37,0.13,99.86,0.08,0.0139,0.3946,4.5539,0.0,0.0,0.0,0.0
2850,tfmL_d256h8L4f1024_phys0.3,legacy80,1.39,1.83,,0.9932,0.453,0.2666,0.0,2.71,1.02,99.9,0.11,0.0812,0.3813,4.1422,0.0,0.0,0.0,0.0
2850,tfmL_d256h8L4f1024_phys0.3,transient,0.72,1.07,44.31,0.9914,0.464,0.3353,0.0,2.28,0.31,99.79,0.09,0.0101,0.4141,4.6941,0.0,0.0,0.0,0.0
2850,tfmL_d256h8L4f1024_phys0.3,persistent,0.69,1.06,,0.9913,0.487,0.2879,0.0,1.19,0.63,99.66,0.29,0.0624,0.3989,4.5647,0.0,0.0,0.0,0.0
2900,tfmL_d256h8L4f1024_phys0.3,clean,0.44,0.86,66.43,0.9915,0.441,0.2225,0.0,0.59,0.4,99.97,0.07,0.0154,0.3947,4.5587,0.0,5.999999999999994e-07,0.0,0.0
2900,tfmL_d256h8L4f1024_phys0.3,legacy80,1.35,1.8,,0.9935,0.429,0.2693,0.0,2.32,0.78,99.9,0.1,0.0545,0.3835,4.2025,0.0,5.999999999999994e-07,0.0,0.0
2900,tfmL_d256h8L4f1024_phys0.3,transient,0.7,1.06,45.51,0.9915,0.446,0.3369,0.0,2.19,0.58,99.91,0.09,0.014,0.4157,4.6988,0.0,5.999999999999994e-07,0.0,0.0
2900,tfmL_d256h8L4f1024_phys0.3,persistent,0.67,1.05,,0.9914,0.472,0.2876,0.0,1.27,0.6,99.66,0.25,0.0549,0.3988,4.5672,0.0,5.999999999999994e-07,0.0,0.0
2950,tfmL_d256h8L4f1024_phys0.3,clean,0.45,0.87,65.75,0.9912,0.451,0.2206,0.0,0.7,0.7,99.99,0.0,0.0,0.3926,4.5655,0.0,1.1999999999999993e-06,0.0,0.0
2950,tfmL_d256h8L4f1024_phys0.3,legacy80,1.33,1.78,,0.9934,0.43,0.2683,0.0,2.98,0.79,99.88,0.14,0.0885,0.383,4.1959,0.0,1.1999999999999993e-06,0.0,0.0
2950,tfmL_d256h8L4f1024_phys0.3,transient,0.7,1.06,45.73,0.9916,0.447,0.3354,0.0,0.55,0.19,99.81,0.02,0.014,0.4141,4.7169,0.0,1.1999999999999993e-06,0.0,0.0
2950,tfmL_d256h8L4f1024_phys0.3,persistent,0.66,1.04,,0.9914,0.471,0.2851,0.0,0.84,0.61,99.79,0.32,0.2103,0.3965,4.5757,0.0,1.1999999999999993e-06,0.0,0.0
3000,tfmL_d256h8L4f1024_phys0.3,clean,0.47,0.88,65.19,0.9907,0.473,0.2238,0.0,0.59,0.35,99.98,0.05,0.0082,0.3956,4.5756,0.0,0.0,0.0,0.0
3000,tfmL_d256h8L4f1024_phys0.3,legacy80,1.35,1.8,,0.9932,0.437,0.2692,0.0,3.28,0.83,99.84,0.12,0.0926,0.3836,4.2104,0.0,0.0,0.0,0.0
3000,tfmL_d256h8L4f1024_phys0.3,transient,0.71,1.07,44.97,0.9911,0.465,0.3374,0.0,2.0,0.47,99.88,0.08,0.0055,0.4153,4.6631,0.0,0.0,0.0,0.0
3000,tfmL_d256h8L4f1024_phys0.3,persistent,0.68,1.06,,0.991,0.486,0.2876,0.0,2.47,1.07,99.64,0.15,0.0749,0.3988,4.6019,0.0,0.0,0.0,0.0
