timestamp,mode,run_tag,lambda_recon,lambda_phys,epochs,n_test,collision_before_mean,collision_after_mean,clean_frames_before_pct,clean_frames_after_pct,max_pen_before_cm,max_pen_after_cm,mean_pen_before_cm,mean_pen_after_cm,depth_removal_pct,mpjpe_cm_mean,mpjpe_cm_std,mae_deg_mean,mae_deg_std,intent_mae_deg,jitter_before_mean,jitter_after_mean,bonelen_after_cm_mean,max_pen4_before_cm,max_pen4_after_cm,clean_frames4_before_pct,clean_frames4_after_pct,depth_removal4_pct,pck_1cm,pck_2cm,pck_5cm,pck_frame_1cm,pck_frame_2cm,pck_frame_5cm,intent_dyn_cm,infer_ms_window_mean,infer_ms_window_p95,infer_ms_per_frame,infer_device,coks_radii,coks_uniform,collateral_pos_cm,coks_scale_m,pck_10cm,pck_frame_10cm,coks_coco,coks_coco_raw,radii_mode,radii_kappa,proj_mode,proj_k,proj_omega,proj_margin_cm,proj_pairs,proj_ms_window_mean,proj_ms_per_frame,proj_frames_pct,proj_residual_max_cm,proj_move_cm,lp_mode,lp_window,lp_beta,lp_ms_per_frame,jitter_p95_after
2026-08-08 19:00,clean,tfm_declip_cov_l10.1,1,0.3,100,306,2.70E-05,1.20E-05,99.72,99.9,2.44,2.36,0.65,0.77,59.2,2.87,0.51,2.21,0.76,,0.4536,0.9573,0,3.06,2.36,99.69,99.86,85,40.76,55.81,77.89,0,0,0.34,0.7452,6.624,21.499,0.2208,cuda,0.6496,0.7093,2.872,0.4756,96.31,56.69,,,,,,,,,,,,,,,,,,,
2026-08-08 19:01,legacy80,tfm_declip_cov_l10.1,1,0.3,100,306,0.049263,0.006774,74.01,97.28,9.95,6.99,2.99,2.8,90.2,4.02,1.3,4.03,1.05,2.45,0.4466,1.0138,0,9.92,9.97,79.3,97.6,88.7,,,,,,,0.8346,8.779,23.619,0.2926,cuda,0.6928,0.7481,2.5,0.4756,,,,,,,,,,,,,,,,,,,,,
2026-08-08 19:01,transient,tfm_declip_cov_l10.1,1,0.3,100,306,0.027617,0.006185,86.86,95.86,9.64,7.99,3.02,2.45,74.4,3.24,0.7,2.58,0.78,2.1,0.5512,1.0142,0,9.88,9.56,88.05,96.82,79.8,40.68,55.63,76.63,0,0,0.32,0.7686,9.029,23.569,0.301,cuda,0.6886,0.7402,2.61,0.4756,94.33,42.75,,,,,,,,,,,,,,,,,,,
2026-08-08 19:02,persistent,tfm_declip_cov_l10.1,1,0.3,100,306,0.13518,0.002668,25.88,97.96,9.87,5.99,3.05,2.3,97.9,3.36,0.97,3.06,1.17,2.17,0.4991,0.9952,0,9.97,5.99,22.77,99.08,99.2,,,,,,,0.7777,6.897,19.123,0.2299,cuda,0.6961,0.7512,2.516,0.4756,,,,,,,,,,,,,,,,,,,,,
2026-08-10 20:25,clean,tfm_declip_cov_MSEOnly,1,0.4,100,306,2.70E-05,0.000435,99.72,98.91,2.44,6.86,0.65,1.4,-729,4.94,0.95,3.6,0.91,,0.4536,1.4434,0,3.06,2.79,99.69,99.88,73.2,34.18,45.74,64.48,0,0,0,1.2762,5.355,18.138,0.1785,cuda,0.552,0.5894,4.942,0.4756,81.42,0.65,,,,,,,,,,,,,,,,,,,
2026-08-10 20:25,legacy80,tfm_declip_cov_MSEOnly,1,0.4,100,306,0.049263,0.010264,74.01,92.37,9.95,8.76,2.99,1.81,82.2,5.6,1.51,5.51,1.07,3.86,0.4466,1.4772,0,9.92,9.98,79.3,96.98,85.7,,,,,,,1.3301,5.002,15.201,0.1667,cuda,0.6009,0.6338,4.386,0.4756,,,,,,,,,,,,,,,,,,,,,
2026-08-10 20:26,transient,tfm_declip_cov_MSEOnly,1,0.4,100,306,0.027617,0.003555,86.86,97.19,9.64,7.06,3.02,2.16,84.7,5.13,1.07,3.86,0.93,3.4,0.5512,1.4981,0,9.88,9.83,88.05,98.57,90.3,34.15,45.7,64.45,0,0,0,1.3154,4.591,15.646,0.153,cuda,0.5934,0.626,4.535,0.4756,81.07,0.7,,,,,,,,,,,,,,,,,,,
2026-08-10 20:27,persistent,tfm_declip_cov_MSEOnly,1,0.4,100,306,0.13518,0.000749,25.88,98.46,9.87,6.86,3.05,1.51,99,4.9,1.19,4.23,1.24,3.37,0.4991,1.4788,0,9.97,3.41,22.77,99.63,99.8,,,,,,,1.3081,4.718,15.408,0.1573,cuda,0.5952,0.6335,4.463,0.4756,,,,,,,,,,,,,,,,,,,,,
2026-08-10 21:12,clean,tfm_declip_cov_MSEOnly,1,0.3,100,306,2.70E-05,0.000391,99.72,99.17,2.44,6.17,0.65,1.43,-543.6,5.22,0.8,3.68,0.8,,0.4536,1.5613,0,3.06,5.14,99.69,99.9,68.7,33.27,46.53,65.72,0,0,0,1.3953,3.34,5.418,0.1113,cuda,0.5595,0.599,5.216,0.4756,79.78,0.19,,,,,,,,,,,,,,,,,,,
2026-08-10 21:13,legacy80,tfm_declip_cov_MSEOnly,1,0.3,100,306,0.049263,0.007393,74.01,90.73,9.95,7.23,2.99,1.48,82.4,6.06,1.31,5.73,1.07,4.07,0.4466,1.562,0,9.92,9.89,79.3,96.95,89.4,,,,,,,1.4189,3.953,6.062,0.1318,cuda,0.5926,0.6205,4.827,0.4756,,,,,,,,,,,,,,,,,,,,,
2026-08-10 21:14,transient,tfm_declip_cov_MSEOnly,1,0.3,100,306,0.027617,0.004036,86.86,96.91,9.64,7.08,3.02,2.29,82.1,5.39,0.93,3.96,0.84,3.5,0.5512,1.6123,0,9.88,9.61,88.05,98.02,86.6,33.14,46.44,65.35,0,0,0,1.4282,4.149,6.033,0.1383,cuda,0.6004,0.6335,4.823,0.4756,79.2,0.21,,,,,,,,,,,,,,,,,,,
2026-08-10 21:15,persistent,tfm_declip_cov_MSEOnly,1,0.3,100,306,0.13518,0.000503,25.88,98.63,9.87,6.6,3.05,1.2,99.3,5.11,1.05,4.34,1.17,3.52,0.4991,1.5942,0,9.97,5.57,22.77,99.86,99.9,,,,,,,1.4264,4.209,6.221,0.1403,cuda,0.6009,0.6396,4.709,0.4756,,,,,,,,,,,,,,,,,,,,,
2026-08-12 18:23,clean,tfm_declip_cov_l10.1,1,0.4,100,306,2.70E-05,0,99.72,99.98,2.44,0.41,0.65,0.32,96.2,3.35,0.48,2.52,0.78,,0.4536,1.0209,0,3.06,0.22,99.69,99.98,99.1,38.51,51.92,73.77,0,0,0.01,0.8193,3.574,3.98,0.1191,cuda,0.6179,0.6712,3.346,0.4756,92.19,19.46,,,,,,,,,,,,,,,,,,,
2026-08-12 18:24,legacy80,tfm_declip_cov_l10.1,1,0.4,100,306,0.049263,0.009819,74.01,94.74,9.95,8.97,2.99,1.95,86.8,4.24,1.31,4.57,1.06,3.02,0.4466,1.0607,0,9.92,9.89,79.3,97.51,85.5,,,,,,,0.8891,3.866,3.947,0.1289,cuda,0.6629,0.7141,2.868,0.4756,,,,,,,,,,,,,,,,,,,,,
2026-08-12 18:25,transient,tfm_declip_cov_l10.1,1,0.4,100,306,0.027617,0.004903,86.86,97.14,9.64,7.76,3.02,2.71,80.4,3.66,0.68,2.86,0.8,2.38,0.5512,1.0734,0,9.88,9.81,88.05,97.75,84.7,38.41,51.94,72.86,0,0,0.01,0.8407,3.838,3.928,0.1279,cuda,0.6591,0.706,3.029,0.4756,90.6,15.38,,,,,,,,,,,,,,,,,,,
2026-08-12 18:25,persistent,tfm_declip_cov_l10.1,1,0.4,100,306,0.13518,0.001115,25.88,98.61,9.87,5.83,3.05,1.43,99.1,3.65,0.9,3.29,1.14,2.39,0.4991,1.0503,0,9.97,5.83,22.77,99.54,99.5,,,,,,,0.843,3.703,3.905,0.1234,cuda,0.6711,0.7245,2.832,0.4756,,,,,,,,,,,,,,,,,,,,,
2026-08-13 19:18,clean,tfm_declip_cov_l10.1_anat,1,0.4,100,306,3.10E-05,0.000369,99.73,99.59,1.75,4.66,0.88,2.18,-276.5,3.85,1.2,2.56,0.89,,0.4536,1.3082,0,2.02,1.18,99.77,99.85,56.1,40.45,54.81,73.5,0,0,0,1.0967,4.139,10.34,0.138,cuda,0.6409,0.6934,3.845,0.4756,90.1,11.35,0.8297,0.6646,anatomical,0.575,,,,,,,,,,,,,,,
2026-08-13 19:18,legacy80,tfm_declip_cov_l10.1_anat,1,0.4,100,306,0.065638,0.008536,75.56,97.63,8.9,8.69,2.98,2.93,90.5,5.51,1.39,4.92,1.11,3.38,0.4466,1.477,0,8.87,8.92,83.15,98.3,89.2,,,,,,,1.3143,8.432,21.879,0.2811,cuda,0.6447,0.6768,4.309,0.4756,,,0.8162,0.6403,anatomical,0.575,,,,,,,,,,,,,,,
2026-08-13 19:19,transient,tfm_declip_cov_l10.1_anat,1,0.4,100,306,0.037644,0.012725,87.07,94.96,9.15,8.62,3.13,2.9,63.8,4.2,1.36,2.91,0.94,2.4,0.5525,1.3714,0,8.83,8.48,89.34,96.56,67.9,40.2,54.37,72.26,0,0,0,1.1312,8.746,22.69,0.2915,cuda,0.675,0.7203,3.555,0.4756,88.52,10.31,0.8437,0.6881,anatomical,0.575,,,,,,,,,,,,,,,
2026-08-13 19:19,persistent,tfm_declip_cov_l10.1_anat,1,0.4,100,306,0.197823,0.001452,23.78,96.57,9.09,5.8,3.23,1.2,98.3,4.31,1.36,3.37,1.21,2.49,0.5042,1.3713,0,8.92,4.22,23.65,99.05,99.4,,,,,,,1.157,8.967,24.348,0.2989,cuda,0.6736,0.7201,3.652,0.4756,,,0.8422,0.6876,anatomical,0.575,,,,,,,,,,,,,,,
2026-08-13 19:50,clean,tfm_declip_cov_l10.1_anat,1,0.3,100,306,3.10E-05,0.002521,99.73,98.3,1.75,6.83,0.88,2.85,-1927.5,3.47,0.98,2.29,0.85,,0.4536,1.2813,0,2.02,3.57,99.77,99.18,-263.5,42.12,56.13,76.11,0,0,0,1.0713,2.847,4.897,0.0949,cuda,0.6562,0.7144,3.467,0.4756,92.16,25.2,0.8477,0.6863,anatomical,0.575,,,,,,,,,,,,,,,
2026-08-13 19:50,legacy80,tfm_declip_cov_l10.1_anat,1,0.3,100,306,0.065638,0.01482,75.56,96.32,8.9,8.68,2.98,3.39,82.9,4.68,1.42,4.3,1.12,2.7,0.4466,1.3106,0,8.87,8.93,83.15,97.39,83.4,,,,,,,1.1394,3.463,6.445,0.1154,cuda,0.6936,0.7411,3.301,0.4756,,,0.8576,0.6962,anatomical,0.575,,,,,,,,,,,,,,,
2026-08-13 19:51,transient,tfm_declip_cov_l10.1_anat,1,0.3,100,306,0.037644,0.009699,87.07,94.74,9.15,8.58,3.13,2.59,66.4,3.83,1.15,2.65,0.9,2.14,0.5525,1.3376,0,8.83,8.49,89.34,96.86,77.5,41.85,55.67,74.77,0,0,0,1.0992,3.31,6.728,0.1103,cuda,0.6905,0.7412,3.195,0.4756,90.51,20.85,0.8611,0.7101,anatomical,0.575,,,,,,,,,,,,,,,
2026-08-13 19:52,persistent,tfm_declip_cov_l10.1_anat,1,0.3,100,306,0.197823,0.002628,23.78,96.84,9.09,6.83,3.23,1.91,97.6,3.95,1.13,3.1,1.19,2.21,0.5042,1.3013,0,8.92,4.92,23.65,98.79,99.3,,,,,,,1.0856,3.45,6.924,0.115,cuda,0.6962,0.7498,3.16,0.4756,,,0.8654,0.7175,anatomical,0.575,,,,,,,,,,,,,,,
2026-08-14 19:25,clean,tfm_declip_cov_l10.1_anat,1,0.5,100,306,3.10E-05,2.20E-05,99.73,99.9,1.75,2.46,0.88,1.12,54.3,3.32,0.76,2.45,0.66,,0.4536,1.0113,0,2.02,1.63,99.77,99.93,75.7,38.9,55.09,76.22,0,0,0.17,0.8004,5.615,17.61,0.1872,cuda,0.6523,0.7108,3.325,0.4756,90.07,20.5,0.8373,0.6759,anatomical,0.575,,,,,,,,,,,,,,,
2026-08-14 19:26,legacy80,tfm_declip_cov_l10.1_anat,1,0.5,100,306,0.065638,0.01056,75.56,93.87,8.9,8.69,2.98,1.61,86.5,4.11,1.45,4.51,1.02,2.84,0.4466,1.1249,0,8.87,8.83,83.15,98.01,87.3,,,,,,,0.9566,5.866,17.069,0.1955,cuda,0.7188,0.7746,2.567,0.4756,,,0.888,0.743,anatomical,0.575,,,,,,,,,,,,,,,
2026-08-14 19:26,transient,tfm_declip_cov_l10.1_anat,1,0.5,100,306,0.037644,0.006935,87.07,96.53,9.15,8.37,3.13,2.67,77.1,3.68,0.9,2.8,0.69,2.3,0.5525,1.0645,0,8.83,8.74,89.34,97.57,81.3,38.83,54.96,75.24,0,0,0.24,0.8161,6.676,19.111,0.2225,cuda,0.6934,0.7454,2.961,0.4756,88.7,15.9,0.8571,0.7068,anatomical,0.575,,,,,,,,,,,,,,,
2026-08-14 19:27,persistent,tfm_declip_cov_l10.1_anat,1,0.5,100,306,0.197823,0.00635,23.78,96.88,9.09,6.95,3.23,2.9,96.3,3.69,1.23,3.24,1,2.37,0.5042,1.0551,0,8.92,5.12,23.65,98.12,97.7,,,,,,,0.8353,7.644,23.403,0.2548,cuda,0.7008,0.7592,2.794,0.4756,,,0.8686,0.7205,anatomical,0.575,,,,,,,,,,,,,,,
2026-08-14 20:19,clean,tfm_declip_cov_l10.1_anat,1,0.6,100,306,3.10E-05,4.60E-05,99.73,99.99,1.75,3.99,0.88,3.99,81.8,3.66,0.5,2.78,0.72,,0.4536,1.0985,0,2.02,3.99,99.77,99.99,83.1,36.89,50.87,71.37,0,0,0,0.9064,6.044,20.954,0.2015,cuda,0.621,0.6743,3.661,0.4756,88.75,5.36,0.8156,0.6399,anatomical,0.575,,,,,,,,,,,,,,,
2026-08-14 20:20,legacy80,tfm_declip_cov_l10.1_anat,1,0.6,100,306,0.065638,0.017291,75.56,95.86,8.9,9.08,2.98,3.15,82.1,4.53,1.52,4.74,1.03,3.15,0.4466,1.1426,0,8.87,8.91,83.15,97.39,80.5,,,,,,,0.9725,5.977,18.736,0.1992,cuda,0.6712,0.7189,3.107,0.4756,,,0.8525,0.6813,anatomical,0.575,,,,,,,,,,,,,,,
2026-08-14 20:20,transient,tfm_declip_cov_l10.1_anat,1,0.6,100,306,0.037644,0.004821,87.07,97.06,9.15,8.67,3.13,2.39,82.6,3.99,0.73,3.08,0.75,2.6,0.5525,1.1508,0,8.83,8.73,89.34,98.28,87.3,36.86,50.84,70.56,0,0,0,0.928,7.304,23.753,0.2435,cuda,0.6611,0.7065,3.332,0.4756,87.47,4.68,0.833,0.6677,anatomical,0.575,,,,,,,,,,,,,,,
2026-08-14 20:21,persistent,tfm_declip_cov_l10.1_anat,1,0.6,100,306,0.197823,0.001165,23.78,97.75,9.09,5.61,3.23,1.38,98.7,4.04,1.03,3.49,1.01,2.58,0.5042,1.1406,0,8.92,4.43,23.65,99.68,99.7,,,,,,,0.9367,6.958,24.061,0.2319,cuda,0.6623,0.7112,3.245,0.4756,,,0.8395,0.6722,anatomical,0.575,,,,,,,,,,,,,,,
2026-08-14 20:49,clean,tfm_declip_cov_l10.1_anat,1,0.7,100,306,3.10E-05,1.40E-05,99.73,99.95,1.75,2.25,0.88,1.19,72.8,3.56,0.48,2.85,0.84,,0.4536,1.0429,0,2.02,1.36,99.77,99.96,84.2,36.22,49.64,72.25,0,0,0,0.8484,4.335,7.721,0.1445,cuda,0.6178,0.6723,3.564,0.4756,90.34,8.15,0.8214,0.6385,anatomical,0.575,,,,,,,,,,,,,,,
2026-08-14 20:49,legacy80,tfm_declip_cov_l10.1_anat,1,0.7,100,306,0.065638,0.037043,75.56,82.16,8.9,8.8,2.98,2.61,36,4.64,1.42,5.16,0.92,3.53,0.4466,1.2107,0,8.87,8.7,83.15,93.89,74.2,,,,,,,1.0485,4.643,7.555,0.1548,cuda,0.6433,0.6937,3.251,0.4756,,,0.8411,0.6505,anatomical,0.575,,,,,,,,,,,,,,,
2026-08-14 20:50,transient,tfm_declip_cov_l10.1_anat,1,0.7,100,306,0.037644,0.00597,87.07,96.88,9.15,8.02,3.13,2.53,80.5,3.87,0.7,3.16,0.85,2.7,0.5525,1.0985,0,8.83,8.17,89.34,98.02,84.4,36.2,49.64,71.44,0,0,0.03,0.8738,4.434,7.556,0.1478,cuda,0.658,0.7051,3.245,0.4756,89.16,7.8,0.8386,0.6668,anatomical,0.575,,,,,,,,,,,,,,,
2026-08-14 20:51,persistent,tfm_declip_cov_l10.1_anat,1,0.7,100,306,0.197823,0.000851,23.78,98.16,9.09,5.09,3.23,1.18,99.1,3.86,0.93,3.6,1.1,2.7,0.5042,1.0896,0,8.92,5.09,23.65,99.77,99.7,,,,,,,0.8846,5.301,7.999,0.1767,cuda,0.6617,0.7154,3.104,0.4756,,,0.8484,0.6756,anatomical,0.575,,,,,,,,,,,,,,,
2026-08-15 3:03,clean,tfm_declip_cov_l10.1_anat,1,0.45,100,306,3.10E-05,0.001226,99.73,98.55,1.75,6.16,0.88,2.08,-1158.7,3.66,1,2.61,0.97,,0.4536,1.3422,0,2.02,2.91,99.77,99.56,-35.6,40.23,53.57,74.78,0,0,0,1.143,7.639,19.666,0.2546,cuda,0.6408,0.6985,3.664,0.4756,91.25,16.61,0.8364,0.6694,anatomical,0.575,,,,,,,,,,,,,,,
2026-08-15 3:03,legacy80,tfm_declip_cov_l10.1_anat,1,0.45,100,306,0.065638,0.017324,75.56,94.71,8.9,8.67,2.98,2.91,78.9,5.08,1.6,4.61,1.25,2.94,0.4466,1.3968,0,8.87,8.73,83.15,97.14,79.7,,,,,,,1.2329,7.584,16.775,0.2528,cuda,0.6651,0.7181,3.602,0.4756,,,0.8403,0.6698,anatomical,0.575,,,,,,,,,,,,,,,
2026-08-15 3:04,transient,tfm_declip_cov_l10.1_anat,1,0.45,100,306,0.037644,0.010646,87.07,94.87,9.15,8.93,3.13,2.53,68,4.04,1.2,2.96,1.02,2.47,0.5525,1.4056,0,8.83,8.86,89.34,97.52,78.6,39.89,53,73.36,0,0,0,1.1794,8.511,21.561,0.2837,cuda,0.675,0.7246,3.392,0.4756,89.81,15.96,0.8496,0.6919,anatomical,0.575,,,,,,,,,,,,,,,
2026-08-15 3:04,persistent,tfm_declip_cov_l10.1_anat,1,0.45,100,306,0.197823,0.003291,23.78,94.71,9.09,6.16,3.23,1.73,96.3,4.17,1.2,3.39,1.26,2.48,0.5042,1.3887,0,8.92,4.85,23.65,98.58,99.2,,,,,,,1.1848,7.932,17.688,0.2644,cuda,0.6752,0.7296,3.397,0.4756,,,0.8523,0.6948,anatomical,0.575,,,,,,,,,,,,,,,
2026-08-15 19:44,clean,tfm_declip_cov,1,0.2,100,306,2.70E-05,0.000222,99.72,99.79,2.44,4.69,0.65,2.13,-139.3,3.02,0.47,2.42,0.78,,0.4536,0.9817,0,3.06,4.69,99.69,99.88,35.7,37.8,54.36,77.37,0,0,0.54,0.7785,4.628,12.926,0.1543,cuda,0.6429,0.7023,3.016,0.4756,94.32,36.44,0.8609,0.6868,legacy,0.575,,,,,,,,,,,,,,,
2026-08-15 19:44,legacy80,tfm_declip_cov,1,0.2,100,306,0.049263,0.009803,74.01,97.04,9.95,9.17,2.99,3.23,87.7,4.35,1.34,4.62,1.08,3.04,0.4466,1.0388,0,9.92,9.97,79.3,97.37,84.9,,,,,,,0.8728,5.395,17.377,0.1798,cuda,0.6566,0.7043,2.854,0.4756,,,0.8695,0.6864,legacy,0.575,,,,,,,,,,,,,,,
2026-08-15 19:45,transient,tfm_declip_cov,1,0.2,100,306,0.027617,0.007488,86.86,95.52,9.64,8.83,3.02,2.63,70.3,3.33,0.61,2.77,0.8,2.32,0.5512,1.0392,0,9.88,9.67,88.05,96.41,73.6,37.4,54.04,76.2,0,0,0.31,0.8099,5.595,14.138,0.1865,cuda,0.6792,0.7309,2.761,0.4756,92.81,28.95,0.874,0.7105,legacy,0.575,,,,,,,,,,,,,,,
2026-08-15 19:45,persistent,tfm_declip_cov,1,0.2,100,306,0.13518,0.001631,25.88,99.32,9.87,6.94,3.05,2.84,99.2,3.21,0.76,3.2,1.15,2.4,0.4991,1.0303,0,9.97,5.87,22.77,99.54,99.4,,,,,,,0.8258,5.64,17.618,0.188,cuda,0.6862,0.7427,2.629,0.4756,,,0.8828,0.7225,legacy,0.575,,,,,,,,,,,,,,,
2026-08-15 19:46,clean,tfm_declip_cov,1,0.3,100,306,2.70E-05,0.000192,99.72,99.91,2.44,5.8,0.65,2.02,4.2,3.37,0.54,2.59,0.72,,0.4536,1.0489,0,3.06,5.8,99.69,99.92,68.5,36.82,50.77,73.78,0,0,0.04,0.8542,5.019,14.526,0.1673,cuda,0.6126,0.667,3.375,0.4756,92.28,20.09,0.8344,0.6534,legacy,0.575,,,,,,,,,,,,,,,
2026-08-15 19:47,legacy80,tfm_declip_cov,1,0.3,100,306,0.049263,0.008621,74.01,95.44,9.95,9.24,2.99,2.07,87.8,4.26,1.29,4.76,1.01,3.14,0.4466,1.0586,0,9.92,9.85,79.3,97.54,87,,,,,,,0.8918,5.237,15.395,0.1746,cuda,0.6711,0.7285,2.674,0.4756,,,0.8781,0.7086,legacy,0.575,,,,,,,,,,,,,,,
2026-08-15 19:47,transient,tfm_declip_cov,1,0.3,100,306,0.027617,0.005181,86.86,97.12,9.64,8.4,3.02,2.65,80.8,3.67,0.71,2.92,0.74,2.45,0.5512,1.0984,0,9.88,8.45,88.05,97.86,85.1,36.76,50.85,72.93,0,0,0.03,0.8769,5.876,17.185,0.1959,cuda,0.6546,0.7028,3.036,0.4756,90.92,16.98,0.8528,0.6838,legacy,0.575,,,,,,,,,,,,,,,
2026-08-15 19:48,persistent,tfm_declip_cov,1,0.3,100,306,0.13518,0.002547,25.88,98.81,9.87,6.81,3.05,2.63,98.6,3.63,0.94,3.32,1.08,2.47,0.4991,1.0661,0,9.97,5.91,22.77,99.23,99.1,,,,,,,0.8676,6.381,15.528,0.2127,cuda,0.6683,0.7231,2.831,0.4756,,,0.8659,0.7028,legacy,0.575,,,,,,,,,,,,,,,
2026-08-15 19:48,clean,tfm_declip_cov,1,0.4,100,306,2.70E-05,6.00E-06,99.72,99.99,2.44,1.83,0.65,1.83,89.2,3.83,0.52,2.79,0.74,,0.4536,1.1026,0,3.06,1.83,99.69,99.99,96.1,36.38,50.17,70.26,0,0,0,0.9088,4.213,11.517,0.1404,cuda,0.597,0.6441,3.827,0.4756,87.84,6.45,0.8075,0.6263,legacy,0.575,,,,,,,,,,,,,,,
2026-08-15 19:49,legacy80,tfm_declip_cov,1,0.4,100,306,0.049263,0.010685,74.01,92.25,9.95,9.42,2.99,1.66,83.4,4.35,1.71,4.84,1.05,3.21,0.4466,1.063,0,9.92,9.96,79.3,97.39,84.8,,,,,,,0.897,5.964,15.457,0.1988,cuda,0.6664,0.7156,2.873,0.4756,,,0.8653,0.6959,legacy,0.575,,,,,,,,,,,,,,,
2026-08-15 19:49,transient,tfm_declip_cov,1,0.4,100,306,0.027617,0.00366,86.86,97.4,9.64,8.17,3.02,2.45,83.9,4.09,0.68,3.1,0.76,2.63,0.5512,1.1483,0,9.88,8.9,88.05,98.07,87.6,36.26,50.11,69.71,0,0,0,0.9289,5.726,15.085,0.1909,cuda,0.6396,0.6811,3.451,0.4756,86.7,5.61,0.8281,0.6578,legacy,0.575,,,,,,,,,,,,,,,
2026-08-15 19:50,persistent,tfm_declip_cov,1,0.4,100,306,0.13518,0.000727,25.88,98.89,9.87,4.66,3.05,1.56,99.2,4,0.86,3.54,1.11,2.66,0.4991,1.1046,0,9.97,4.25,22.77,99.54,99.7,,,,,,,0.9037,6.236,18.341,0.2079,cuda,0.6466,0.6942,3.248,0.4756,,,0.8408,0.6711,legacy,0.575,,,,,,,,,,,,,,,
2026-08-15 19:53,clean,tfm_declip_cov,1,0.4,100,306,2.70E-05,6.00E-06,99.72,99.99,2.44,1.83,0.65,1.83,89.2,3.83,0.52,2.79,0.74,,0.4536,1.1026,0,3.06,1.83,99.69,99.99,96.1,36.38,50.17,70.26,0,0,0,0.9088,4.932,12.844,0.1644,cuda,0.597,0.6441,3.827,0.4756,87.84,6.45,0.8075,0.6263,legacy,0.575,,,,,,,,,,,,,,,
2026-08-15 19:54,legacy80,tfm_declip_cov,1,0.4,100,306,0.049263,0.010685,74.01,92.25,9.95,9.42,2.99,1.66,83.4,4.35,1.71,4.84,1.05,3.21,0.4466,1.063,0,9.92,9.96,79.3,97.39,84.8,,,,,,,0.897,4.773,14.375,0.1591,cuda,0.6664,0.7156,2.873,0.4756,,,0.8653,0.6959,legacy,0.575,,,,,,,,,,,,,,,
2026-08-15 19:54,transient,tfm_declip_cov,1,0.4,100,306,0.027617,0.00366,86.86,97.4,9.64,8.17,3.02,2.45,83.9,4.09,0.68,3.1,0.76,2.63,0.5512,1.1483,0,9.88,8.9,88.05,98.07,87.6,36.26,50.11,69.71,0,0,0,0.9289,4.597,12.094,0.1532,cuda,0.6396,0.6811,3.451,0.4756,86.7,5.61,0.8281,0.6578,legacy,0.575,,,,,,,,,,,,,,,
2026-08-15 19:55,persistent,tfm_declip_cov,1,0.4,100,306,0.13518,0.000727,25.88,98.89,9.87,4.66,3.05,1.56,99.2,4,0.86,3.54,1.11,2.66,0.4991,1.1046,0,9.97,4.25,22.77,99.54,99.7,,,,,,,0.9037,8.043,24.348,0.2681,cuda,0.6466,0.6942,3.248,0.4756,,,0.8408,0.6711,legacy,0.575,,,,,,,,,,,,,,,
2026-08-17 15:10,clean,tfm_declip_cov_MSEOnly_1.1_anat,1,0.3,100,306,3.10E-05,1.00E-06,99.73,99.98,1.75,0.97,0.88,0.78,92.9,3.72,0.55,3.22,0.73,,0.4536,1.0923,0,2.02,0,99.77,100,100,35.08,48.36,70.49,0,0,0,0.914,4.227,12.695,0.1409,cuda,0.6065,0.659,3.722,0.4756,90.39,13.32,0.8116,0.625,anatomical,0.575,,,,,,,,,,,,,,,
2026-08-17 15:11,legacy80,tfm_declip_cov_MSEOnly_1.1_anat,1,0.3,100,306,0.065638,0.007761,75.56,91.67,8.9,4.34,2.98,1.98,77.4,4.85,1.28,5.26,0.91,3.64,0.4466,1.1449,0,8.87,0,83.15,100,100,,,,,,,0.9862,6.219,17.901,0.2073,cuda,0.632,0.6824,3.37,0.4756,,,0.8284,0.6309,anatomical,0.575,,,,,,,,,,,,,,,
2026-08-17 15:12,transient,tfm_declip_cov_MSEOnly_1.1_anat,1,0.3,100,306,0.037644,0.000747,87.07,98.16,9.15,6.39,3.13,1.35,93.9,3.99,0.71,3.51,0.75,3.07,0.5525,1.1486,0,8.83,1.62,89.34,99.98,99.9,34.87,48.33,69.98,0,0,0.01,0.9483,6.03,17.526,0.201,cuda,0.6473,0.6932,3.377,0.4756,89.17,11.53,0.8304,0.6539,anatomical,0.575,,,,,,,,,,,,,,,
2026-08-17 15:12,persistent,tfm_declip_cov_MSEOnly_1.1_anat,1,0.3,100,306,0.197823,0.000345,23.78,98.65,9.09,2.98,3.23,1.18,99.4,3.91,0.94,3.88,0.99,3.1,0.5042,1.1341,0,8.92,0,23.65,100,100,,,,,,,0.9497,6.058,17.633,0.2019,cuda,0.6512,0.7038,3.27,0.4756,,,0.8375,0.6623,anatomical,0.575,,,,,,,,,,,,,,,
2026-08-18 17:33,clean,tfm_declip_cov_MSEOnly_1.1_anat,1,0.4,100,306,3.10E-05,0,99.73,99.99,1.75,0.02,0.88,0.02,99.9,3.83,0.52,3.13,0.79,,0.4536,1.3238,0,2.02,0,99.77,100,100,33.98,47.74,69.95,0,0,0,1.1638,4.041,7.987,0.1347,cuda,0.6027,0.6509,3.827,0.4756,89.2,6.76,0.8053,0.6131,anatomical,0.575,infer,8,1.8,0.2,trained4,5.652,0.1884,0.03,0,0.011,,,,,
2026-08-18 17:34,legacy80,tfm_declip_cov_MSEOnly_1.1_anat,1,0.4,100,306,0.065638,0.002355,75.56,93.15,8.9,4.73,2.98,1.12,89.4,5.33,1.27,5.7,0.91,4.04,0.4466,1.531,0,8.87,0,83.15,99.99,100,,,,,,,1.4017,5.073,9.175,0.1691,cuda,0.6258,0.6551,4.034,0.4756,,,0.797,0.6093,anatomical,0.575,infer,8,1.8,0.2,trained4,10.158,0.3386,2.39,0.003,0.1129,,,,,
2026-08-18 17:34,transient,tfm_declip_cov_MSEOnly_1.1_anat,1,0.4,100,306,0.037644,0.000989,87.07,98.01,9.15,5.2,3.13,1.41,93,4.11,0.71,3.44,0.83,2.99,0.5525,1.3917,0,8.83,0,89.34,100,100,33.68,47.45,69.18,0,0,0,1.2101,5.027,9.332,0.1676,cuda,0.6405,0.6812,3.528,0.4756,88.04,6.67,0.821,0.6381,anatomical,0.575,infer,8,1.8,0.2,trained4,8.243,0.2748,2.1,0,0.0929,,,,,
2026-08-18 17:35,persistent,tfm_declip_cov_MSEOnly_1.1_anat,1,0.4,100,306,0.197823,0.000468,23.78,98.42,9.09,4.56,3.23,0.96,99.4,4.09,0.82,3.86,1.08,3.03,0.5042,1.3734,0,8.92,0,23.65,100,100,,,,,,,1.2058,5.142,8.707,0.1714,cuda,0.6397,0.6834,3.502,0.4756,,,0.824,0.6407,anatomical,0.575,infer,8,1.8,0.2,trained4,6.251,0.2084,0.96,0,0.1008,,,,,
2026-08-18 18:59,clean,tfm_declip_cov_MSEOnly_1.2_anat,1,0.4,100,306,3.10E-05,2.00E-06,99.73,99.95,1.75,0.98,0.88,0.59,86.6,3.87,0.53,3.17,0.76,,0.4536,1.1373,0,2.02,0,99.77,100,100,31.33,44.85,69.94,0,0,0,0.9634,3.606,8.297,0.1202,cuda,0.594,0.6451,3.874,0.4756,88.84,9.41,0.7981,0.602,anatomical,0.575,infer,8,1.8,0.2,trained4,7.016,0.2339,0.03,0,0.0238,,,,,
2026-08-18 19:00,legacy80,tfm_declip_cov_MSEOnly_1.2_anat,1,0.4,100,306,0.065638,0.001781,75.56,92.93,8.9,4.7,2.98,0.97,90.6,4.71,1.61,5.21,1.01,3.5,0.4466,1.2679,0,8.87,0,83.15,100,100,,,,,,,1.1135,3.349,8.218,0.1116,cuda,0.656,0.7022,3.189,0.4756,,,0.8434,0.6538,anatomical,0.575,infer,8,1.8,0.2,trained4,11.253,0.3751,2.23,0,0.1066,,,,,
2026-08-18 19:01,transient,tfm_declip_cov_MSEOnly_1.2_anat,1,0.4,100,306,0.037644,0.000823,87.07,98.21,9.15,4.81,3.13,1.43,93.7,4.14,0.72,3.47,0.79,3.03,0.5525,1.2021,0,8.83,0,89.34,100,100,31.28,44.73,69.37,0,0,0,1.0041,2.92,5.298,0.0973,cuda,0.6341,0.6792,3.53,0.4756,87.79,8.25,0.8164,0.6302,anatomical,0.575,infer,8,1.8,0.2,trained4,10.732,0.3577,1.87,0,0.0744,,,,,
2026-08-18 19:01,persistent,tfm_declip_cov_MSEOnly_1.2_anat,1,0.4,100,306,0.197823,0.000465,23.78,98.74,9.09,4.34,3.23,1.15,99.4,3.94,0.84,3.81,1.04,3,0.5042,1.1761,0,8.92,0,23.65,100,100,,,,,,,0.9947,3.719,8.393,0.124,cuda,0.6397,0.6918,3.377,0.4756,,,0.8274,0.6425,anatomical,0.575,infer,8,1.8,0.2,trained4,8.025,0.2675,0.37,0,0.1053,,,,,
2026-08-19 02:20:07,clean,tfm_declip_cov_MSEOnly_1.2_anat,1.0,0.3,100,306,3.1e-05,0.0,99.73,100.0,1.75,0.0,0.88,0.0,100.0,3.65,0.59,2.95,0.76,,0.4536,1.1308,0.0,2.02,0.0,99.77,100.0,100.0,31.34,46.61,71.52,0.0,0.0,0.0,0.9513,3.181,6.923,0.106,cuda,0.6076,0.6635,3.649,0.4756,91.16,16.06,0.8145,0.6216,anatomical,0.575,infer,8,1.8,0.2,trained4,6.427,0.2142,0.03,0.0,0.0208,,,,,
2026-08-19 02:20:42,legacy80,tfm_declip_cov_MSEOnly_1.2_anat,1.0,0.3,100,306,0.065638,0.000905,75.56,97.36,8.9,4.36,2.98,1.06,96.2,4.58,1.37,5.08,1.0,3.45,0.4466,1.3725,0.0,8.87,0.01,83.15,99.99,100.0,,,,,,,1.2368,3.329,6.766,0.111,cuda,0.6508,0.7022,3.186,0.4756,,,0.8473,0.6599,anatomical,0.575,infer,8,1.8,0.2,trained4,10.679,0.356,2.21,0.01,0.1407,,,,,
2026-08-19 02:21:23,transient,tfm_declip_cov_MSEOnly_1.2_anat,1.0,0.3,100,306,0.037644,0.00116,87.07,97.81,9.15,5.0,3.13,1.53,91.7,3.94,0.77,3.26,0.78,2.81,0.5525,1.1987,0.0,8.83,0.0,89.34,100.0,100.0,31.39,46.69,70.9,0.0,0.0,0.0,0.9929,3.193,6.082,0.1064,cuda,0.6487,0.6979,3.303,0.4756,89.92,14.35,0.8329,0.6506,anatomical,0.575,infer,8,1.8,0.2,trained4,10.578,0.3526,2.05,0.0,0.0714,,,,,
2026-08-19 02:22:09,persistent,tfm_declip_cov_MSEOnly_1.2_anat,1.0,0.3,100,306,0.197823,0.000214,23.78,98.9,9.09,2.56,3.23,1.07,99.5,3.87,0.97,3.65,1.03,2.81,0.5042,1.2164,0.0,8.92,0.0,23.65,100.0,100.0,,,,,,,1.0313,3.171,5.574,0.1057,cuda,0.652,0.7066,3.213,0.4756,,,0.8401,0.6602,anatomical,0.575,infer,8,1.8,0.2,trained4,7.366,0.2455,0.59,0.0,0.1838,,,,,
2026-08-21 22:11:19,clean,tfm_declip_cov_MSEOnly_1.3_anat,1.0,0.3,100,306,3.1e-05,2.1e-05,99.73,99.98,1.75,2.48,0.88,2.47,77.5,3.42,0.5,2.88,0.72,,0.4536,1.0982,0.0,2.02,0.0,99.77,100.0,100.0,32.24,48.71,73.55,0.0,0.0,0.01,0.9157,3.197,3.84,0.1066,cuda,0.6203,0.6806,3.42,0.4756,92.69,29.66,0.8308,0.6396,anatomical,0.575,infer,8,1.8,0.2,trained4,5.17,0.1723,0.01,0.0,0.0127,,,,,
2026-08-21 22:11:48,legacy80,tfm_declip_cov_MSEOnly_1.3_anat,1.0,0.3,100,306,0.065638,0.000792,75.56,96.8,8.9,4.17,2.98,0.84,96.3,4.42,1.31,5.12,0.88,3.43,0.4466,1.309,0.0,8.87,0.05,83.15,99.99,100.0,,,,,,,1.1581,3.497,3.65,0.1166,cuda,0.6806,0.735,2.883,0.4756,,,0.8646,0.6913,anatomical,0.575,infer,8,1.8,0.2,trained4,9.199,0.3066,2.19,0.047,0.1248,,,,,
2026-08-21 22:12:19,transient,tfm_declip_cov_MSEOnly_1.3_anat,1.0,0.3,100,306,0.037644,0.001283,87.07,97.58,9.15,4.88,3.13,1.51,91.0,3.73,0.67,3.19,0.74,2.75,0.5525,1.169,0.0,8.83,0.0,89.34,100.0,100.0,32.1,48.58,72.65,0.0,0.0,0.04,0.9605,3.512,3.804,0.1171,cuda,0.6593,0.7119,3.123,0.4756,91.13,23.31,0.8464,0.6654,anatomical,0.575,infer,8,1.8,0.2,trained4,7.978,0.2659,2.32,0.0,0.076,,,,,
2026-08-21 22:12:52,persistent,tfm_declip_cov_MSEOnly_1.3_anat,1.0,0.3,100,306,0.197823,0.00028,23.78,98.49,9.09,2.97,3.23,1.02,99.4,3.64,0.9,3.59,0.98,2.79,0.5042,1.1586,0.0,8.92,0.0,23.65,100.0,100.0,,,,,,,0.9682,3.638,3.829,0.1213,cuda,0.6656,0.7223,3.033,0.4756,,,0.853,0.6762,anatomical,0.575,infer,8,1.8,0.2,trained4,5.253,0.1751,0.59,0.0,0.2381,,,,,
2026-08-21 22:32:49,clean,tfm_declip_cov_MSEOnly_1.3_anat,1.0,0.4,100,306,3.1e-05,1.1e-05,99.73,99.92,1.75,1.65,0.88,0.57,81.7,4.09,0.54,3.19,0.74,,0.4536,1.0587,0.0,2.02,0.0,99.77,100.0,100.0,32.23,46.29,68.64,0.0,0.0,0.0,0.8785,3.204,3.841,0.1068,cuda,0.592,0.6405,4.094,0.4756,87.16,4.1,0.7868,0.5992,anatomical,0.575,infer,8,1.8,0.2,trained4,4.953,0.1651,0.04,0.0,0.0164,,,,,
2026-08-21 22:33:19,legacy80,tfm_declip_cov_MSEOnly_1.3_anat,1.0,0.4,100,306,0.065638,0.002604,75.56,91.3,8.9,4.63,2.98,1.03,87.7,4.7,1.76,5.25,0.97,3.57,0.4466,1.1452,0.0,8.87,0.13,83.15,99.98,100.0,,,,,,,0.9853,3.525,3.801,0.1175,cuda,0.6627,0.7105,3.213,0.4756,,,0.8414,0.6639,anatomical,0.575,infer,8,1.8,0.2,trained4,9.581,0.3194,2.72,0.125,0.1321,,,,,
2026-08-21 22:33:50,transient,tfm_declip_cov_MSEOnly_1.3_anat,1.0,0.4,100,306,0.037644,0.000951,87.07,97.84,9.15,4.77,3.13,1.41,92.5,4.34,0.76,3.46,0.77,3.01,0.5525,1.1268,0.0,8.83,0.04,89.34,99.99,100.0,32.04,46.29,68.29,0.0,0.0,0.0,0.9211,3.58,3.871,0.1193,cuda,0.6339,0.6764,3.709,0.4756,86.27,3.68,0.8076,0.6293,anatomical,0.575,infer,8,1.8,0.2,trained4,7.684,0.2561,1.82,0.036,0.0665,,,,,
2026-08-21 22:34:24,persistent,tfm_declip_cov_MSEOnly_1.3_anat,1.0,0.4,100,306,0.197823,0.000302,23.78,99.22,9.09,3.25,3.23,1.34,99.6,4.15,0.97,3.81,1.01,2.95,0.5042,1.1041,0.0,8.92,0.0,23.65,100.0,100.0,,,,,,,0.9143,3.558,3.824,0.1186,cuda,0.6427,0.692,3.499,0.4756,,,0.8222,0.6451,anatomical,0.575,infer,8,1.8,0.2,trained4,5.067,0.1689,0.12,0.0,0.0725,,,,,
2026-08-23 21:52:55,clean,tfm_declip_cov_MSEOnly_1.1_anat,1.0,0.3,100,306,3.1e-05,1e-06,99.73,99.98,1.75,0.97,0.88,0.78,92.9,3.72,0.55,3.22,0.73,,0.4536,1.0923,0.0,2.02,0.0,99.77,100.0,100.0,35.08,48.36,70.49,0.0,0.0,0.0,0.914,5.497,13.859,0.1832,cuda,0.6065,0.659,3.722,0.4756,90.39,13.32,0.8116,0.625,anatomical,0.575,infer,8,1.8,0.2,trained4,5.628,0.1876,0.04,0.0,0.0602,,,,,
2026-08-23 21:53:28,legacy80,tfm_declip_cov_MSEOnly_1.1_anat,1.0,0.3,100,306,0.065638,0.007761,75.56,91.67,8.9,4.34,2.98,1.98,77.4,4.85,1.28,5.26,0.91,3.64,0.4466,1.1449,0.0,8.87,0.0,83.15,100.0,100.0,,,,,,,0.9862,6.038,17.053,0.2013,cuda,0.632,0.6824,3.37,0.4756,,,0.8284,0.6309,anatomical,0.575,infer,8,1.8,0.2,trained4,8.091,0.2697,1.46,0.0,0.0805,,,,,
2026-08-23 21:54:02,transient,tfm_declip_cov_MSEOnly_1.1_anat,1.0,0.3,100,306,0.037644,0.000747,87.07,98.16,9.15,6.39,3.13,1.35,93.9,3.99,0.71,3.51,0.75,3.07,0.5525,1.1486,0.0,8.83,1.62,89.34,99.98,99.9,34.87,48.33,69.98,0.0,0.0,0.01,0.9483,5.639,17.358,0.188,cuda,0.6473,0.6932,3.377,0.4756,89.17,11.53,0.8304,0.6539,anatomical,0.575,infer,8,1.8,0.2,trained4,8.601,0.2867,1.79,1.62,0.0701,,,,,
2026-08-23 21:54:39,persistent,tfm_declip_cov_MSEOnly_1.1_anat,1.0,0.3,100,306,0.197823,0.000345,23.78,98.65,9.09,2.98,3.23,1.18,99.4,3.91,0.94,3.88,0.99,3.1,0.5042,1.1341,0.0,8.92,0.0,23.65,100.0,100.0,,,,,,,0.9497,6.018,17.729,0.2006,cuda,0.6512,0.7038,3.27,0.4756,,,0.8375,0.6623,anatomical,0.575,infer,8,1.8,0.2,trained4,5.85,0.195,0.4,0.0,0.1392,,,,,
2026-08-23 21:55:11,clean,tfm_declip_cov_l10.1_anat,1.0,0.3,100,306,3.1e-05,0.001295,99.73,98.32,1.75,6.83,0.88,2.25,-1478.3,3.47,0.98,2.29,0.86,,0.4536,1.2831,0.0,2.02,0.0,99.77,100.0,100.0,42.12,56.13,76.09,0.0,0.0,0.0,1.0733,5.723,15.608,0.1908,cuda,0.6561,0.7143,3.469,0.4756,92.16,25.2,0.8476,0.6862,anatomical,0.575,infer,8,1.8,0.2,trained4,7.118,0.2373,0.82,0.0,0.038,,,,,
2026-08-23 21:55:44,legacy80,tfm_declip_cov_l10.1_anat,1.0,0.3,100,306,0.065638,0.001388,75.56,97.63,8.9,6.19,2.98,1.72,94.4,4.68,1.42,4.3,1.13,2.71,0.4466,1.3403,0.0,8.87,0.01,83.15,99.99,100.0,,,,,,,1.171,6.01,17.155,0.2003,cuda,0.6931,0.7406,3.306,0.4756,,,0.8572,0.6954,anatomical,0.575,infer,8,1.8,0.2,trained4,11.109,0.3703,2.61,0.013,0.1223,,,,,
2026-08-23 21:56:19,transient,tfm_declip_cov_l10.1_anat,1.0,0.3,100,306,0.037644,0.002509,87.07,96.09,9.15,6.51,3.13,1.74,83.2,3.84,1.16,2.65,0.9,2.15,0.5525,1.353,0.0,8.83,0.12,89.34,99.99,100.0,41.77,55.6,74.76,0.0,0.0,0.0,1.1162,6.195,18.933,0.2065,cuda,0.6903,0.7409,3.199,0.4756,90.52,20.99,0.8609,0.7097,anatomical,0.575,infer,8,1.8,0.2,trained4,10.362,0.3454,3.14,0.123,0.0774,,,,,
2026-08-23 21:56:57,persistent,tfm_declip_cov_l10.1_anat,1.0,0.3,100,306,0.197823,0.001384,23.78,97.35,9.09,6.83,3.23,1.69,98.2,3.95,1.14,3.1,1.19,2.21,0.5042,1.3031,0.0,8.92,0.0,23.65,100.0,100.0,,,,,,,1.0878,6.429,19.382,0.2143,cuda,0.6961,0.7497,3.163,0.4756,,,0.8652,0.7173,anatomical,0.575,infer,8,1.8,0.2,trained4,7.406,0.2469,1.21,0.0,0.0572,,,,,
2026-08-23 21:57:29,clean,tfm_declip_cov_l10.1_anat,1.0,0.4,100,306,3.1e-05,0.000205,99.73,99.59,1.75,4.66,0.88,1.79,-210.2,3.85,1.2,2.56,0.89,,0.4536,1.3082,0.0,2.02,0.0,99.77,100.0,100.0,40.45,54.81,73.51,0.0,0.0,0.0,1.0968,6.001,18.246,0.2,cuda,0.6409,0.6934,3.846,0.4756,90.1,11.35,0.8297,0.6646,anatomical,0.575,infer,8,1.8,0.2,trained4,5.619,0.1873,0.15,0.0,0.0674,,,,,
2026-08-23 21:58:01,legacy80,tfm_declip_cov_l10.1_anat,1.0,0.4,100,306,0.065638,0.000626,75.56,98.25,8.9,5.15,2.98,1.16,97.2,5.51,1.39,4.92,1.11,3.38,0.4466,1.4913,0.0,8.87,0.0,83.15,100.0,100.0,,,,,,,1.3292,6.028,19.642,0.2009,cuda,0.6444,0.6764,4.313,0.4756,,,0.8158,0.6395,anatomical,0.575,infer,8,1.8,0.2,trained4,8.982,0.2994,1.7,0.0,0.1014,,,,,
2026-08-23 21:58:36,transient,tfm_declip_cov_l10.1_anat,1.0,0.4,100,306,0.037644,0.002058,87.07,96.78,9.15,5.66,3.13,1.61,87.2,4.21,1.36,2.91,0.94,2.4,0.5525,1.3907,0.0,8.83,0.0,89.34,100.0,100.0,40.08,54.19,72.26,0.0,0.0,0.0,1.1531,6.248,21.349,0.2083,cuda,0.6746,0.7198,3.56,0.4756,88.55,10.45,0.8432,0.6873,anatomical,0.575,infer,8,1.8,0.2,trained4,9.692,0.3231,3.44,0.0,0.1218,,,,,
2026-08-23 21:59:13,persistent,tfm_declip_cov_l10.1_anat,1.0,0.4,100,306,0.197823,0.000792,23.78,97.25,9.09,4.66,3.23,1.1,98.8,4.31,1.36,3.37,1.21,2.49,0.5042,1.3714,0.0,8.92,0.0,23.65,100.0,100.0,,,,,,,1.1575,6.671,20.731,0.2224,cuda,0.6736,0.7201,3.652,0.4756,,,0.8422,0.6876,anatomical,0.575,infer,8,1.8,0.2,trained4,6.351,0.2117,0.95,0.0,0.1231,,,,,
2026-08-23 21:59:45,clean,tfm_declip_cov_l10.1_anat,1.0,0.5,100,306,3.1e-05,9e-06,99.73,99.95,1.75,1.73,0.88,0.99,77.3,3.32,0.76,2.45,0.66,,0.4536,1.0113,0.0,2.02,0.0,99.77,100.0,100.0,38.9,55.09,76.22,0.0,0.0,0.17,0.8004,5.651,17.731,0.1884,cuda,0.6523,0.7108,3.325,0.4756,90.07,20.49,0.8373,0.6759,anatomical,0.575,infer,8,1.8,0.2,trained4,5.733,0.1911,0.07,0.0,0.0175,,,,,
2026-08-23 22:00:25,legacy80,tfm_declip_cov_l10.1_anat,1.0,0.5,100,306,0.065638,0.000801,75.56,94.87,8.9,4.11,2.98,0.67,95.3,4.12,1.45,4.51,1.02,2.84,0.4466,1.1459,0.0,8.87,0.0,83.15,99.99,100.0,,,,,,,0.9788,6.679,19.092,0.2226,cuda,0.7186,0.7744,2.57,0.4756,,,0.8877,0.7425,anatomical,0.575,infer,8,1.8,0.2,trained4,12.277,0.4092,1.99,0.004,0.1042,,,,,
2026-08-23 22:01:06,transient,tfm_declip_cov_l10.1_anat,1.0,0.5,100,306,0.037644,0.001172,87.07,97.93,9.15,5.45,3.13,1.58,91.9,3.68,0.9,2.8,0.69,2.3,0.5525,1.0826,0.0,8.83,0.0,89.34,100.0,100.0,38.75,54.89,75.22,0.0,0.0,0.24,0.8366,6.821,17.783,0.2274,cuda,0.6932,0.7451,2.964,0.4756,88.73,15.97,0.8568,0.7063,anatomical,0.575,infer,8,1.8,0.2,trained4,11.762,0.3921,2.43,0.0,0.0741,,,,,
2026-08-23 22:01:51,persistent,tfm_declip_cov_l10.1_anat,1.0,0.5,100,306,0.197823,0.000882,23.78,97.92,9.09,4.21,3.23,1.56,98.7,3.69,1.23,3.24,1.0,2.37,0.5042,1.063,0.0,8.92,0.11,23.65,99.99,100.0,,,,,,,0.8434,9.885,24.586,0.3295,cuda,0.7006,0.759,2.799,0.4756,,,0.8683,0.7202,anatomical,0.575,infer,8,1.8,0.2,trained4,7.614,0.2538,1.88,0.106,0.3033,,,,,
2026-08-23 22:04:22,clean,tfm_declip_cov_MSEOnly_1.2_anat,1.0,0.3,100,306,3.1e-05,4.9e-05,99.73,99.97,1.75,4.04,0.88,3.18,56.5,3.65,0.59,2.95,0.76,,0.4536,1.1307,0.0,2.02,4.04,99.77,99.97,62.0,31.34,46.61,71.52,0.0,0.0,0.0,0.9512,3.951,10.073,0.1317,cuda,0.6076,0.6635,3.649,0.4756,91.16,16.05,0.8145,0.6216,anatomical,0.575,off,,,,,,,,,,,,,,
2026-08-23 22:04:58,legacy80,tfm_declip_cov_MSEOnly_1.2_anat,1.0,0.3,100,306,0.065638,0.013158,75.56,96.09,8.9,8.94,2.98,2.7,85.5,4.57,1.36,5.07,1.0,3.44,0.4466,1.3527,0.0,8.87,8.87,83.15,97.79,84.7,,,,,,,1.2165,5.917,12.876,0.1972,cuda,0.6511,0.7026,3.182,0.4756,,,0.8477,0.6605,anatomical,0.575,off,,,,,,,,,,,,,,
2026-08-23 22:05:37,transient,tfm_declip_cov_MSEOnly_1.2_anat,1.0,0.3,100,306,0.037644,0.00566,87.07,96.78,9.15,8.67,3.13,2.56,79.6,3.94,0.76,3.26,0.78,2.81,0.5525,1.1857,0.0,8.83,8.74,89.34,97.95,85.1,31.44,46.71,70.9,0.0,0.0,0.0,0.978,5.148,11.283,0.1716,cuda,0.6489,0.6981,3.3,0.4756,89.91,14.27,0.8331,0.6508,anatomical,0.575,off,,,,,,,,,,,,,,
2026-08-23 22:06:20,persistent,tfm_declip_cov_MSEOnly_1.2_anat,1.0,0.3,100,306,0.197823,0.002419,23.78,98.64,9.09,6.67,3.23,2.3,98.7,3.87,0.97,3.65,1.03,2.81,0.5042,1.2146,0.0,8.92,4.73,23.65,99.41,99.3,,,,,,,1.0293,5.253,15.956,0.1751,cuda,0.652,0.7066,3.213,0.4756,,,0.8401,0.6602,anatomical,0.575,off,,,,,,,,,,,,,,
2026-08-23 22:06:57,clean,tfm_declip_cov_MSEOnly_1.3_anat,1.0,0.3,100,306,3.1e-05,4.2e-05,99.73,99.98,1.75,3.91,0.88,3.18,71.0,3.42,0.5,2.88,0.72,,0.4536,1.0982,0.0,2.02,0.89,99.77,99.99,96.2,32.24,48.71,73.55,0.0,0.0,0.01,0.9157,5.242,15.486,0.1747,cuda,0.6203,0.6806,3.42,0.4756,92.69,29.66,0.8308,0.6396,anatomical,0.575,off,,,,,,,,,,,,,,
2026-08-23 22:07:34,legacy80,tfm_declip_cov_MSEOnly_1.3_anat,1.0,0.3,100,306,0.065638,0.01126,75.56,95.57,8.9,8.61,2.98,2.22,86.5,4.42,1.31,5.12,0.88,3.43,0.4466,1.2879,0.0,8.87,8.91,83.15,97.81,85.9,,,,,,,1.1358,4.886,12.036,0.1629,cuda,0.6812,0.7356,2.878,0.4756,,,0.865,0.6921,anatomical,0.575,off,,,,,,,,,,,,,,
2026-08-23 22:08:11,transient,tfm_declip_cov_MSEOnly_1.3_anat,1.0,0.3,100,306,0.037644,0.006689,87.07,96.38,9.15,8.47,3.13,2.55,77.2,3.73,0.67,3.19,0.74,2.75,0.5525,1.1509,0.0,8.83,8.86,89.34,97.68,82.9,32.12,48.64,72.66,0.0,0.0,0.04,0.9408,3.411,6.265,0.1137,cuda,0.6595,0.7121,3.12,0.4756,91.12,23.21,0.8466,0.6657,anatomical,0.575,off,,,,,,,,,,,,,,
2026-08-23 22:08:53,persistent,tfm_declip_cov_MSEOnly_1.3_anat,1.0,0.3,100,306,0.197823,0.002298,23.78,98.28,9.09,6.09,3.23,2.0,98.6,3.64,0.9,3.59,0.98,2.79,0.5042,1.1582,0.0,8.92,4.97,23.65,99.41,99.4,,,,,,,0.9678,9.604,24.759,0.3201,cuda,0.6656,0.7224,3.032,0.4756,,,0.8531,0.6763,anatomical,0.575,off,,,,,,,,,,,,,,
2026-08-23 22:09:57,clean,tfm_declip_cov_MSEOnly_1.1_anat,1.0,0.3,100,306,3.1e-05,6.6e-05,99.73,99.96,1.75,4.43,0.88,3.47,36.8,3.72,0.55,3.22,0.73,,0.4536,1.0921,0.0,2.02,4.43,99.77,99.96,56.9,35.08,48.35,70.49,0.0,0.0,0.0,0.9137,4.929,12.928,0.1643,cuda,0.6065,0.659,3.722,0.4756,90.39,13.32,0.8116,0.625,anatomical,0.575,off,,,,,,,,,,,,,,
2026-08-23 22:10:33,legacy80,tfm_declip_cov_MSEOnly_1.1_anat,1.0,0.3,100,306,0.065638,0.012278,75.56,90.99,8.9,8.0,2.98,2.22,72.6,4.85,1.28,5.26,0.9,3.63,0.4466,1.14,0.0,8.87,8.25,83.15,98.54,93.0,,,,,,,0.9813,5.525,11.945,0.1842,cuda,0.632,0.6825,3.369,0.4756,,,0.8285,0.6311,anatomical,0.575,off,,,,,,,,,,,,,,
2026-08-23 22:11:12,transient,tfm_declip_cov_MSEOnly_1.1_anat,1.0,0.3,100,306,0.037644,0.004503,87.07,97.23,9.15,8.29,3.13,2.41,83.5,3.99,0.71,3.51,0.75,3.07,0.5525,1.1396,0.0,8.83,8.69,89.34,98.21,86.5,34.89,48.37,69.99,0.0,0.0,0.01,0.9382,5.77,15.054,0.1923,cuda,0.6474,0.6934,3.374,0.4756,89.17,11.51,0.8306,0.6541,anatomical,0.575,off,,,,,,,,,,,,,,
2026-08-23 22:11:53,persistent,tfm_declip_cov_MSEOnly_1.1_anat,1.0,0.3,100,306,0.197823,0.001309,23.78,98.46,9.09,6.82,3.23,1.71,98.9,3.91,0.94,3.88,0.99,3.1,0.5042,1.1305,0.0,8.92,5.05,23.65,99.6,99.6,,,,,,,0.9458,9.197,21.761,0.3066,cuda,0.6512,0.7039,3.269,0.4756,,,0.8375,0.6623,anatomical,0.575,off,,,,,,,,,,,,,,
2026-08-24 13:01:00,clean,tfm_declip_cov_MSEOnly_1.05_anat,1.0,0.3,100,306,3.1e-05,1e-06,99.73,99.98,1.75,0.7,0.88,0.69,93.7,3.73,0.53,3.19,0.83,,0.4536,1.1898,0.0,2.02,0.0,99.77,100.0,100.0,34.25,47.85,71.88,0.0,0.0,0.0,1.0186,3.151,3.83,0.105,cuda,0.6127,0.6654,3.73,0.4756,89.36,6.39,0.8114,0.6273,anatomical,0.575,infer,8,1.8,0.2,trained4,5.322,0.1774,0.03,0.0,0.0369,,,,,
2026-08-24 13:01:30,legacy80,tfm_declip_cov_MSEOnly_1.05_anat,1.0,0.3,100,306,0.065638,0.000804,75.56,97.42,8.9,4.39,2.98,0.99,96.5,4.3,1.42,5.09,1.02,3.46,0.4466,1.2474,0.0,8.87,0.0,83.15,100.0,100.0,,,,,,,1.0967,3.512,3.804,0.1171,cuda,0.6761,0.7293,2.917,0.4756,,,0.8661,0.6936,anatomical,0.575,infer,8,1.8,0.2,trained4,7.801,0.26,1.88,0.0,0.1174,,,,,
2026-08-24 13:02:00,transient,tfm_declip_cov_MSEOnly_1.05_anat,1.0,0.3,100,306,0.037644,0.000793,87.07,98.13,9.15,4.16,3.13,1.36,93.7,4.0,0.72,3.49,0.85,3.05,0.5525,1.2515,0.0,8.83,0.0,89.34,100.0,100.0,34.08,47.75,71.2,0.0,0.0,0.0,1.0595,3.508,3.796,0.1169,cuda,0.6515,0.6968,3.413,0.4756,88.27,5.96,0.8279,0.6536,anatomical,0.575,infer,8,1.8,0.2,trained4,7.585,0.2528,1.88,0.0,0.072,,,,,
2026-08-24 13:02:34,persistent,tfm_declip_cov_MSEOnly_1.05_anat,1.0,0.3,100,306,0.197823,0.000127,23.78,98.94,9.09,2.34,3.23,0.68,99.7,3.81,0.92,3.82,1.06,3.02,0.5042,1.2298,0.0,8.92,0.0,23.65,100.0,100.0,,,,,,,1.0528,3.536,3.817,0.1179,cuda,0.659,0.7114,3.221,0.4756,,,0.8404,0.6679,anatomical,0.575,infer,8,1.8,0.2,trained4,5.233,0.1744,0.33,0.0,0.1646,,,,,
2026-08-24 13:21:50,clean,tfm_declip_cov_MSEOnly_1.05_anat,1.0,0.4,100,306,3.1e-05,0.000243,99.73,99.4,1.75,4.96,0.88,1.52,-281.7,4.74,1.28,3.74,1.07,,0.4536,1.51,0.0,2.02,0.0,99.77,100.0,100.0,32.18,44.96,64.91,0.0,0.0,0.0,1.3537,3.047,3.555,0.1016,cuda,0.57,0.6137,4.741,0.4756,84.02,3.66,0.7592,0.5746,anatomical,0.575,infer,8,1.8,0.2,trained4,5.144,0.1715,0.05,0.0,0.0053,,,,,
2026-08-24 13:22:19,legacy80,tfm_declip_cov_MSEOnly_1.05_anat,1.0,0.4,100,306,0.065638,0.001504,75.56,96.64,8.9,6.98,2.98,1.38,93.7,5.69,1.45,5.63,1.08,4.07,0.4466,1.6008,0.0,8.87,0.0,83.15,100.0,100.0,,,,,,,1.4659,3.495,3.789,0.1165,cuda,0.6159,0.6473,4.478,0.4756,,,0.7777,0.6015,anatomical,0.575,infer,8,1.8,0.2,trained4,7.825,0.2608,1.72,0.0,0.0802,,,,,
2026-08-24 13:22:49,transient,tfm_declip_cov_MSEOnly_1.05_anat,1.0,0.4,100,306,0.037644,0.000884,87.07,98.14,9.15,5.24,3.13,1.51,93.1,4.98,1.41,4.0,1.09,3.54,0.5525,1.5688,0.0,8.83,0.0,89.34,100.0,100.0,32.05,44.98,64.58,0.0,0.0,0.0,1.3958,3.5,3.788,0.1167,cuda,0.6111,0.6482,4.364,0.4756,83.18,3.57,0.7789,0.6032,anatomical,0.575,infer,8,1.8,0.2,trained4,6.201,0.2067,1.31,0.0,0.0784,,,,,
2026-08-24 13:23:22,persistent,tfm_declip_cov_MSEOnly_1.05_anat,1.0,0.4,100,306,0.197823,0.000602,23.78,98.46,9.09,4.96,3.23,1.32,99.2,4.96,1.37,4.37,1.26,3.51,0.5042,1.5639,0.0,8.92,0.0,23.65,100.0,100.0,,,,,,,1.4024,3.536,3.82,0.1179,cuda,0.6067,0.646,4.456,0.4756,,,0.776,0.6002,anatomical,0.575,infer,8,1.8,0.2,trained4,5.304,0.1768,0.33,0.0,0.0619,,,,,
2026-08-24 13:23:50,clean,tfm_declip_cov_MSEOnly_1.05_anat,1.0,0.4,100,306,3.1e-05,0.000284,99.73,99.4,1.75,4.96,0.88,1.6,-301.5,4.74,1.28,3.74,1.07,,0.4536,1.51,0.0,2.02,1.07,99.77,99.95,90.6,32.18,44.96,64.91,0.0,0.0,0.0,1.3536,2.964,3.544,0.0988,cuda,0.57,0.6137,4.741,0.4756,84.02,3.66,0.7592,0.5746,anatomical,0.575,off,,,,,,,,,,,,,,
2026-08-24 13:24:16,legacy80,tfm_declip_cov_MSEOnly_1.05_anat,1.0,0.4,100,306,0.065638,0.008146,75.56,95.77,8.9,8.67,2.98,2.23,87.1,5.7,1.45,5.63,1.08,4.06,0.4466,1.5916,0.0,8.87,8.85,83.15,98.28,90.4,,,,,,,1.457,3.525,3.815,0.1175,cuda,0.6159,0.6473,4.477,0.4756,,,0.7777,0.6016,anatomical,0.575,off,,,,,,,,,,,,,,
2026-08-24 13:24:44,transient,tfm_declip_cov_MSEOnly_1.05_anat,1.0,0.4,100,306,0.037644,0.003369,87.07,97.41,9.15,7.8,3.13,2.29,85.4,4.98,1.41,4.0,1.09,3.54,0.5525,1.5621,0.0,8.83,8.16,89.34,98.69,90.1,32.05,45.0,64.58,0.0,0.0,0.0,1.3886,3.507,3.8,0.1169,cuda,0.6111,0.6483,4.363,0.4756,83.16,3.56,0.7789,0.6033,anatomical,0.575,off,,,,,,,,,,,,,,
2026-08-24 13:25:15,persistent,tfm_declip_cov_MSEOnly_1.05_anat,1.0,0.4,100,306,0.197823,0.001186,23.78,98.43,9.09,5.35,3.23,1.76,98.9,4.96,1.37,4.37,1.26,3.51,0.5042,1.5635,0.0,8.92,3.18,23.65,99.67,99.8,,,,,,,1.402,3.532,3.822,0.1177,cuda,0.6067,0.646,4.455,0.4756,,,0.776,0.6002,anatomical,0.575,off,,,,,,,,,,,,,,
2026-08-24 13:25:43,clean,tfm_declip_cov_MSEOnly_1.05_anat,1.0,0.3,100,306,3.1e-05,6.1e-05,99.73,99.97,1.75,4.27,0.88,3.51,52.1,3.73,0.53,3.19,0.83,,0.4536,1.1895,0.0,2.02,4.27,99.77,99.97,71.1,34.25,47.85,71.88,0.0,0.0,0.0,1.0183,2.975,3.566,0.0992,cuda,0.6127,0.6654,3.73,0.4756,89.36,6.41,0.8114,0.6273,anatomical,0.575,off,,,,,,,,,,,,,,
2026-08-24 13:26:10,legacy80,tfm_declip_cov_MSEOnly_1.05_anat,1.0,0.3,100,306,0.065638,0.010023,75.56,96.3,8.9,8.51,2.98,2.44,87.6,4.31,1.42,5.09,1.02,3.45,0.4466,1.2367,0.0,8.87,8.8,83.15,98.12,87.2,,,,,,,1.086,3.504,3.795,0.1168,cuda,0.6763,0.7296,2.914,0.4756,,,0.8663,0.694,anatomical,0.575,off,,,,,,,,,,,,,,
2026-08-24 13:26:38,transient,tfm_declip_cov_MSEOnly_1.05_anat,1.0,0.3,100,306,0.037644,0.005083,87.07,97.15,9.15,8.06,3.13,2.48,82.5,4.0,0.72,3.48,0.85,3.05,0.5525,1.2397,0.0,8.83,8.46,89.34,98.12,86.0,34.13,47.78,71.21,0.0,0.0,0.0,1.0468,3.501,3.766,0.1167,cuda,0.6516,0.6969,3.411,0.4756,88.25,5.95,0.8281,0.6538,anatomical,0.575,off,,,,,,,,,,,,,,
2026-08-24 13:27:09,persistent,tfm_declip_cov_MSEOnly_1.05_anat,1.0,0.3,100,306,0.197823,0.000993,23.78,98.91,9.09,4.82,3.23,1.45,99.4,3.81,0.92,3.82,1.06,3.02,0.5042,1.2284,0.0,8.92,4.47,23.65,99.67,99.6,,,,,,,1.0512,3.531,3.816,0.1177,cuda,0.659,0.7115,3.22,0.4756,,,0.8404,0.6679,anatomical,0.575,off,,,,,,,,,,,,,,
2026-08-26 19:06:29,clean,tfm_declip_cov_l10.1_anat,1.0,0.5,100,306,3.1e-05,1e-06,99.73,99.98,1.75,1.16,0.88,0.59,94.6,3.35,0.73,2.85,0.96,,0.4536,0.4304,0.0,2.02,0.0,99.77,100.0,100.0,39.5,55.17,75.68,0.0,0.0,0.03,0.2998,8.431,20.732,0.281,cuda,0.6499,0.7078,3.354,0.4756,89.89,18.97,0.835,0.6741,anatomical,0.575,infer,8,1.8,0.2,trained4,6.309,0.2103,0.04,0.0,0.0268,ma_zerophase,5,,0.0117,4.6397
2026-08-26 19:07:07,legacy80,tfm_declip_cov_l10.1_anat,1.0,0.5,100,306,0.065638,0.000836,75.56,94.88,8.9,4.04,2.98,0.65,95.4,4.11,1.45,4.81,1.18,3.16,0.4466,0.4501,0.0,8.87,0.0,83.15,100.0,100.0,,,,,,,0.35,6.836,19.374,0.2279,cuda,0.7197,0.7748,2.568,0.4756,,,0.8877,0.7439,anatomical,0.575,infer,8,1.8,0.2,trained4,11.213,0.3738,2.07,0.0,0.1084,ma_zerophase,5,,0.0111,4.5223
2026-08-26 19:07:44,transient,tfm_declip_cov_l10.1_anat,1.0,0.5,100,306,0.037644,0.000867,87.07,97.98,9.15,4.78,3.13,1.39,93.1,3.7,0.87,3.18,1.01,2.7,0.5525,0.4828,0.0,8.83,0.43,89.34,99.99,100.0,39.26,54.8,74.66,0.0,0.0,0.14,0.4029,4.76,6.354,0.1587,cuda,0.6899,0.7413,3.0,0.4756,88.58,14.84,0.8545,0.7041,anatomical,0.575,infer,8,1.8,0.2,trained4,9.886,0.3295,2.08,0.432,0.082,ma_zerophase,5,,0.0103,5.0721
2026-08-26 19:08:24,persistent,tfm_declip_cov_l10.1_anat,1.0,0.5,100,306,0.197823,0.000748,23.78,98.15,9.09,3.86,3.23,1.54,98.8,3.73,1.22,3.61,1.21,2.66,0.5042,0.4429,0.0,8.92,0.0,23.65,100.0,100.0,,,,,,,0.3687,4.671,6.288,0.1557,cuda,0.6956,0.7537,2.848,0.4756,,,0.8653,0.7164,anatomical,0.575,infer,8,1.8,0.2,trained4,6.831,0.2277,1.86,0.0,0.2903,ma_zerophase,5,,0.0105,4.756
2026-08-26 19:08:59,clean,tfm_declip_cov_MSEOnly_1.2_anat,1.0,0.3,100,306,3.1e-05,0.0,99.73,100.0,1.75,0.0,0.88,0.0,100.0,3.66,0.61,3.3,1.06,,0.4536,0.4409,0.0,2.02,0.0,99.77,100.0,100.0,31.72,47.2,71.45,0.0,0.0,0.0,0.3272,3.831,6.047,0.1277,cuda,0.6085,0.664,3.661,0.4756,90.94,14.69,0.8137,0.6232,anatomical,0.575,infer,8,1.8,0.2,trained4,5.892,0.1964,0.01,0.0,0.0097,ma_zerophase,5,,0.01,4.5197
2026-08-26 19:09:34,legacy80,tfm_declip_cov_MSEOnly_1.2_anat,1.0,0.3,100,306,0.065638,0.000957,75.56,97.54,8.9,4.5,2.98,1.16,96.1,4.53,1.38,5.33,1.2,3.71,0.4466,0.4777,0.0,8.87,0.0,83.15,100.0,100.0,,,,,,,0.3929,4.666,6.22,0.1555,cuda,0.6571,0.7093,3.133,0.4756,,,0.8506,0.6676,anatomical,0.575,infer,8,1.8,0.2,trained4,9.819,0.3273,2.23,0.0,0.1441,ma_zerophase,5,,0.0101,4.8349
2026-08-26 19:10:10,transient,tfm_declip_cov_MSEOnly_1.2_anat,1.0,0.3,100,306,0.037644,0.000813,87.07,98.19,9.15,4.95,3.13,1.41,93.7,3.93,0.78,3.59,1.11,3.16,0.5525,0.4886,0.0,8.83,0.0,89.34,100.0,100.0,31.71,47.09,70.74,0.0,0.0,0.02,0.4283,4.457,6.084,0.1486,cuda,0.6488,0.6978,3.318,0.4756,89.77,13.64,0.8322,0.6516,anatomical,0.575,infer,8,1.8,0.2,trained4,8.613,0.2871,1.83,0.0,0.0683,ma_zerophase,5,,0.01,4.8799
2026-08-26 19:10:49,persistent,tfm_declip_cov_MSEOnly_1.2_anat,1.0,0.3,100,306,0.197823,0.000257,23.78,98.82,9.09,2.9,3.23,1.12,99.5,3.87,0.99,3.97,1.26,3.06,0.5042,0.4576,0.0,8.92,0.0,23.65,100.0,100.0,,,,,,,0.3978,4.521,6.092,0.1507,cuda,0.6534,0.7079,3.216,0.4756,,,0.8399,0.6625,anatomical,0.575,infer,8,1.8,0.2,trained4,6.326,0.2109,0.64,0.0,0.1694,ma_zerophase,5,,0.0103,4.8492
2026-08-26 19:11:24,clean,tfm_declip_cov_MSEOnly_1.3_anat,1.0,0.3,100,306,3.1e-05,0.0,99.73,99.99,1.75,0.31,0.88,0.31,98.6,3.46,0.52,3.23,1.04,,0.4536,0.4381,0.0,2.02,0.0,99.77,100.0,100.0,32.62,49.23,73.09,0.0,0.0,0.01,0.324,3.939,6.163,0.1313,cuda,0.6196,0.6786,3.457,0.4756,92.35,28.49,0.8282,0.6389,anatomical,0.575,infer,8,1.8,0.2,trained4,5.769,0.1923,0.0,0.0,0.0,ma_zerophase,5,,0.0099,4.4062
2026-08-26 19:11:58,legacy80,tfm_declip_cov_MSEOnly_1.3_anat,1.0,0.3,100,306,0.065638,0.000767,75.56,96.99,8.9,3.97,2.98,0.85,96.5,4.4,1.32,5.35,1.05,3.67,0.4466,0.4771,0.0,8.87,0.0,83.15,100.0,100.0,,,,,,,0.3762,4.656,6.243,0.1552,cuda,0.684,0.7389,2.856,0.4756,,,0.8661,0.6954,anatomical,0.575,infer,8,1.8,0.2,trained4,10.302,0.3434,2.18,0.0,0.1269,ma_zerophase,5,,0.0099,4.7077
2026-08-26 19:12:34,transient,tfm_declip_cov_MSEOnly_1.3_anat,1.0,0.3,100,306,0.037644,0.001049,87.07,97.84,9.15,5.12,3.13,1.41,92.5,3.74,0.69,3.52,1.08,3.11,0.5525,0.4854,0.0,8.83,0.0,89.34,100.0,100.0,32.44,49.06,72.28,0.0,0.0,0.04,0.4245,4.662,6.18,0.1554,cuda,0.6585,0.71,3.156,0.4756,90.88,23.29,0.8443,0.6648,anatomical,0.575,infer,8,1.8,0.2,trained4,8.436,0.2812,1.8,0.0,0.0796,ma_zerophase,5,,0.0098,4.7301
2026-08-26 19:13:13,persistent,tfm_declip_cov_MSEOnly_1.3_anat,1.0,0.3,100,306,0.197823,0.000363,23.78,98.17,9.09,3.71,3.23,1.05,99.2,3.67,0.91,3.92,1.22,3.04,0.5042,0.4543,0.0,8.92,0.0,23.65,100.0,100.0,,,,,,,0.3908,4.573,6.19,0.1524,cuda,0.6643,0.7202,3.069,0.4756,,,0.8505,0.6752,anatomical,0.575,infer,8,1.8,0.2,trained4,6.385,0.2128,0.89,0.0,0.1556,ma_zerophase,5,,0.0102,4.6033
2026-08-31 14:45:51,clean,tfm_declip_cov_l10.1_anat,1.0,0.5,100,306,3.1e-05,1e-06,99.73,99.98,1.75,1.16,0.88,0.59,94.6,3.35,0.73,2.85,0.96,,0.4536,0.4304,0.0,2.02,0.0,99.77,100.0,100.0,39.5,55.17,75.68,0.0,0.0,0.03,0.2998,3.306,4.443,0.1102,cuda,0.6499,0.7078,3.354,0.4756,89.89,18.97,0.835,0.6741,anatomical,0.575,infer,24,1.8,0.2,trained4,5.118,0.1706,0.04,0.0,0.0268,ma_zerophase,5,,0.009,4.6397
2026-08-31 14:46:21,legacy80,tfm_declip_cov_l10.1_anat,1.0,0.5,100,306,0.065638,0.000836,75.56,94.88,8.9,4.04,2.98,0.65,95.4,4.11,1.45,4.81,1.18,3.16,0.4466,0.4501,0.0,8.87,0.0,83.15,100.0,100.0,,,,,,,0.35,3.954,5.353,0.1318,cuda,0.7197,0.7748,2.568,0.4756,,,0.8877,0.7439,anatomical,0.575,infer,24,1.8,0.2,trained4,9.191,0.3064,2.07,0.0,0.1084,ma_zerophase,5,,0.0095,4.5223
2026-08-31 14:46:53,transient,tfm_declip_cov_l10.1_anat,1.0,0.5,100,306,0.037644,0.000862,87.07,97.98,9.15,4.78,3.13,1.38,93.1,3.7,0.87,3.18,1.01,2.7,0.5525,0.4828,0.0,8.83,0.0,89.34,100.0,100.0,39.26,54.8,74.66,0.0,0.0,0.14,0.403,3.954,5.875,0.1318,cuda,0.6899,0.7413,3.0,0.4756,88.58,14.84,0.8545,0.7041,anatomical,0.575,infer,24,1.8,0.2,trained4,8.462,0.2821,2.08,0.0,0.0821,ma_zerophase,5,,0.009,5.0721
2026-08-31 14:47:27,persistent,tfm_declip_cov_l10.1_anat,1.0,0.5,100,306,0.197823,0.000748,23.78,98.15,9.09,3.86,3.23,1.54,98.8,3.73,1.22,3.61,1.21,2.66,0.5042,0.4429,0.0,8.92,0.0,23.65,100.0,100.0,,,,,,,0.3687,4.056,6.043,0.1352,cuda,0.6956,0.7537,2.848,0.4756,,,0.8653,0.7164,anatomical,0.575,infer,24,1.8,0.2,trained4,5.896,0.1965,1.86,0.0,0.2903,ma_zerophase,5,,0.0092,4.756
2026-08-31 14:48:07,clean,tfm_declip_cov_MSEOnly_1.2_anat,1.0,0.3,100,306,3.1e-05,0.0,99.73,100.0,1.75,0.0,0.88,0.0,100.0,3.66,0.61,3.3,1.06,,0.4536,0.4409,0.0,2.02,0.0,99.77,100.0,100.0,31.72,47.2,71.45,0.0,0.0,0.0,0.3272,3.324,4.544,0.1108,cuda,0.6085,0.664,3.661,0.4756,90.94,14.69,0.8137,0.6232,anatomical,0.575,infer,24,1.8,0.2,trained4,5.035,0.1678,0.01,0.0,0.0097,ma_zerophase,5,,0.0091,4.5197
2026-08-31 14:48:37,legacy80,tfm_declip_cov_MSEOnly_1.2_anat,1.0,0.3,100,306,0.065638,0.000957,75.56,97.54,8.9,4.5,2.98,1.16,96.1,4.53,1.38,5.33,1.2,3.71,0.4466,0.4777,0.0,8.87,0.0,83.15,100.0,100.0,,,,,,,0.3929,3.914,4.685,0.1305,cuda,0.6571,0.7093,3.133,0.4756,,,0.8506,0.6676,anatomical,0.575,infer,24,1.8,0.2,trained4,8.571,0.2857,2.23,0.0,0.1441,ma_zerophase,5,,0.0091,4.8349
2026-08-31 14:49:10,transient,tfm_declip_cov_MSEOnly_1.2_anat,1.0,0.3,100,306,0.037644,0.000813,87.07,98.19,9.15,4.95,3.13,1.41,93.7,3.93,0.78,3.59,1.11,3.16,0.5525,0.4886,0.0,8.83,0.0,89.34,100.0,100.0,31.71,47.09,70.74,0.0,0.0,0.02,0.4283,4.254,6.507,0.1418,cuda,0.6488,0.6978,3.318,0.4756,89.77,13.64,0.8322,0.6516,anatomical,0.575,infer,24,1.8,0.2,trained4,7.626,0.2542,1.83,0.0,0.0683,ma_zerophase,5,,0.0095,4.8799
2026-08-31 14:49:51,persistent,tfm_declip_cov_MSEOnly_1.2_anat,1.0,0.3,100,306,0.197823,0.000257,23.78,98.82,9.09,2.9,3.23,1.12,99.5,3.87,0.99,3.97,1.26,3.06,0.5042,0.4576,0.0,8.92,0.0,23.65,100.0,100.0,,,,,,,0.3978,5.543,15.464,0.1848,cuda,0.6534,0.7079,3.216,0.4756,,,0.8399,0.6625,anatomical,0.575,infer,24,1.8,0.2,trained4,6.684,0.2228,0.64,0.0,0.1694,ma_zerophase,5,,0.0112,4.8492
2026-08-31 14:50:35,clean,tfm_declip_cov_MSEOnly_1.3_anat,1.0,0.3,100,306,3.1e-05,0.0,99.73,99.99,1.75,0.31,0.88,0.31,98.6,3.46,0.52,3.23,1.04,,0.4536,0.4381,0.0,2.02,0.0,99.77,100.0,100.0,32.62,49.23,73.09,0.0,0.0,0.01,0.324,4.681,12.29,0.156,cuda,0.6196,0.6786,3.457,0.4756,92.35,28.49,0.8282,0.6389,anatomical,0.575,infer,24,1.8,0.2,trained4,6.102,0.2034,0.0,0.0,0.0,ma_zerophase,5,,0.0109,4.4062
2026-08-31 14:51:13,legacy80,tfm_declip_cov_MSEOnly_1.3_anat,1.0,0.3,100,306,0.065638,0.000767,75.56,96.99,8.9,3.97,2.98,0.85,96.5,4.4,1.32,5.35,1.05,3.67,0.4466,0.4771,0.0,8.87,0.0,83.15,100.0,100.0,,,,,,,0.3762,4.565,10.914,0.1522,cuda,0.684,0.7389,2.856,0.4756,,,0.8661,0.6954,anatomical,0.575,infer,24,1.8,0.2,trained4,11.269,0.3756,2.18,0.0,0.1269,ma_zerophase,5,,0.0116,4.7077
2026-08-31 14:51:52,transient,tfm_declip_cov_MSEOnly_1.3_anat,1.0,0.3,100,306,0.037644,0.001049,87.07,97.84,9.15,5.12,3.13,1.41,92.5,3.74,0.69,3.52,1.08,3.11,0.5525,0.4854,0.0,8.83,0.0,89.34,100.0,100.0,32.44,49.06,72.28,0.0,0.0,0.04,0.4245,4.97,15.912,0.1657,cuda,0.6585,0.71,3.156,0.4756,90.88,23.29,0.8443,0.6648,anatomical,0.575,infer,24,1.8,0.2,trained4,9.242,0.3081,1.8,0.0,0.0796,ma_zerophase,5,,0.0115,4.7301
2026-08-31 14:52:31,persistent,tfm_declip_cov_MSEOnly_1.3_anat,1.0,0.3,100,306,0.197823,0.000363,23.78,98.17,9.09,3.71,3.23,1.05,99.2,3.67,0.91,3.92,1.22,3.04,0.5042,0.4543,0.0,8.92,0.0,23.65,100.0,100.0,,,,,,,0.3908,9.088,24.705,0.3029,cuda,0.6643,0.7202,3.069,0.4756,,,0.8505,0.6752,anatomical,0.575,infer,24,1.8,0.2,trained4,6.219,0.2073,0.89,0.0,0.1556,ma_zerophase,5,,0.011,4.6033
2026-09-08 15:32:07,clean,tfm_declip_cov_MSEOnly_1.3_anat,1.0,0.3,100,306,3.1e-05,0.0,99.73,99.99,1.75,0.31,0.88,0.31,98.6,3.46,0.52,3.23,1.04,,0.4536,0.4381,0.0,2.02,0.0,99.77,100.0,100.0,32.62,49.23,73.09,0.0,0.0,0.01,0.324,6.898,21.559,0.2299,cuda,0.6196,0.6786,3.457,0.4756,92.35,28.49,0.8282,0.6389,anatomical,0.575,infer,24,1.8,0.2,trained4,5.497,0.1832,0.0,0.0,0.0,ma_zerophase,5,,0.0108,4.4062
2026-09-08 15:32:43,legacy80,tfm_declip_cov_MSEOnly_1.3_anat,1.0,0.3,100,306,0.065638,0.000767,75.56,96.99,8.9,3.97,2.98,0.85,96.5,4.4,1.32,5.35,1.05,3.67,0.4466,0.4771,0.0,8.87,0.0,83.15,100.0,100.0,,,,,,,0.3762,4.603,9.691,0.1534,cuda,0.684,0.7389,2.856,0.4756,,,0.8661,0.6954,anatomical,0.575,infer,24,1.8,0.2,trained4,10.889,0.363,2.18,0.0,0.1269,ma_zerophase,5,,0.0106,4.7077
2026-09-08 15:33:17,transient,tfm_declip_cov_MSEOnly_1.3_anat,1.0,0.3,100,306,0.037644,0.001049,87.07,97.84,9.15,5.12,3.13,1.41,92.5,3.74,0.69,3.52,1.08,3.11,0.5525,0.4854,0.0,8.83,0.0,89.34,100.0,100.0,32.44,49.06,72.28,0.0,0.0,0.04,0.4245,7.836,23.684,0.2612,cuda,0.6585,0.71,3.156,0.4756,90.88,23.29,0.8443,0.6648,anatomical,0.575,infer,24,1.8,0.2,trained4,7.785,0.2595,1.8,0.0,0.0796,ma_zerophase,5,,0.0099,4.7301
2026-09-08 15:33:53,persistent,tfm_declip_cov_MSEOnly_1.3_anat,1.0,0.3,100,306,0.197823,0.000363,23.78,98.17,9.09,3.71,3.23,1.05,99.2,3.67,0.91,3.92,1.22,3.04,0.5042,0.4543,0.0,8.92,0.0,23.65,100.0,100.0,,,,,,,0.3908,8.34,22.406,0.278,cuda,0.6643,0.7202,3.069,0.4756,,,0.8505,0.6752,anatomical,0.575,infer,24,1.8,0.2,trained4,5.749,0.1916,0.89,0.0,0.1556,ma_zerophase,5,,0.01,4.6033
2026-09-08 15:39:07,clean,tfm_declip_cov_MSEOnly_1.2_anat,1.0,0.3,100,306,3.1e-05,0.0,99.73,100.0,1.75,0.0,0.88,0.0,100.0,3.66,0.61,3.3,1.06,,0.4536,0.4409,0.0,2.02,0.0,99.77,100.0,100.0,31.72,47.2,71.45,0.0,0.0,0.0,0.3272,6.267,17.769,0.2089,cuda,0.6085,0.664,3.661,0.4756,90.94,14.69,0.8137,0.6232,anatomical,0.575,infer,24,1.8,0.2,trained4,5.538,0.1846,0.01,0.0,0.0097,ma_zerophase,5,,0.0103,4.5197
2026-09-08 15:39:41,legacy80,tfm_declip_cov_MSEOnly_1.2_anat,1.0,0.3,100,306,0.065638,0.000957,75.56,97.54,8.9,4.5,2.98,1.16,96.1,4.53,1.38,5.33,1.2,3.71,0.4466,0.4777,0.0,8.87,0.0,83.15,100.0,100.0,,,,,,,0.3929,8.876,22.038,0.2959,cuda,0.6571,0.7093,3.133,0.4756,,,0.8506,0.6676,anatomical,0.575,infer,24,1.8,0.2,trained4,9.27,0.309,2.23,0.0,0.1441,ma_zerophase,5,,0.0107,4.8349
2026-09-08 15:40:16,transient,tfm_declip_cov_MSEOnly_1.2_anat,1.0,0.3,100,306,0.037644,0.000813,87.07,98.19,9.15,4.95,3.13,1.41,93.7,3.93,0.78,3.59,1.11,3.16,0.5525,0.4886,0.0,8.83,0.0,89.34,100.0,100.0,31.71,47.09,70.74,0.0,0.0,0.02,0.4283,8.986,25.001,0.2995,cuda,0.6488,0.6978,3.318,0.4756,89.77,13.64,0.8322,0.6516,anatomical,0.575,infer,24,1.8,0.2,trained4,8.017,0.2672,1.83,0.0,0.0683,ma_zerophase,5,,0.0103,4.8799
2026-09-08 15:40:55,persistent,tfm_declip_cov_MSEOnly_1.2_anat,1.0,0.3,100,306,0.197823,0.000257,23.78,98.82,9.09,2.9,3.23,1.12,99.5,3.87,0.99,3.97,1.26,3.06,0.5042,0.4576,0.0,8.92,0.0,23.65,100.0,100.0,,,,,,,0.3978,10.197,23.888,0.3399,cuda,0.6534,0.7079,3.216,0.4756,,,0.8399,0.6625,anatomical,0.575,infer,24,1.8,0.2,trained4,5.913,0.1971,0.64,0.0,0.1694,ma_zerophase,5,,0.0109,4.8492
2026-09-08 15:41:36,clean,tfm_declip_cov_l10.1_anat,1.0,0.5,100,306,3.1e-05,1e-06,99.73,99.98,1.75,1.16,0.88,0.59,94.6,3.35,0.73,2.85,0.96,,0.4536,0.4304,0.0,2.02,0.0,99.77,100.0,100.0,39.5,55.17,75.68,0.0,0.0,0.03,0.2998,7.672,20.902,0.2557,cuda,0.6499,0.7078,3.354,0.4756,89.89,18.97,0.835,0.6741,anatomical,0.575,infer,24,1.8,0.2,trained4,5.659,0.1886,0.04,0.0,0.0268,ma_zerophase,5,,0.0104,4.6397
2026-09-08 15:42:10,legacy80,tfm_declip_cov_l10.1_anat,1.0,0.5,100,306,0.065638,0.000836,75.56,94.88,8.9,4.04,2.98,0.65,95.4,4.11,1.45,4.81,1.18,3.16,0.4466,0.4501,0.0,8.87,0.0,83.15,100.0,100.0,,,,,,,0.35,7.339,20.864,0.2446,cuda,0.7197,0.7748,2.568,0.4756,,,0.8877,0.7439,anatomical,0.575,infer,24,1.8,0.2,trained4,9.944,0.3315,2.07,0.0,0.1084,ma_zerophase,5,,0.0105,4.5223
2026-09-08 15:42:46,transient,tfm_declip_cov_l10.1_anat,1.0,0.5,100,306,0.037644,0.000862,87.07,97.98,9.15,4.78,3.13,1.38,93.1,3.7,0.87,3.18,1.01,2.7,0.5525,0.4828,0.0,8.83,0.0,89.34,100.0,100.0,39.26,54.8,74.66,0.0,0.0,0.14,0.403,9.38,20.332,0.3127,cuda,0.6899,0.7413,3.0,0.4756,88.58,14.84,0.8545,0.7041,anatomical,0.575,infer,24,1.8,0.2,trained4,9.142,0.3047,2.08,0.0,0.0821,ma_zerophase,5,,0.0101,5.0721
2026-09-08 15:43:25,persistent,tfm_declip_cov_l10.1_anat,1.0,0.5,100,306,0.197823,0.000748,23.78,98.15,9.09,3.86,3.23,1.54,98.8,3.73,1.22,3.61,1.21,2.66,0.5042,0.4429,0.0,8.92,0.0,23.65,100.0,100.0,,,,,,,0.3687,9.865,24.416,0.3288,cuda,0.6956,0.7537,2.848,0.4756,,,0.8653,0.7164,anatomical,0.575,infer,24,1.8,0.2,trained4,6.406,0.2135,1.86,0.0,0.2903,ma_zerophase,5,,0.0105,4.756
2026-09-08 15:45:03,clean,tfm_declip_cov_MSEOnly_1.05_anat,1.0,0.3,100,306,3.1e-05,7e-06,99.73,99.98,1.75,1.76,0.88,1.21,89.0,3.72,0.55,3.52,1.12,,0.4536,0.4463,0.0,2.02,0.0,99.77,100.0,100.0,34.49,48.18,71.86,0.0,0.0,0.01,0.3419,8.282,20.858,0.2761,cuda,0.6132,0.666,3.72,0.4756,89.42,6.88,0.8119,0.6292,anatomical,0.575,infer,24,1.8,0.2,trained4,5.583,0.1861,0.03,0.0,0.0293,ma_zerophase,5,,0.0106,4.8817
2026-09-08 15:45:37,legacy80,tfm_declip_cov_MSEOnly_1.05_anat,1.0,0.3,100,306,0.065638,0.000927,75.56,97.66,8.9,4.75,2.98,1.13,96.4,4.29,1.41,5.33,1.16,3.71,0.4466,0.4583,0.0,8.87,0.0,83.15,100.0,100.0,,,,,,,0.3647,9.861,24.636,0.3287,cuda,0.6777,0.7318,2.896,0.4756,,,0.8674,0.6969,anatomical,0.575,infer,24,1.8,0.2,trained4,8.608,0.2869,1.85,0.0,0.1043,ma_zerophase,5,,0.0106,4.5216
2026-09-08 15:46:12,transient,tfm_declip_cov_MSEOnly_1.05_anat,1.0,0.3,100,306,0.037644,0.000525,87.07,98.37,9.15,3.49,3.13,1.18,95.2,3.97,0.73,3.79,1.17,3.39,0.5525,0.489,0.0,8.83,0.0,89.34,100.0,100.0,34.32,48.11,71.22,0.0,0.0,0.05,0.44,8.95,25.123,0.2983,cuda,0.6514,0.6969,3.406,0.4756,88.41,6.79,0.8285,0.655,anatomical,0.575,infer,24,1.8,0.2,trained4,7.778,0.2593,1.51,0.0,0.0727,ma_zerophase,5,,0.0099,5.1549
2026-09-08 15:46:52,persistent,tfm_declip_cov_MSEOnly_1.05_anat,1.0,0.3,100,306,0.197823,0.000225,23.78,98.75,9.09,3.75,3.23,0.74,99.6,3.81,0.92,4.12,1.28,3.25,0.5042,0.4586,0.0,8.92,0.0,23.65,100.0,100.0,,,,,,,0.4042,11.162,26.434,0.3721,cuda,0.6592,0.7115,3.227,0.4756,,,0.84,0.669,anatomical,0.575,infer,24,1.8,0.2,trained4,6.082,0.2027,0.52,0.0,0.097,ma_zerophase,5,,0.0104,4.8267
2026-09-08 15:47:27,clean,tfm_declip_cov_MSEOnly_1.05_anat,1.0,0.4,100,306,3.1e-05,0.000494,99.73,98.36,1.75,4.63,0.88,1.35,-829.0,4.56,1.04,4.0,1.33,,0.4536,0.535,0.0,2.02,0.0,99.77,100.0,100.0,32.61,45.68,65.53,0.0,0.0,0.0,0.4438,11.953,27.525,0.3984,cuda,0.5755,0.6201,4.56,0.4756,84.5,3.61,0.7658,0.5824,anatomical,0.575,infer,24,1.8,0.2,trained4,10.239,0.3413,1.8,0.0,0.0524,ma_zerophase,5,,0.0105,9.9379
2026-09-08 15:48:05,legacy80,tfm_declip_cov_MSEOnly_1.05_anat,1.0,0.4,100,306,0.065638,0.001772,75.56,95.62,8.9,5.84,2.98,1.38,91.7,5.47,1.32,5.81,1.24,4.25,0.4466,0.5419,0.0,8.87,0.0,83.15,100.0,100.0,,,,,,,0.4651,5.488,15.298,0.1829,cuda,0.6237,0.6573,4.22,0.4756,,,0.788,0.6128,anatomical,0.575,infer,24,1.8,0.2,trained4,14.25,0.475,3.16,0.0,0.0651,ma_zerophase,5,,0.0115,10.0448
2026-09-08 15:48:47,transient,tfm_declip_cov_MSEOnly_1.05_anat,1.0,0.4,100,306,0.037644,0.001078,87.07,97.08,9.15,4.64,3.13,1.42,89.7,4.79,1.19,4.25,1.36,3.81,0.5525,0.5718,0.0,8.83,0.0,89.34,100.0,100.0,32.44,45.63,65.23,0.0,0.0,0.0,0.5361,6.049,18.101,0.2016,cuda,0.6165,0.6547,4.179,0.4756,83.74,4.0,0.7859,0.6112,anatomical,0.575,infer,24,1.8,0.2,trained4,13.291,0.443,2.85,0.0,0.0652,ma_zerophase,5,,0.0115,10.1799
2026-09-08 15:49:31,persistent,tfm_declip_cov_MSEOnly_1.05_anat,1.0,0.4,100,306,0.197823,0.000949,23.78,97.14,9.09,4.42,3.23,1.33,98.5,4.77,1.17,4.61,1.46,3.7,0.5042,0.5476,0.0,8.92,0.0,23.65,100.0,100.0,,,,,,,0.5083,5.883,20.738,0.1961,cuda,0.6122,0.6526,4.257,0.4756,,,0.7831,0.6082,anatomical,0.575,infer,24,1.8,0.2,trained4,12.256,0.4085,2.34,0.0,0.0582,ma_zerophase,5,,0.0116,10.2482
2026-09-08 15:50:09,clean,tfm_declip_cov_MSEOnly_1.1_anat,1.0,0.3,100,306,3.1e-05,8e-06,99.73,99.98,1.75,1.54,0.88,1.5,86.4,3.72,0.56,3.55,1.0,,0.4536,0.4419,0.0,2.02,0.0,99.77,100.0,100.0,35.84,49.09,70.38,0.0,0.0,0.0,0.3332,4.384,12.526,0.1461,cuda,0.6078,0.6601,3.719,0.4756,90.19,12.15,0.8114,0.6274,anatomical,0.575,infer,24,1.8,0.2,trained4,6.627,0.2209,0.03,0.0,0.0536,ma_zerophase,5,,0.0115,4.6647
2026-09-08 15:50:46,legacy80,tfm_declip_cov_MSEOnly_1.1_anat,1.0,0.3,100,306,0.065638,0.00764,75.56,91.88,8.9,3.95,2.98,2.0,77.7,4.8,1.29,5.48,1.08,3.86,0.4466,0.4462,0.0,8.87,0.0,83.15,100.0,100.0,,,,,,,0.3481,6.724,22.038,0.2241,cuda,0.6374,0.6887,3.313,0.4756,,,0.8318,0.637,anatomical,0.575,infer,24,1.8,0.2,trained4,8.832,0.2944,1.38,0.0,0.0674,ma_zerophase,5,,0.0113,4.6358
2026-09-08 15:51:24,transient,tfm_declip_cov_MSEOnly_1.1_anat,1.0,0.3,100,306,0.037644,0.000507,87.07,98.43,9.15,4.73,3.13,1.21,95.3,3.97,0.72,3.82,1.04,3.4,0.5525,0.4841,0.0,8.83,0.0,89.34,100.0,100.0,35.5,49.04,69.89,0.0,0.0,0.0,0.4307,4.694,8.1,0.1565,cuda,0.6483,0.6941,3.374,0.4756,89.06,11.37,0.8304,0.6562,anatomical,0.575,infer,24,1.8,0.2,trained4,8.677,0.2892,1.59,0.0,0.073,ma_zerophase,5,,0.0103,5.0025
2026-09-08 15:52:09,persistent,tfm_declip_cov_MSEOnly_1.1_anat,1.0,0.3,100,306,0.197823,0.000526,23.78,98.4,9.09,4.33,3.23,1.24,99.2,3.91,0.95,4.18,1.19,3.33,0.5042,0.4557,0.0,8.92,0.0,23.65,100.0,100.0,,,,,,,0.3991,7.755,22.158,0.2585,cuda,0.6515,0.7037,3.282,0.4756,,,0.8365,0.6632,anatomical,0.575,infer,24,1.8,0.2,trained4,7.343,0.2448,0.65,0.0,0.0943,ma_zerophase,5,,0.0119,4.8396
2026-09-08 15:52:45,clean,tfm_declip_cov_MSEOnly_1.1_anat,1.0,0.4,100,306,3.1e-05,0.0,99.73,100.0,1.75,0.0,0.88,0.0,100.0,3.8,0.53,3.46,1.1,,0.4536,0.4667,0.0,2.02,0.0,99.77,100.0,100.0,34.52,48.24,70.03,0.0,0.0,0.0,0.3604,5.476,14.68,0.1825,cuda,0.6043,0.6526,3.803,0.4756,89.39,8.5,0.8065,0.6162,anatomical,0.575,infer,24,1.8,0.2,trained4,6.264,0.2088,0.0,0.0,0.0,ma_zerophase,5,,0.0114,5.1618
2026-09-08 15:53:24,legacy80,tfm_declip_cov_MSEOnly_1.1_anat,1.0,0.4,100,306,0.065638,0.002189,75.56,93.31,8.9,5.32,2.98,1.1,89.9,5.22,1.27,5.9,1.07,4.26,0.4466,0.4971,0.0,8.87,0.0,83.15,100.0,100.0,,,,,,,0.4161,4.652,13.061,0.1551,cuda,0.6343,0.6661,3.898,0.4756,,,0.8053,0.6216,anatomical,0.575,infer,24,1.8,0.2,trained4,11.413,0.3804,2.23,0.0,0.1219,ma_zerophase,5,,0.0118,5.9196
2026-09-08 15:54:04,transient,tfm_declip_cov_MSEOnly_1.1_anat,1.0,0.4,100,306,0.037644,0.000634,87.07,98.28,9.15,4.6,3.13,1.23,94.8,4.06,0.71,3.74,1.15,3.33,0.5525,0.5111,0.0,8.83,0.0,89.34,100.0,100.0,34.24,48.07,69.34,0.0,0.0,0.01,0.4592,4.487,10.337,0.1496,cuda,0.6424,0.6833,3.501,0.4756,88.3,8.36,0.8226,0.6418,anatomical,0.575,infer,24,1.8,0.2,trained4,8.975,0.2992,1.79,0.0,0.0947,ma_zerophase,5,,0.0113,5.439
2026-09-08 15:54:48,persistent,tfm_declip_cov_MSEOnly_1.1_anat,1.0,0.4,100,306,0.197823,0.000573,23.78,98.28,9.09,4.19,3.23,1.08,99.2,4.05,0.82,4.16,1.31,3.26,0.5042,0.4809,0.0,8.92,0.0,23.65,100.0,100.0,,,,,,,0.4274,5.8,14.847,0.1933,cuda,0.6422,0.6867,3.469,0.4756,,,0.8258,0.6454,anatomical,0.575,infer,24,1.8,0.2,trained4,7.48,0.2493,1.11,0.0,0.0912,ma_zerophase,5,,0.0116,5.1836
2026-09-08 15:55:23,clean,tfm_declip_cov_MSEOnly_1.2_anat,1.0,0.4,100,306,3.1e-05,2e-06,99.73,99.98,1.75,1.14,0.88,0.62,94.4,3.88,0.56,3.52,1.06,,0.4536,0.4423,0.0,2.02,0.0,99.77,100.0,100.0,31.43,45.07,69.93,0.0,0.0,0.01,0.3324,4.79,10.278,0.1597,cuda,0.5941,0.6454,3.883,0.4756,88.75,10.49,0.7979,0.6035,anatomical,0.575,infer,24,1.8,0.2,trained4,6.283,0.2094,0.03,0.0,0.0077,ma_zerophase,5,,0.0108,4.6544
2026-09-08 15:56:03,legacy80,tfm_declip_cov_MSEOnly_1.2_anat,1.0,0.4,100,306,0.065638,0.0017,75.56,92.86,8.9,4.78,2.98,0.93,90.9,4.65,1.62,5.43,1.15,3.73,0.4466,0.4625,0.0,8.87,0.0,83.15,100.0,100.0,,,,,,,0.3612,6.429,18.801,0.2143,cuda,0.6631,0.7104,3.117,0.4756,,,0.8475,0.6625,anatomical,0.575,infer,24,1.8,0.2,trained4,10.246,0.3415,2.27,0.0,0.1065,ma_zerophase,5,,0.0119,4.705
2026-09-08 15:56:40,transient,tfm_declip_cov_MSEOnly_1.2_anat,1.0,0.4,100,306,0.037644,0.000593,87.07,98.37,9.15,4.57,3.13,1.22,95.1,4.12,0.74,3.79,1.1,3.37,0.5525,0.4874,0.0,8.83,0.0,89.34,100.0,100.0,31.34,44.98,69.41,0.0,0.0,0.03,0.4314,5.721,16.038,0.1907,cuda,0.6344,0.6797,3.535,0.4756,87.74,9.17,0.8166,0.6319,anatomical,0.575,infer,24,1.8,0.2,trained4,8.291,0.2764,1.55,0.0,0.0766,ma_zerophase,5,,0.0104,4.9854
2026-09-08 15:57:21,persistent,tfm_declip_cov_MSEOnly_1.2_anat,1.0,0.4,100,306,0.197823,0.000532,23.78,98.55,9.09,4.31,3.23,1.16,99.3,3.94,0.85,4.13,1.26,3.23,0.5042,0.4545,0.0,8.92,0.0,23.65,100.0,100.0,,,,,,,0.3949,4.073,5.979,0.1358,cuda,0.6405,0.6925,3.389,0.4756,,,0.8268,0.6442,anatomical,0.575,infer,24,1.8,0.2,trained4,6.674,0.2225,0.65,0.0,0.068,ma_zerophase,5,,0.0102,4.7242
2026-09-08 15:57:55,clean,tfm_declip_cov_MSEOnly_1.3_anat,1.0,0.3,100,306,3.1e-05,0.0,99.73,99.99,1.75,0.31,0.88,0.31,98.6,3.46,0.52,3.23,1.04,,0.4536,0.4381,0.0,2.02,0.0,99.77,100.0,100.0,32.62,49.23,73.09,0.0,0.0,0.01,0.324,3.964,5.41,0.1321,cuda,0.6196,0.6786,3.457,0.4756,92.35,28.49,0.8282,0.6389,anatomical,0.575,infer,24,1.8,0.2,trained4,5.988,0.1996,0.0,0.0,0.0,ma_zerophase,5,,0.0101,4.4062
2026-09-08 15:58:30,legacy80,tfm_declip_cov_MSEOnly_1.3_anat,1.0,0.3,100,306,0.065638,0.000767,75.56,96.99,8.9,3.97,2.98,0.85,96.5,4.4,1.32,5.35,1.05,3.67,0.4466,0.4771,0.0,8.87,0.0,83.15,100.0,100.0,,,,,,,0.3762,3.974,5.337,0.1325,cuda,0.684,0.7389,2.856,0.4756,,,0.8661,0.6954,anatomical,0.575,infer,24,1.8,0.2,trained4,10.604,0.3535,2.18,0.0,0.1269,ma_zerophase,5,,0.01,4.7077
2026-09-08 15:59:07,transient,tfm_declip_cov_MSEOnly_1.3_anat,1.0,0.3,100,306,0.037644,0.001049,87.07,97.84,9.15,5.12,3.13,1.41,92.5,3.74,0.69,3.52,1.08,3.11,0.5525,0.4854,0.0,8.83,0.0,89.34,100.0,100.0,32.44,49.06,72.28,0.0,0.0,0.04,0.4245,4.2,6.121,0.14,cuda,0.6585,0.71,3.156,0.4756,90.88,23.29,0.8443,0.6648,anatomical,0.575,infer,24,1.8,0.2,trained4,8.607,0.2869,1.8,0.0,0.0796,ma_zerophase,5,,0.01,4.7301
2026-09-08 15:59:45,persistent,tfm_declip_cov_MSEOnly_1.3_anat,1.0,0.3,100,306,0.197823,0.000363,23.78,98.17,9.09,3.71,3.23,1.05,99.2,3.67,0.91,3.92,1.22,3.04,0.5042,0.4543,0.0,8.92,0.0,23.65,100.0,100.0,,,,,,,0.3908,3.725,3.852,0.1242,cuda,0.6643,0.7202,3.069,0.4756,,,0.8505,0.6752,anatomical,0.575,infer,24,1.8,0.2,trained4,6.303,0.2101,0.89,0.0,0.1556,ma_zerophase,5,,0.0098,4.6033
2026-09-08 16:00:17,clean,tfm_declip_cov_MSEOnly_1.3_anat,1.0,0.4,100,306,3.1e-05,0.0,99.73,99.97,1.75,0.09,0.88,0.05,99.3,4.13,0.57,3.55,1.07,,0.4536,0.4244,0.0,2.02,0.0,99.77,100.0,100.0,32.74,47.04,68.54,0.0,0.0,0.0,0.3178,3.573,3.816,0.1191,cuda,0.5934,0.6411,4.127,0.4756,86.61,3.0,0.7848,0.6007,anatomical,0.575,infer,24,1.8,0.2,trained4,5.621,0.1874,0.0,0.0,0.0,ma_zerophase,5,,0.0095,4.2969
2026-09-08 16:00:51,legacy80,tfm_declip_cov_MSEOnly_1.3_anat,1.0,0.4,100,306,0.065638,0.002508,75.56,91.36,8.9,4.39,2.98,1.03,87.8,4.71,1.75,5.51,1.14,3.84,0.4466,0.4513,0.0,8.87,0.0,83.15,100.0,100.0,,,,,,,0.3595,3.603,3.839,0.1201,cuda,0.663,0.711,3.225,0.4756,,,0.8412,0.6654,anatomical,0.575,infer,24,1.8,0.2,trained4,10.282,0.3427,2.58,0.0,0.137,ma_zerophase,5,,0.0096,4.4403
2026-09-08 16:01:25,transient,tfm_declip_cov_MSEOnly_1.3_anat,1.0,0.4,100,306,0.037644,0.000714,87.07,98.16,9.15,4.08,3.13,1.33,94.0,4.36,0.78,3.8,1.11,3.37,0.5525,0.4704,0.0,8.83,0.0,89.34,100.0,100.0,32.52,47.0,68.18,0.0,0.0,0.0,0.4167,3.656,3.846,0.1219,cuda,0.6349,0.6766,3.738,0.4756,85.87,3.38,0.806,0.6305,anatomical,0.575,infer,24,1.8,0.2,trained4,8.238,0.2746,1.57,0.0,0.0691,ma_zerophase,5,,0.0096,4.6706
2026-09-08 16:02:04,persistent,tfm_declip_cov_MSEOnly_1.3_anat,1.0,0.4,100,306,0.197823,0.000375,23.78,99.18,9.09,3.85,3.23,1.59,99.5,4.18,0.99,4.14,1.26,3.2,0.5042,0.4348,0.0,8.92,0.0,23.65,100.0,100.0,,,,,,,0.3783,3.748,3.861,0.1249,cuda,0.6429,0.6909,3.541,0.4756,,,0.8195,0.6449,anatomical,0.575,infer,24,1.8,0.2,trained4,5.771,0.1924,0.11,0.0,0.0926,ma_zerophase,5,,0.0097,4.504
2026-09-08 16:02:37,clean,tfm_declip_cov_MSEOnly,1.0,0.3,100,306,3.1e-05,0.00048,99.73,98.44,1.75,3.94,0.88,1.37,-792.1,5.04,0.66,3.93,1.06,,0.4536,0.5489,0.0,2.02,0.0,99.77,100.0,100.0,33.74,47.05,65.85,0.0,0.0,0.0,0.443,3.598,3.823,0.1199,cuda,0.5821,0.6173,5.044,0.4756,80.03,0.63,0.746,0.5752,anatomical,0.575,infer,24,1.8,0.2,trained4,9.276,0.3092,1.27,0.0,0.0497,ma_zerophase,5,,0.0098,10.5962
2026-09-08 16:03:12,legacy80,tfm_declip_cov_MSEOnly,1.0,0.3,100,306,0.065638,0.002767,75.56,90.9,8.9,6.73,2.98,1.16,85.6,5.87,1.31,5.91,1.21,4.26,0.4466,0.5454,0.0,8.87,0.2,83.15,99.99,100.0,,,,,,,0.4602,3.959,3.898,0.132,cuda,0.6196,0.6437,4.598,0.4756,,,0.7724,0.5934,anatomical,0.575,infer,24,1.8,0.2,trained4,14.272,0.4757,3.44,0.197,0.0655,ma_zerophase,5,,0.0098,10.0536
2026-09-08 16:03:48,transient,tfm_declip_cov_MSEOnly,1.0,0.3,100,306,0.037644,0.001059,87.07,97.24,9.15,4.08,3.13,1.38,90.6,5.22,0.84,4.19,1.11,3.77,0.5525,0.5874,0.0,8.83,0.0,89.34,100.0,100.0,33.47,46.88,65.52,0.0,0.0,0.0,0.5362,3.617,3.827,0.1206,cuda,0.6221,0.6505,4.649,0.4756,79.59,0.54,0.7664,0.6032,anatomical,0.575,infer,24,1.8,0.2,trained4,10.791,0.3597,2.6,0.0,0.0704,ma_zerophase,5,,0.0096,10.7589
2026-09-08 16:04:28,persistent,tfm_declip_cov_MSEOnly,1.0,0.3,100,306,0.197823,0.000566,23.78,97.98,9.09,4.68,3.23,1.24,99.0,4.94,0.89,4.54,1.3,3.7,0.5042,0.5575,0.0,8.92,0.0,23.65,100.0,100.0,,,,,,,0.5043,3.749,3.866,0.125,cuda,0.6229,0.657,4.552,0.4756,,,0.7737,0.6091,anatomical,0.575,infer,24,1.8,0.2,trained4,9.452,0.3151,1.45,0.0,0.0503,ma_zerophase,5,,0.0098,10.7691
2026-09-08 16:05:02,clean,tfm_declip_cov_MSEOnly,1.0,0.4,100,306,3.1e-05,0.000766,99.73,97.86,1.75,4.62,0.88,1.49,-1229.3,4.75,0.78,3.88,1.19,,0.4536,0.5261,0.0,2.02,0.0,99.77,100.0,100.0,34.76,46.41,64.94,0.0,0.0,0.0,0.4272,3.568,3.822,0.1189,cuda,0.5753,0.6115,4.751,0.4756,81.88,0.92,0.7566,0.5745,anatomical,0.575,infer,24,1.8,0.2,trained4,10.716,0.3572,1.61,0.0,0.0529,ma_zerophase,5,,0.0097,10.2725
2026-09-08 16:05:37,legacy80,tfm_declip_cov_MSEOnly,1.0,0.4,100,306,0.065638,0.002633,75.56,94.1,8.9,5.75,2.98,1.46,88.2,5.39,1.46,5.69,1.24,4.05,0.4466,0.5313,0.0,8.87,0.0,83.15,100.0,100.0,,,,,,,0.4489,3.651,3.837,0.1217,cuda,0.6266,0.6596,4.14,0.4756,,,0.7981,0.6155,anatomical,0.575,infer,24,1.8,0.2,trained4,15.434,0.5145,3.99,0.0,0.085,ma_zerophase,5,,0.0097,9.8848
2026-09-08 16:06:14,transient,tfm_declip_cov_MSEOnly,1.0,0.4,100,306,0.037644,0.001315,87.07,96.76,9.15,5.14,3.13,1.41,88.7,4.94,0.95,4.12,1.24,3.69,0.5525,0.5636,0.0,8.83,0.0,89.34,100.0,100.0,34.69,46.33,64.89,0.0,0.0,0.01,0.5205,3.591,3.821,0.1197,cuda,0.6161,0.6463,4.349,0.4756,81.53,1.01,0.778,0.6046,anatomical,0.575,infer,24,1.8,0.2,trained4,11.482,0.3827,2.53,0.0,0.0669,ma_zerophase,5,,0.0096,10.4279
2026-09-08 16:06:54,persistent,tfm_declip_cov_MSEOnly,1.0,0.4,100,306,0.197823,0.001002,23.78,97.31,9.09,4.79,3.23,1.42,98.5,4.72,1.0,4.45,1.38,3.56,0.5042,0.5381,0.0,8.92,0.0,23.65,100.0,100.0,,,,,,,0.4903,3.777,3.858,0.1259,cuda,0.6189,0.6554,4.283,0.4756,,,0.7843,0.6126,anatomical,0.575,infer,24,1.8,0.2,trained4,11.272,0.3757,1.92,0.0,0.0546,ma_zerophase,5,,0.0099,10.7814
2026-09-08 16:07:26,clean,tfm_declip_cov_l10.0125,1.0,0.3,100,306,3.1e-05,0.0,99.73,100.0,1.75,0.0,0.88,0.0,100.0,3.82,0.58,3.42,1.15,,0.4536,0.4636,0.0,2.02,0.0,99.77,100.0,100.0,34.82,47.62,71.04,0.0,0.0,0.04,0.3557,3.897,3.853,0.1299,cuda,0.6042,0.6523,3.822,0.4756,88.43,9.01,0.8036,0.616,anatomical,0.575,infer,24,1.8,0.2,trained4,5.698,0.1899,0.0,0.0,0.0,ma_zerophase,5,,0.0097,4.9632
2026-09-08 16:08:00,legacy80,tfm_declip_cov_l10.0125,1.0,0.3,100,306,0.065638,0.000645,75.56,97.98,8.9,4.3,2.98,1.09,97.0,4.73,1.37,5.67,1.12,4.02,0.4466,0.4821,0.0,8.87,0.0,83.15,100.0,100.0,,,,,,,0.3839,3.576,3.826,0.1192,cuda,0.6542,0.7004,3.339,0.4756,,,0.8383,0.6602,anatomical,0.575,infer,24,1.8,0.2,trained4,9.754,0.3251,2.21,0.0,0.1394,ma_zerophase,5,,0.0096,4.9875
2026-09-08 16:08:35,transient,tfm_declip_cov_l10.0125,1.0,0.3,100,306,0.037644,0.000453,87.07,98.45,9.15,4.13,3.13,1.2,95.4,4.08,0.74,3.7,1.19,3.27,0.5525,0.5083,0.0,8.83,0.0,89.34,100.0,100.0,34.69,47.66,70.34,0.0,0.0,0.11,0.4535,3.575,3.825,0.1192,cuda,0.6436,0.6853,3.489,0.4756,87.42,8.55,0.8217,0.644,anatomical,0.575,infer,24,1.8,0.2,trained4,8.056,0.2685,1.58,0.0,0.074,ma_zerophase,5,,0.0096,5.3759
2026-09-08 16:09:13,persistent,tfm_declip_cov_l10.0125,1.0,0.3,100,306,0.197823,0.000434,23.78,99.24,9.09,4.07,3.23,1.55,99.5,3.96,0.92,4.06,1.3,3.14,0.5042,0.4744,0.0,8.92,0.0,23.65,100.0,100.0,,,,,,,0.4157,3.733,3.856,0.1244,cuda,0.6512,0.6997,3.343,0.4756,,,0.8326,0.6585,anatomical,0.575,infer,24,1.8,0.2,trained4,6.22,0.2073,0.41,0.0,0.0551,ma_zerophase,5,,0.0097,4.9587
2026-09-08 16:09:46,clean,tfm_declip_cov_l10.025,1.0,0.3,100,306,3.1e-05,1e-06,99.73,99.97,1.75,0.65,0.88,0.31,95.8,3.98,0.63,3.38,1.01,,0.4536,0.4482,0.0,2.02,0.0,99.77,100.0,100.0,31.64,48.34,68.74,0.0,0.0,0.0,0.3326,3.563,3.829,0.1188,cuda,0.5982,0.6439,3.982,0.4756,86.74,7.2,0.7946,0.6031,anatomical,0.575,infer,24,1.8,0.2,trained4,5.863,0.1954,0.02,0.0,0.0066,ma_zerophase,5,,0.0097,4.958
2026-09-08 16:10:19,legacy80,tfm_declip_cov_l10.025,1.0,0.3,100,306,0.065638,0.000345,75.56,99.11,8.9,4.46,2.98,1.05,98.7,4.72,1.31,5.16,1.1,3.61,0.4466,0.4499,0.0,8.87,0.0,83.15,100.0,100.0,,,,,,,0.3561,3.569,3.832,0.119,cuda,0.6598,0.7085,3.22,0.4756,,,0.8411,0.6575,anatomical,0.575,infer,24,1.8,0.2,trained4,7.729,0.2576,0.78,0.0,0.0326,ma_zerophase,5,,0.0097,4.5411
2026-09-08 16:10:54,transient,tfm_declip_cov_l10.025,1.0,0.3,100,306,0.037644,0.000536,87.07,98.54,9.15,4.65,3.13,1.38,95.0,4.24,0.77,3.66,1.05,3.22,0.5525,0.4885,0.0,8.83,0.0,89.34,100.0,100.0,31.57,48.38,68.28,0.0,0.0,0.03,0.4275,3.587,3.833,0.1196,cuda,0.6404,0.6806,3.595,0.4756,85.94,6.92,0.8158,0.634,anatomical,0.575,infer,24,1.8,0.2,trained4,7.861,0.262,1.11,0.0,0.058,ma_zerophase,5,,0.0097,5.2781
2026-09-08 16:11:32,persistent,tfm_declip_cov_l10.025,1.0,0.3,100,306,0.197823,0.0001,23.78,99.11,9.09,3.05,3.23,0.74,99.7,4.15,1.04,3.98,1.22,3.09,0.5042,0.4608,0.0,8.92,0.0,23.65,100.0,100.0,,,,,,,0.3973,4.103,3.899,0.1368,cuda,0.6487,0.6979,3.384,0.4756,,,0.83,0.65,anatomical,0.575,infer,24,1.8,0.2,trained4,6.37,0.2123,0.54,0.0,0.1143,ma_zerophase,5,,0.0098,4.9239
2026-09-08 16:12:06,clean,tfm_declip_cov_l10.1_anat,1.0,0.3,100,306,3.1e-05,0.00121,99.73,97.69,1.75,5.38,0.88,1.82,-1659.1,3.33,0.83,2.64,1.19,,0.4536,0.5178,0.0,2.02,0.0,99.77,100.0,100.0,42.47,56.42,76.07,0.0,0.0,0.34,0.3884,3.589,3.828,0.1196,cuda,0.6568,0.7153,3.332,0.4756,92.6,28.29,0.8502,0.6881,anatomical,0.575,infer,24,1.8,0.2,trained4,10.397,0.3466,2.06,0.0,0.0603,ma_zerophase,5,,0.0097,9.4465
2026-09-08 16:12:42,legacy80,tfm_declip_cov_l10.1_anat,1.0,0.3,100,306,0.065638,0.00146,75.56,96.49,8.9,5.49,2.98,1.44,93.1,4.54,1.34,4.57,1.32,2.99,0.4466,0.5305,0.0,8.87,0.0,83.15,100.0,100.0,,,,,,,0.4351,3.593,3.834,0.1198,cuda,0.6955,0.7441,3.134,0.4756,,,0.8619,0.6991,anatomical,0.575,infer,24,1.8,0.2,trained4,15.214,0.5071,4.11,0.0,0.0936,ma_zerophase,5,,0.0097,10.0851
2026-09-08 16:13:19,transient,tfm_declip_cov_l10.1_anat,1.0,0.3,100,306,0.037644,0.002305,87.07,95.57,9.15,6.86,3.13,1.62,82.3,3.68,1.03,2.99,1.24,2.51,0.5525,0.5648,0.0,8.83,0.0,89.34,100.0,100.0,42.09,55.85,74.74,0.0,0.0,0.28,0.4879,3.6,3.827,0.12,cuda,0.6913,0.7422,3.059,0.4756,91.01,23.94,0.8641,0.7122,anatomical,0.575,infer,24,1.8,0.2,trained4,13.084,0.4361,3.93,0.0,0.0815,ma_zerophase,5,,0.0096,9.7191
2026-09-08 16:13:59,persistent,tfm_declip_cov_l10.1_anat,1.0,0.3,100,306,0.197823,0.001382,23.78,96.26,9.09,5.66,3.23,1.43,97.8,3.82,1.04,3.43,1.42,2.47,0.5042,0.5284,0.0,8.92,0.0,23.65,100.0,100.0,,,,,,,0.4555,3.75,3.855,0.125,cuda,0.6956,0.7497,3.029,0.4756,,,0.8676,0.7182,anatomical,0.575,infer,24,1.8,0.2,trained4,11.643,0.3881,3.0,0.0,0.0633,ma_zerophase,5,,0.0097,9.3705
2026-09-08 16:14:33,clean,tfm_declip_cov_l10.1_anat,1.0,0.45,100,306,3.1e-05,0.001255,99.73,97.58,1.75,5.88,0.88,1.76,-1683.2,3.53,0.86,2.94,1.28,,0.4536,0.5294,0.0,2.02,0.0,99.77,100.0,100.0,40.72,53.94,74.76,0.0,0.0,0.22,0.4023,3.583,3.83,0.1194,cuda,0.6417,0.6995,3.53,0.4756,91.7,18.37,0.8388,0.6713,anatomical,0.575,infer,24,1.8,0.2,trained4,11.211,0.3737,2.18,0.0,0.0639,ma_zerophase,5,,0.0095,9.6897
2026-09-08 16:15:09,legacy80,tfm_declip_cov_l10.1_anat,1.0,0.45,100,306,0.065638,0.001843,75.56,95.7,8.9,5.37,2.98,1.38,91.8,4.92,1.55,4.9,1.43,3.23,0.4466,0.5594,0.0,8.87,0.0,83.15,100.0,100.0,,,,,,,0.4664,3.589,3.823,0.1196,cuda,0.6672,0.7204,3.414,0.4756,,,0.8452,0.6728,anatomical,0.575,infer,24,1.8,0.2,trained4,16.936,0.5645,4.25,0.0,0.1133,ma_zerophase,5,,0.0098,11.7538
2026-09-08 16:15:46,transient,tfm_declip_cov_l10.1_anat,1.0,0.45,100,306,0.037644,0.00254,87.07,95.62,9.15,5.86,3.13,1.67,82.0,3.89,1.07,3.27,1.33,2.81,0.5525,0.5683,0.0,8.83,0.0,89.34,100.0,100.0,40.33,53.24,73.35,0.0,0.0,0.17,0.4938,3.955,3.886,0.1318,cuda,0.676,0.7258,3.254,0.4756,90.27,18.09,0.8524,0.6941,anatomical,0.575,infer,24,1.8,0.2,trained4,13.223,0.4408,3.81,0.0,0.081,ma_zerophase,5,,0.0096,9.942
2026-09-08 16:16:26,persistent,tfm_declip_cov_l10.1_anat,1.0,0.45,100,306,0.197823,0.002547,23.78,94.1,9.09,5.33,3.23,1.54,96.3,4.03,1.08,3.7,1.48,2.72,0.5042,0.5418,0.0,8.92,0.36,23.65,99.99,100.0,,,,,,,0.471,3.738,3.855,0.1246,cuda,0.6764,0.7307,3.25,0.4756,,,0.855,0.697,anatomical,0.575,infer,24,1.8,0.2,trained4,13.253,0.4418,3.65,0.359,0.0732,ma_zerophase,5,,0.0097,10.2886
2026-09-08 16:17:01,clean,tfm_declip_cov_l10.1_anat,1.0,0.4,100,306,3.1e-05,0.000757,99.73,98.07,1.75,5.39,0.88,1.53,-1130.8,3.67,0.98,2.9,1.21,,0.4536,0.5276,0.0,2.02,0.0,99.77,100.0,100.0,40.98,55.11,73.76,0.0,0.0,0.07,0.4006,3.582,3.829,0.1194,cuda,0.6433,0.6965,3.668,0.4756,90.51,13.33,0.8334,0.6689,anatomical,0.575,infer,24,1.8,0.2,trained4,11.73,0.391,1.99,0.0,0.0513,ma_zerophase,5,,0.0096,10.3835
2026-09-08 16:17:36,legacy80,tfm_declip_cov_l10.1_anat,1.0,0.4,100,306,0.065638,0.001203,75.56,96.85,8.9,5.46,2.98,1.37,94.1,5.28,1.21,5.15,1.3,3.62,0.4466,0.5569,0.0,8.87,0.0,83.15,100.0,100.0,,,,,,,0.4687,3.598,3.832,0.1199,cuda,0.6491,0.6836,4.037,0.4756,,,0.8239,0.6478,anatomical,0.575,infer,24,1.8,0.2,trained4,15.586,0.5195,3.49,0.0,0.0744,ma_zerophase,5,,0.0096,12.0073
2026-09-08 16:18:13,transient,tfm_declip_cov_l10.1_anat,1.0,0.4,100,306,0.037644,0.002594,87.07,95.64,9.15,6.39,3.13,1.65,82.2,4.01,1.17,3.23,1.26,2.75,0.5525,0.5813,0.0,8.83,0.32,89.34,99.99,100.0,40.66,54.48,72.57,0.0,0.0,0.07,0.5062,3.612,3.83,0.1204,cuda,0.6772,0.7232,3.379,0.4756,89.05,12.7,0.8475,0.692,anatomical,0.575,infer,24,1.8,0.2,trained4,14.848,0.4949,4.69,0.325,0.1005,ma_zerophase,5,,0.0097,11.0809
2026-09-08 16:18:54,persistent,tfm_declip_cov_l10.1_anat,1.0,0.4,100,306,0.197823,0.001297,23.78,95.74,9.09,4.81,3.23,1.21,97.9,4.12,1.18,3.68,1.43,2.73,0.5042,0.5498,0.0,8.92,0.0,23.65,100.0,100.0,,,,,,,0.4798,3.741,3.854,0.1247,cuda,0.676,0.7238,3.454,0.4756,,,0.8466,0.6925,anatomical,0.575,infer,24,1.8,0.2,trained4,12.016,0.4005,3.01,0.0,0.0693,ma_zerophase,5,,0.0097,10.8047
2026-09-08 16:19:28,clean,tfm_declip_cov_l10.1_anat,1.0,0.6,100,306,3.1e-05,0.0,99.73,100.0,1.75,0.0,0.88,0.0,100.0,3.64,0.51,3.16,1.06,,0.4536,0.4422,0.0,2.02,0.0,99.77,100.0,100.0,37.05,51.18,71.5,0.0,0.0,0.07,0.3309,3.957,5.608,0.1319,cuda,0.6216,0.6757,3.643,0.4756,88.92,6.27,0.8167,0.6424,anatomical,0.575,infer,24,1.8,0.2,trained4,6.176,0.2059,0.02,0.0,0.0077,ma_zerophase,5,,0.0105,4.9191
2026-09-08 16:20:07,legacy80,tfm_declip_cov_l10.1_anat,1.0,0.6,100,306,0.065638,0.001025,75.56,97.37,8.9,4.62,2.98,1.2,95.7,4.44,1.54,5.0,1.21,3.43,0.4466,0.4723,0.0,8.87,0.0,83.15,100.0,100.0,,,,,,,0.3753,4.644,11.396,0.1548,cuda,0.6796,0.729,3.005,0.4756,,,0.8585,0.6922,anatomical,0.575,infer,24,1.8,0.2,trained4,11.757,0.3919,2.6,0.0,0.1742,ma_zerophase,5,,0.0113,5.4788
2026-09-08 16:20:49,transient,tfm_declip_cov_l10.1_anat,1.0,0.6,100,306,0.037644,0.000864,87.07,98.36,9.15,5.07,3.13,1.56,93.7,3.96,0.73,3.44,1.1,2.98,0.5525,0.4907,0.0,8.83,0.0,89.34,100.0,100.0,36.95,51.09,70.64,0.0,0.0,0.07,0.4303,5.279,13.385,0.176,cuda,0.6608,0.7071,3.324,0.4756,87.64,5.6,0.8339,0.6695,anatomical,0.575,infer,24,1.8,0.2,trained4,9.692,0.3231,1.59,0.0,0.0611,ma_zerophase,5,,0.0116,5.2877
2026-09-08 16:21:33,persistent,tfm_declip_cov_l10.1_anat,1.0,0.6,100,306,0.197823,0.000658,23.78,97.54,9.09,3.06,3.23,1.09,98.9,4.03,1.04,3.84,1.24,2.85,0.5042,0.4587,0.0,8.92,0.0,23.65,100.0,100.0,,,,,,,0.3986,6.617,18.835,0.2206,cuda,0.6631,0.713,3.233,0.4756,,,0.8404,0.675,anatomical,0.575,infer,24,1.8,0.2,trained4,7.28,0.2427,0.64,0.0,0.0799,ma_zerophase,5,,0.0114,4.984
2026-09-08 16:22:12,clean,tfm_declip_cov_l10.1_anat,1.0,0.7,100,306,3.1e-05,3e-06,99.73,99.98,1.75,1.38,0.88,0.94,91.4,3.58,0.51,3.21,1.15,,0.4536,0.4308,0.0,2.02,0.0,99.77,100.0,100.0,36.58,50.02,72.23,0.0,0.0,0.05,0.3158,8.067,18.417,0.2689,cuda,0.6178,0.6723,3.576,0.4756,90.04,7.94,0.8205,0.6397,anatomical,0.575,infer,24,1.8,0.2,trained4,6.565,0.2188,0.07,0.0,0.0478,ma_zerophase,5,,0.0114,4.6164
2026-09-08 16:22:52,legacy80,tfm_declip_cov_l10.1_anat,1.0,0.7,100,306,0.065638,0.017897,75.56,84.83,8.9,6.17,2.98,2.17,54.9,4.6,1.43,5.42,1.09,3.79,0.4466,0.4788,0.0,8.87,0.0,83.15,100.0,100.0,,,,,,,0.3818,6.62,17.628,0.2207,cuda,0.6474,0.6993,3.196,0.4756,,,0.8445,0.6565,anatomical,0.575,infer,24,1.8,0.2,trained4,13.848,0.4616,5.73,0.0,0.1371,ma_zerophase,5,,0.0116,5.0926
2026-09-08 16:23:33,transient,tfm_declip_cov_l10.1_anat,1.0,0.7,100,306,0.037644,0.000684,87.07,98.16,9.15,4.36,3.13,1.28,94.2,3.86,0.72,3.5,1.17,3.07,0.5525,0.4804,0.0,8.83,0.0,89.34,100.0,100.0,36.43,49.97,71.41,0.0,0.0,0.13,0.4173,5.412,14.177,0.1804,cuda,0.6579,0.705,3.257,0.4756,88.99,7.91,0.8378,0.6679,anatomical,0.575,infer,24,1.8,0.2,trained4,9.177,0.3059,1.67,0.0,0.0827,ma_zerophase,5,,0.011,4.9824
2026-09-08 16:24:16,persistent,tfm_declip_cov_l10.1_anat,1.0,0.7,100,306,0.197823,0.000387,23.78,98.15,9.09,3.37,3.23,0.95,99.3,3.86,0.94,3.93,1.32,2.95,0.5042,0.4471,0.0,8.92,0.0,23.65,100.0,100.0,,,,,,,0.3826,6.516,18.232,0.2172,cuda,0.6616,0.7153,3.121,0.4756,,,0.8472,0.6763,anatomical,0.575,infer,24,1.8,0.2,trained4,7.064,0.2355,0.54,0.0,0.0827,ma_zerophase,5,,0.0111,4.8088
2026-09-08 16:24:54,clean,tfm_declip_cov_l10.1,1.0,0.3,100,306,3.1e-05,1e-06,99.73,99.98,1.75,0.77,0.88,0.41,96.2,2.89,0.52,2.62,1.07,,0.4536,0.4311,0.0,2.02,0.0,99.77,100.0,100.0,41.1,56.02,77.64,0.0,0.0,0.45,0.3045,6.73,22.03,0.2243,cuda,0.6623,0.7269,2.89,0.4756,96.18,55.66,0.8682,0.6993,anatomical,0.575,infer,24,1.8,0.2,trained4,6.327,0.2109,0.02,0.0,0.0215,ma_zerophase,5,,0.0111,4.6464
2026-09-08 16:25:33,legacy80,tfm_declip_cov_l10.1,1.0,0.3,100,306,0.065638,0.00058,75.56,98.65,8.9,3.98,2.98,1.2,97.8,4.02,1.29,4.36,1.2,2.79,0.4466,0.4371,0.0,8.87,0.0,83.15,100.0,100.0,,,,,,,0.3388,7.473,19.386,0.2491,cuda,0.7069,0.771,2.494,0.4756,,,0.8907,0.7289,anatomical,0.575,infer,24,1.8,0.2,trained4,10.025,0.3342,1.8,0.0,0.0939,ma_zerophase,5,,0.0113,4.4268
2026-09-08 16:26:14,transient,tfm_declip_cov_l10.1,1.0,0.3,100,306,0.037644,0.001288,87.07,97.45,9.15,5.87,3.13,1.4,91.2,3.26,0.73,2.96,1.11,2.51,0.5525,0.48,0.0,8.83,0.0,89.34,100.0,100.0,40.91,55.77,76.34,0.0,0.0,0.53,0.4048,6.554,20.56,0.2185,cuda,0.6989,0.7551,2.635,0.4756,94.18,41.87,0.8813,0.7244,anatomical,0.575,infer,24,1.8,0.2,trained4,10.303,0.3434,2.05,0.0,0.0724,ma_zerophase,5,,0.0113,4.9886
2026-09-08 16:26:57,persistent,tfm_declip_cov_l10.1,1.0,0.3,100,306,0.197823,0.001353,23.78,97.44,9.09,4.86,3.23,1.31,98.6,3.4,1.02,3.41,1.29,2.46,0.5042,0.4482,0.0,8.92,0.0,23.65,100.0,100.0,,,,,,,0.3771,5.839,12.746,0.1946,cuda,0.7056,0.766,2.561,0.4756,,,0.8858,0.7344,anatomical,0.575,infer,24,1.8,0.2,trained4,7.372,0.2457,0.87,0.0,0.0815,ma_zerophase,5,,0.0113,4.7596
2026-09-08 16:27:35,clean,tfm_declip_cov_l10.1,1.0,0.4,100,306,3.1e-05,0.0,99.73,100.0,1.75,0.0,0.88,0.0,100.0,3.35,0.5,2.89,1.1,,0.4536,0.437,0.0,2.02,0.0,99.77,100.0,100.0,38.99,52.34,73.67,0.0,0.0,0.17,0.3161,4.652,14.059,0.1551,cuda,0.6337,0.6901,3.351,0.4756,92.02,19.5,0.8363,0.6597,anatomical,0.575,infer,24,1.8,0.2,trained4,6.474,0.2158,0.0,0.0,0.0,ma_zerophase,5,,0.0113,4.703
2026-09-08 16:28:14,legacy80,tfm_declip_cov_l10.1,1.0,0.4,100,306,0.065638,0.000483,75.56,98.13,8.9,4.21,2.98,0.83,97.9,4.24,1.3,4.84,1.25,3.3,0.4466,0.4538,0.0,8.87,0.0,83.15,100.0,100.0,,,,,,,0.3548,5.879,20.436,0.196,cuda,0.6801,0.7372,2.857,0.4756,,,0.8648,0.6898,anatomical,0.575,infer,24,1.8,0.2,trained4,11.104,0.3701,2.06,0.0,0.1326,ma_zerophase,5,,0.0115,4.7333
2026-09-08 16:28:54,transient,tfm_declip_cov_l10.1,1.0,0.4,100,306,0.037644,0.000837,87.07,98.28,9.15,4.15,3.13,1.47,93.8,3.67,0.7,3.21,1.15,2.76,0.5525,0.4858,0.0,8.83,0.0,89.34,100.0,100.0,38.75,52.22,72.69,0.0,0.0,0.17,0.4175,5.164,11.055,0.1721,cuda,0.6719,0.7213,3.054,0.4756,90.46,15.49,0.8522,0.6868,anatomical,0.575,infer,24,1.8,0.2,trained4,9.363,0.3121,1.64,0.0,0.077,ma_zerophase,5,,0.0109,5.1021
2026-09-08 16:29:37,persistent,tfm_declip_cov_l10.1,1.0,0.4,100,306,0.197823,0.000258,23.78,98.28,9.09,3.09,3.23,0.8,99.4,3.67,0.95,3.6,1.32,2.65,0.5042,0.4493,0.0,8.92,0.0,23.65,100.0,100.0,,,,,,,0.3822,5.301,12.669,0.1767,cuda,0.684,0.7406,2.874,0.4756,,,0.864,0.7042,anatomical,0.575,infer,24,1.8,0.2,trained4,7.217,0.2406,0.66,0.0,0.0974,ma_zerophase,5,,0.0114,4.7569
2026-09-08 16:30:15,clean,tfm_declip_cov_l10.1,1.0,0.5,100,306,3.1e-05,0.0,99.73,99.99,1.75,0.37,0.88,0.37,98.3,3.57,0.62,3.15,1.14,,0.4536,0.4233,0.0,2.02,0.0,99.77,100.0,100.0,36.74,49.96,72.02,0.0,0.0,0.03,0.313,7.102,30.047,0.2367,cuda,0.6161,0.6707,3.574,0.4756,90.66,13.65,0.8203,0.6381,anatomical,0.575,infer,24,1.8,0.2,trained4,6.488,0.2163,0.01,0.0,0.0116,ma_zerophase,5,,0.0115,4.5906
2026-09-08 16:30:54,legacy80,tfm_declip_cov_l10.1,1.0,0.5,100,306,0.065638,0.000959,75.56,97.79,8.9,4.6,2.98,1.23,96.3,4.86,1.21,5.16,1.02,3.56,0.4466,0.4585,0.0,8.87,0.0,83.15,100.0,100.0,,,,,,,0.3617,6.218,18.371,0.2073,cuda,0.6449,0.6888,3.475,0.4756,,,0.8291,0.6456,anatomical,0.575,infer,24,1.8,0.2,trained4,10.423,0.3474,2.06,0.0,0.1142,ma_zerophase,5,,0.0113,5.1057
2026-09-08 16:31:33,transient,tfm_declip_cov_l10.1,1.0,0.5,100,306,0.037644,0.000658,87.07,98.39,9.15,5.25,3.13,1.32,94.7,3.86,0.76,3.44,1.18,3.0,0.5525,0.4703,0.0,8.83,0.0,89.34,100.0,100.0,36.47,49.78,71.11,0.0,0.0,0.03,0.4137,4.498,11.139,0.1499,cuda,0.6548,0.7017,3.269,0.4756,89.33,11.93,0.8367,0.6646,anatomical,0.575,infer,24,1.8,0.2,trained4,9.335,0.3112,1.6,0.0,0.0779,ma_zerophase,5,,0.0112,5.0292
2026-09-08 16:32:15,persistent,tfm_declip_cov_l10.1,1.0,0.5,100,306,0.197823,0.00045,23.78,98.39,9.09,4.29,3.23,0.99,99.4,3.88,0.99,3.84,1.31,2.89,0.5042,0.4404,0.0,8.92,0.0,23.65,100.0,100.0,,,,,,,0.3808,5.543,16.938,0.1848,cuda,0.6591,0.7112,3.179,0.4756,,,0.8439,0.674,anatomical,0.575,infer,24,1.8,0.2,trained4,6.875,0.2292,0.74,0.0,0.1474,ma_zerophase,5,,0.0111,4.7845
2026-09-08 16:32:53,clean,tfm_declip_cov_l10.2,1.0,0.3,100,306,3.1e-05,0.001019,99.73,97.78,1.75,6.36,0.88,1.69,-1468.7,3.38,0.85,2.61,1.2,,0.4536,0.5237,0.0,2.02,0.0,99.77,100.0,100.0,44.36,58.34,76.32,0.0,0.0,0.11,0.3884,5.027,15.503,0.1676,cuda,0.6659,0.7206,3.378,0.4756,91.82,21.64,0.851,0.6968,anatomical,0.575,infer,24,1.8,0.2,trained4,12.547,0.4182,1.84,0.0,0.0481,ma_zerophase,5,,0.011,10.1394
2026-09-08 16:33:30,legacy80,tfm_declip_cov_l10.2,1.0,0.3,100,306,0.065638,0.001321,75.56,96.13,8.9,4.81,2.98,1.25,93.4,4.63,1.23,4.6,1.33,3.01,0.4466,0.5283,0.0,8.87,0.0,83.15,100.0,100.0,,,,,,,0.432,5.264,13.314,0.1755,cuda,0.6869,0.739,3.197,0.4756,,,0.8662,0.7067,anatomical,0.575,infer,24,1.8,0.2,trained4,14.18,0.4727,3.22,0.0,0.0641,ma_zerophase,5,,0.0105,10.1941
2026-09-08 16:34:09,transient,tfm_declip_cov_l10.2,1.0,0.3,100,306,0.037644,0.0024,87.07,95.48,9.15,5.81,3.13,1.61,82.0,3.73,1.05,2.97,1.25,2.48,0.5525,0.5747,0.0,8.83,0.0,89.34,100.0,100.0,43.69,57.44,74.92,0.0,0.01,0.12,0.4915,4.211,6.739,0.1404,cuda,0.6988,0.7467,3.101,0.4756,90.3,19.2,0.865,0.7199,anatomical,0.575,infer,24,1.8,0.2,trained4,15.024,0.5008,4.11,0.0,0.0863,ma_zerophase,5,,0.0103,10.4969
2026-09-08 16:34:52,persistent,tfm_declip_cov_l10.2,1.0,0.3,100,306,0.197823,0.001341,23.78,96.15,9.09,6.61,3.23,1.42,97.8,3.85,1.04,3.41,1.47,2.43,0.5042,0.5372,0.0,8.92,0.0,23.65,100.0,100.0,,,,,,,0.46,3.911,3.909,0.1304,cuda,0.7002,0.7515,3.096,0.4756,,,0.8669,0.7228,anatomical,0.575,infer,24,1.8,0.2,trained4,12.589,0.4196,2.45,0.0,0.0545,ma_zerophase,5,,0.0101,10.4473
2026-09-08 16:35:26,clean,tfm_declip_cov,1.0,0.2,100,306,3.1e-05,5e-06,99.73,99.95,1.75,1.26,0.88,0.89,79.7,3.09,0.48,2.82,1.08,,0.4536,0.4263,0.0,2.02,0.0,99.77,100.0,100.0,38.2,54.31,76.21,0.0,0.0,0.41,0.2987,4.177,9.503,0.1392,cuda,0.6533,0.714,3.09,0.4756,93.94,33.28,0.8559,0.6807,anatomical,0.575,infer,24,1.8,0.2,trained4,6.223,0.2074,0.09,0.0,0.0534,ma_zerophase,5,,0.0104,4.343
2026-09-08 16:36:02,legacy80,tfm_declip_cov,1.0,0.2,100,306,0.065638,0.000371,75.56,98.68,8.9,4.27,2.98,0.94,98.3,4.38,1.34,4.95,1.24,3.38,0.4466,0.4441,0.0,8.87,0.0,83.15,100.0,100.0,,,,,,,0.3553,4.031,5.694,0.1344,cuda,0.6722,0.7252,2.877,0.4756,,,0.8675,0.6853,anatomical,0.575,infer,24,1.8,0.2,trained4,10.869,0.3623,2.11,0.0,0.1479,ma_zerophase,5,,0.01,4.3265
2026-09-08 16:36:41,transient,tfm_declip_cov,1.0,0.2,100,306,0.037644,0.001203,87.07,97.49,9.15,5.23,3.13,1.45,91.0,3.41,0.66,3.16,1.13,2.72,0.5525,0.4813,0.0,8.83,0.0,89.34,100.0,100.0,37.6,53.97,75.08,0.0,0.0,0.33,0.4094,4.869,11.278,0.1623,cuda,0.6883,0.7415,2.83,0.4756,92.5,27.04,0.8694,0.7046,anatomical,0.575,infer,24,1.8,0.2,trained4,10.52,0.3507,2.54,0.0,0.0863,ma_zerophase,5,,0.0107,4.7973
2026-09-08 16:37:23,persistent,tfm_declip_cov,1.0,0.2,100,306,0.197823,0.000547,23.78,98.97,9.09,4.69,3.23,1.49,99.4,3.29,0.78,3.55,1.3,2.68,0.5042,0.4375,0.0,8.92,0.0,23.65,100.0,100.0,,,,,,,0.366,5.117,17.87,0.1706,cuda,0.6939,0.7534,2.71,0.4756,,,0.8772,0.7163,anatomical,0.575,infer,24,1.8,0.2,trained4,6.871,0.229,0.63,0.0,0.0852,ma_zerophase,5,,0.0109,4.5519
2026-09-08 16:37:58,clean,tfm_declip_cov,1.0,0.3,100,306,3.1e-05,1e-05,99.73,99.95,1.75,1.67,0.88,0.71,83.8,3.37,0.56,2.97,1.06,,0.4536,0.4361,0.0,2.02,0.0,99.77,100.0,100.0,37.4,51.21,73.66,0.0,0.0,0.15,0.3181,4.278,9.595,0.1426,cuda,0.6288,0.687,3.367,0.4756,92.28,20.23,0.8343,0.6555,anatomical,0.575,infer,24,1.8,0.2,trained4,6.204,0.2068,0.02,0.0,0.0101,ma_zerophase,5,,0.0105,4.7811
2026-09-08 16:38:33,legacy80,tfm_declip_cov,1.0,0.3,100,306,0.065638,0.000472,75.56,98.4,8.9,4.29,2.98,0.85,98.1,4.28,1.28,5.06,1.2,3.46,0.4466,0.4414,0.0,8.87,0.0,83.15,100.0,100.0,,,,,,,0.3494,3.723,5.177,0.1241,cuda,0.6828,0.7484,2.699,0.4756,,,0.8768,0.7074,anatomical,0.575,infer,24,1.8,0.2,trained4,9.52,0.3173,2.05,0.0,0.1255,ma_zerophase,5,,0.0104,4.4262
2026-09-08 16:39:13,transient,tfm_declip_cov,1.0,0.3,100,306,0.037644,0.000688,87.07,98.24,9.15,4.48,3.13,1.37,94.0,3.67,0.74,3.28,1.11,2.84,0.5525,0.4793,0.0,8.83,0.0,89.34,100.0,100.0,37.27,51.2,72.77,0.0,0.0,0.19,0.4156,4.121,6.106,0.1374,cuda,0.6689,0.7198,3.049,0.4756,90.83,16.27,0.8516,0.684,anatomical,0.575,infer,24,1.8,0.2,trained4,9.494,0.3165,1.51,0.0,0.0679,ma_zerophase,5,,0.0109,5.0193
2026-09-08 16:39:58,persistent,tfm_declip_cov,1.0,0.3,100,306,0.197823,0.000243,23.78,98.82,9.09,3.59,3.23,1.04,99.5,3.65,1.01,3.66,1.25,2.75,0.5042,0.4476,0.0,8.92,0.0,23.65,100.0,100.0,,,,,,,0.383,6.958,15.595,0.2319,cuda,0.6804,0.7387,2.878,0.4756,,,0.8627,0.701,anatomical,0.575,infer,24,1.8,0.2,trained4,7.294,0.2431,0.92,0.0,0.133,ma_zerophase,5,,0.0119,4.7947
2026-09-08 16:40:35,clean,tfm_declip_cov,1.0,0.4,100,306,3.1e-05,0.0,99.73,99.99,1.75,0.43,0.88,0.43,98.0,3.78,0.54,3.15,1.06,,0.4536,0.4466,0.0,2.02,0.0,99.77,100.0,100.0,36.81,50.57,70.42,0.0,0.0,0.08,0.3307,6.051,15.528,0.2017,cuda,0.6155,0.6644,3.782,0.4756,88.03,8.27,0.8095,0.6301,anatomical,0.575,infer,24,1.8,0.2,trained4,6.517,0.2172,0.0,0.0,0.0,ma_zerophase,5,,0.0118,5.3492
2026-09-08 16:41:14,legacy80,tfm_declip_cov,1.0,0.4,100,306,0.065638,0.000694,75.56,96.69,8.9,4.03,2.98,0.74,96.7,4.33,1.69,5.12,1.22,3.5,0.4466,0.4409,0.0,8.87,0.0,83.15,100.0,100.0,,,,,,,0.3509,8.279,21.394,0.276,cuda,0.6822,0.7386,2.85,0.4756,,,0.8661,0.6995,anatomical,0.575,infer,24,1.8,0.2,trained4,10.385,0.3462,2.23,0.0,0.1543,ma_zerophase,5,,0.0119,4.4811
2026-09-08 16:41:55,transient,tfm_declip_cov,1.0,0.4,100,306,0.037644,0.000624,87.07,98.47,9.15,4.78,3.13,1.3,95.1,4.05,0.71,3.44,1.1,2.99,0.5525,0.4886,0.0,8.83,0.0,89.34,100.0,100.0,36.48,50.43,69.83,0.0,0.0,0.15,0.4274,6.591,19.946,0.2197,cuda,0.6559,0.6985,3.429,0.4756,86.91,7.04,0.8288,0.6596,anatomical,0.575,infer,24,1.8,0.2,trained4,9.415,0.3138,1.34,0.0,0.0665,ma_zerophase,5,,0.0119,5.6839
2026-09-08 16:42:40,persistent,tfm_declip_cov,1.0,0.4,100,306,0.197823,0.000258,23.78,98.82,9.09,3.3,3.23,1.05,99.5,3.98,0.92,3.83,1.26,2.9,0.5042,0.4538,0.0,8.92,0.0,23.65,100.0,100.0,,,,,,,0.3895,6.498,19.317,0.2166,cuda,0.6626,0.712,3.255,0.4756,,,0.8399,0.6718,anatomical,0.575,infer,24,1.8,0.2,trained4,7.042,0.2347,0.38,0.0,0.0757,ma_zerophase,5,,0.012,5.1611
2026-09-08 16:43:19,clean,tfm_declip_cov,1.0,0.5,100,306,3.1e-05,0.000611,99.73,98.45,1.75,4.39,0.88,1.55,-903.4,4.96,0.73,3.71,1.21,,0.4536,0.5508,0.0,2.02,0.0,99.77,100.0,100.0,35.43,48.98,65.23,0.0,0.0,0.0,0.4468,7.063,17.545,0.2354,cuda,0.583,0.6204,4.957,0.4756,81.8,1.13,0.7554,0.5829,anatomical,0.575,infer,24,1.8,0.2,trained4,11.874,0.3958,1.54,0.0,0.0466,ma_zerophase,5,,0.0124,11.5527
2026-09-08 16:44:01,legacy80,tfm_declip_cov,1.0,0.5,100,306,0.065638,0.001395,75.56,96.39,8.9,5.37,2.98,1.34,93.4,5.71,1.32,5.65,1.14,4.07,0.4466,0.5508,0.0,8.87,0.0,83.15,100.0,100.0,,,,,,,0.4696,8.594,20.443,0.2865,cuda,0.6229,0.6477,4.529,0.4756,,,0.7805,0.6006,anatomical,0.575,infer,24,1.8,0.2,trained4,15.441,0.5147,3.12,0.0,0.0766,ma_zerophase,5,,0.0123,12.0244
2026-09-08 16:44:43,transient,tfm_declip_cov,1.0,0.5,100,306,0.037644,0.0013,87.07,97.16,9.15,5.26,3.13,1.52,89.3,5.16,0.9,3.98,1.25,3.52,0.5525,0.5855,0.0,8.83,0.0,89.34,100.0,100.0,35.13,48.92,64.87,0.0,0.0,0.0,0.5366,7.136,18.474,0.2379,cuda,0.6234,0.6544,4.566,0.4756,81.17,1.19,0.7758,0.6122,anatomical,0.575,infer,24,1.8,0.2,trained4,13.203,0.4401,2.44,0.0,0.0561,ma_zerophase,5,,0.0115,11.7843
2026-09-08 16:45:29,persistent,tfm_declip_cov,1.0,0.5,100,306,0.197823,0.000775,23.78,97.85,9.09,4.51,3.23,1.42,98.8,5.05,0.93,4.37,1.42,3.43,0.5042,0.5599,0.0,8.92,0.0,23.65,100.0,100.0,,,,,,,0.509,10.766,24.715,0.3589,cuda,0.625,0.661,4.505,0.4756,,,0.7815,0.6172,anatomical,0.575,infer,24,1.8,0.2,trained4,12.053,0.4018,1.86,0.0,0.0507,ma_zerophase,5,,0.0119,11.7053
2026-09-08 16:46:07,clean,tfm_declip,1.0,0.2,100,306,3.1e-05,3e-06,99.73,99.98,1.75,1.35,0.88,1.12,89.8,3.42,0.71,3.04,0.96,,0.4536,0.4279,0.0,2.02,0.0,99.77,100.0,100.0,38.31,51.93,72.99,0.0,0.0,0.07,0.3087,8.313,20.123,0.2771,cuda,0.6266,0.6863,3.425,0.4756,91.55,22.6,0.8315,0.6561,anatomical,0.575,infer,24,1.8,0.2,trained4,6.598,0.2199,0.07,0.0,0.0542,ma_zerophase,5,,0.0118,4.3332
2026-09-08 16:46:45,legacy80,tfm_declip,1.0,0.2,100,306,0.065638,0.000985,75.56,97.24,8.9,4.51,2.98,1.15,95.7,4.74,1.08,5.43,0.93,3.93,0.4466,0.4512,0.0,8.87,0.0,83.15,100.0,100.0,,,,,,,0.3616,6.666,20.859,0.2222,cuda,0.6468,0.6831,3.571,0.4756,,,0.8294,0.6427,anatomical,0.575,infer,24,1.8,0.2,trained4,9.084,0.3028,1.46,0.0,0.0705,ma_zerophase,5,,0.0116,4.9107
2026-09-08 16:47:27,transient,tfm_declip,1.0,0.2,100,306,0.037644,0.000861,87.07,98.32,9.15,4.78,3.13,1.53,93.6,3.79,0.83,3.36,1.0,2.92,0.5525,0.4825,0.0,8.83,0.0,89.34,100.0,100.0,38.03,51.74,71.74,0.0,0.0,0.09,0.4119,7.094,20.14,0.2365,cuda,0.664,0.7147,3.166,0.4756,90.02,17.23,0.8457,0.6805,anatomical,0.575,infer,24,1.8,0.2,trained4,10.131,0.3377,1.88,0.0,0.0744,ma_zerophase,5,,0.0117,4.8033
2026-09-08 16:48:11,persistent,tfm_declip,1.0,0.2,100,306,0.197823,0.001057,23.78,96.72,9.09,4.26,3.23,1.22,98.4,4.02,1.13,3.96,1.24,2.99,0.5042,0.4523,0.0,8.92,0.0,23.65,100.0,100.0,,,,,,,0.3868,7.251,20.687,0.2417,cuda,0.6621,0.7153,3.178,0.4756,,,0.8462,0.6784,anatomical,0.575,infer,24,1.8,0.2,trained4,9.637,0.3212,3.29,0.0,0.1508,ma_zerophase,5,,0.0118,4.7188
2026-09-08 16:48:48,clean,tfm_declip,1.0,0.3,100,306,3.1e-05,0.0,99.73,100.0,1.75,0.0,0.88,0.0,100.0,4.0,0.55,3.41,1.01,,0.4536,0.4284,0.0,2.02,0.0,99.77,100.0,100.0,36.4,48.27,69.41,0.0,0.0,0.0,0.3196,4.288,9.504,0.1429,cuda,0.5978,0.6404,4.004,0.4756,86.26,2.95,0.7931,0.6068,anatomical,0.575,infer,24,1.8,0.2,trained4,6.42,0.214,0.0,0.0,0.0,ma_zerophase,5,,0.0113,4.5996
2026-09-08 16:49:25,legacy80,tfm_declip,1.0,0.3,100,306,0.065638,0.005897,75.56,86.84,8.9,5.79,2.98,1.27,77.0,5.27,0.92,5.92,0.96,4.22,0.4466,0.4429,0.0,8.87,0.0,83.15,100.0,100.0,,,,,,,0.3534,4.43,6.197,0.1477,cuda,0.6232,0.6479,4.019,0.4756,,,0.791,0.5979,anatomical,0.575,infer,24,1.8,0.2,trained4,10.872,0.3624,3.7,0.0,0.1077,ma_zerophase,5,,0.0104,4.9763
2026-09-08 16:50:03,transient,tfm_declip,1.0,0.3,100,306,0.037644,0.000623,87.07,98.36,9.15,4.81,3.13,1.27,94.8,4.27,0.73,3.69,1.05,3.26,0.5525,0.4742,0.0,8.83,0.0,89.34,100.0,100.0,35.97,48.17,68.77,0.0,0.0,0.0,0.4161,4.6,6.571,0.1533,cuda,0.6388,0.675,3.655,0.4756,85.36,2.89,0.8124,0.6368,anatomical,0.575,infer,24,1.8,0.2,trained4,8.341,0.278,1.37,0.0,0.0702,ma_zerophase,5,,0.0103,5.0703
2026-09-08 16:50:44,persistent,tfm_declip,1.0,0.3,100,306,0.197823,0.001681,23.78,96.54,9.09,5.51,3.23,1.49,97.9,4.38,0.9,4.22,1.3,3.22,0.5042,0.4422,0.0,8.92,0.0,23.65,99.99,100.0,,,,,,,0.3855,4.753,8.313,0.1584,cuda,0.6337,0.6723,3.697,0.4756,,,0.8095,0.6302,anatomical,0.575,infer,24,1.8,0.2,trained4,8.912,0.2971,2.51,0.002,0.131,ma_zerophase,5,,0.0105,4.8169
2026-09-08 16:51:21,clean,tfm_declip,1.0,0.4,100,306,3.1e-05,8e-06,99.73,99.97,1.75,1.84,0.88,0.82,88.8,4.16,0.64,3.37,1.01,,0.4536,0.4516,0.0,2.02,0.0,99.77,100.0,100.0,34.48,47.12,67.62,0.0,0.0,0.05,0.3461,5.654,12.151,0.1885,cuda,0.5885,0.6351,4.155,0.4756,85.7,3.4,0.7836,0.598,anatomical,0.575,infer,24,1.8,0.2,trained4,6.49,0.2163,0.04,0.0,0.0175,ma_zerophase,5,,0.011,5.9363
2026-09-08 16:51:59,legacy80,tfm_declip,1.0,0.4,100,306,0.065638,0.000444,75.56,98.76,8.9,3.97,2.98,1.04,98.2,4.88,1.37,6.32,0.99,4.67,0.4466,0.4449,0.0,8.87,0.0,83.15,100.0,100.0,,,,,,,0.3672,5.051,10.652,0.1684,cuda,0.6265,0.6663,3.63,0.4756,,,0.8191,0.6276,anatomical,0.575,infer,24,1.8,0.2,trained4,10.326,0.3442,1.99,0.0,0.1299,ma_zerophase,5,,0.0109,4.807
2026-09-08 16:52:37,transient,tfm_declip,1.0,0.4,100,306,0.037644,0.000608,87.07,98.54,9.15,4.44,3.13,1.33,95.2,4.44,0.8,3.66,1.05,3.22,0.5525,0.4946,0.0,8.83,0.0,89.34,100.0,100.0,34.32,46.96,66.84,0.0,0.0,0.04,0.4404,4.309,6.367,0.1436,cuda,0.6276,0.6666,3.828,0.4756,84.75,3.09,0.801,0.6248,anatomical,0.575,infer,24,1.8,0.2,trained4,9.038,0.3013,1.55,0.0,0.058,ma_zerophase,5,,0.0105,6.1974
2026-09-08 16:53:20,persistent,tfm_declip,1.0,0.4,100,306,0.197823,0.001164,23.78,97.14,9.09,5.48,3.23,1.19,98.6,4.55,1.06,4.21,1.27,3.19,0.5042,0.4702,0.0,8.92,0.0,23.65,100.0,100.0,,,,,,,0.4172,5.411,11.497,0.1804,cuda,0.6278,0.6707,3.75,0.4756,,,0.8067,0.6287,anatomical,0.575,infer,24,1.8,0.2,trained4,9.366,0.3122,2.65,0.0,0.1016,ma_zerophase,5,,0.0108,5.8187
2026-09-08 16:53:55,clean,tfm_declip,1.0,0.5,100,306,3.1e-05,0.000683,99.73,98.61,1.75,4.81,0.88,1.76,-928.5,5.52,0.96,4.2,1.24,,0.4536,0.5667,0.0,2.02,0.0,99.77,100.0,100.0,32.01,43.88,61.26,0.0,0.0,0.0,0.4815,4.54,6.292,0.1513,cuda,0.5505,0.5797,5.52,0.4756,78.47,0.51,0.719,0.5397,anatomical,0.575,infer,24,1.8,0.2,trained4,9.577,0.3192,1.27,0.0,0.0426,ma_zerophase,5,,0.0102,11.472
2026-09-08 16:54:32,legacy80,tfm_declip,1.0,0.5,100,306,0.065638,0.003765,75.56,94.64,8.9,5.46,2.98,1.74,87.2,6.37,1.35,6.49,1.08,4.84,0.4466,0.5795,0.0,8.87,0.0,83.15,100.0,100.0,,,,,,,0.5153,3.954,7.772,0.1318,cuda,0.5739,0.5872,5.308,0.4756,,,0.727,0.5381,anatomical,0.575,infer,24,1.8,0.2,trained4,16.365,0.5455,4.76,0.0,0.0932,ma_zerophase,5,,0.0101,12.2425
2026-09-08 16:55:09,transient,tfm_declip,1.0,0.5,100,306,0.037644,0.001157,87.07,97.82,9.15,4.85,3.13,1.73,90.7,5.7,1.09,4.44,1.28,3.99,0.5525,0.6012,0.0,8.83,0.0,89.34,100.0,100.0,31.97,43.82,61.11,0.0,0.0,0.0,0.5715,4.139,6.208,0.138,cuda,0.5922,0.6154,5.08,0.4756,78.06,0.53,0.7411,0.5699,anatomical,0.575,infer,24,1.8,0.2,trained4,10.68,0.356,2.0,0.0,0.049,ma_zerophase,5,,0.0101,11.7206
2026-09-08 16:55:51,persistent,tfm_declip,1.0,0.5,100,306,0.197823,0.001025,23.78,97.67,9.09,4.9,3.23,1.59,98.5,5.7,1.06,4.9,1.44,3.92,0.5042,0.5767,0.0,8.92,0.0,23.65,100.0,100.0,,,,,,,0.5443,5.533,11.287,0.1844,cuda,0.586,0.6124,5.151,0.4756,,,0.7388,0.5649,anatomical,0.575,infer,24,1.8,0.2,trained4,10.9,0.3633,1.76,0.0,0.0413,ma_zerophase,5,,0.0108,11.5868
2026-09-27 13:06:24,clean,tfm_declip_cov_l10.1_anat,1.0,0.5,4000,306,3.1e-05,0.0,99.73,99.99,1.75,0.04,0.88,0.04,99.8,0.49,0.44,0.86,0.92,,0.4536,0.3954,0.0,2.02,0.0,99.77,100.0,100.0,87.97,94.68,99.17,46.84,65.77,90.76,0.2224,3.135,7.775,0.1045,cuda,0.9494,0.9731,0.494,0.4756,99.86,98.27,0.9908,0.9717,anatomical,0.575,infer,24,1.8,0.2,trained4,6.156,0.2052,0.0,0.0,0.0,ma_zerophase,5,,0.011,4.5659
2026-09-27 13:06:59,legacy80,tfm_declip_cov_l10.1_anat,1.0,0.5,4000,306,0.065638,2.3e-05,75.56,99.44,8.9,1.65,2.98,0.5,99.6,1.6,1.11,2.03,1.24,0.83,0.4466,0.383,0.0,8.87,0.0,83.15,100.0,100.0,,,,,,,0.2664,3.183,7.811,0.1061,cuda,0.9585,0.9786,0.432,0.4756,,,0.9936,0.9782,anatomical,0.575,infer,24,1.8,0.2,trained4,6.346,0.2115,0.12,0.0,0.038,ma_zerophase,5,,0.0108,4.1313
2026-09-27 13:07:35,transient,tfm_declip_cov_l10.1_anat,1.0,0.5,4000,306,0.037644,7.5e-05,87.07,99.79,9.15,3.4,3.13,1.09,99.4,0.84,0.67,1.13,0.98,0.85,0.5525,0.4232,0.0,8.83,0.0,89.34,100.0,100.0,84.32,90.96,96.75,27.18,41.07,67.76,0.3338,2.694,7.571,0.0898,cuda,0.9518,0.9735,0.478,0.4756,98.7,86.06,0.9909,0.9723,anatomical,0.575,infer,24,1.8,0.2,trained4,6.331,0.211,0.05,0.0,0.0087,ma_zerophase,5,,0.0106,4.8127
2026-09-27 13:08:15,persistent,tfm_declip_cov_l10.1_anat,1.0,0.5,4000,306,0.197823,1e-06,23.78,99.67,9.09,0.23,3.23,0.15,100.0,0.78,0.51,1.14,0.96,0.73,0.5042,0.4006,0.0,8.92,0.0,23.65,100.0,100.0,,,,,,,0.2886,2.84,7.807,0.0947,cuda,0.9479,0.9724,0.497,0.4756,,,0.9909,0.9713,anatomical,0.575,infer,24,1.8,0.2,trained4,6.665,0.2222,0.47,0.0,0.1171,ma_zerophase,5,,0.0106,4.5565
