source_file,run,pipeline,epoch,timestamp,mode,run_tag,lambda_recon,lambda_phys,epochs,n_test,collision_before_mean,collision_after_mean,clean_frames_before_pct,clean_frames_after_pct,max_pen_before_cm,max_pen_after_cm,mean_pen_before_cm,mean_pen_after_cm,depth_removal_pct,mpjpe_cm_mean,mpjpe_cm_std,mae_deg_mean,mae_deg_std,intent_mae_deg,jitter_before_mean,jitter_after_mean,bonelen_after_cm_mean,max_pen4_before_cm,max_pen4_after_cm,clean_frames4_before_pct,clean_frames4_after_pct,depth_removal4_pct,pck_1cm,pck_2cm,pck_5cm,pck_frame_1cm,pck_frame_2cm,pck_frame_5cm,intent_dyn_cm,infer_ms_window_mean,infer_ms_window_p95,infer_ms_per_frame,infer_device,coks_radii,coks_uniform,collateral_pos_cm,coks_scale_m,pck_10cm,pck_frame_10cm,coks_coco,coks_coco_raw,radii_mode,radii_kappa,proj_mode,proj_k,proj_omega,proj_margin_cm,proj_pairs,proj_ms_window_mean,proj_ms_per_frame,proj_frames_pct,proj_residual_max_cm,proj_move_cm,lp_mode,lp_window,lp_beta,lp_ms_per_frame,jitter_p95_after
evaluate_epoch.csv,l10.1_phys0.5,deploy,20,2026-09-11 21:53:58,clean,tfm_declip_cov_l10.1_anat,1.0,0.5,500,306,3.1e-05,0.002002,99.73,96.07,1.75,6.96,0.88,1.74,-2756.8,9.55,1.12,8.45,1.34,,0.4536,0.5742,0.0,2.02,0.0,99.77,100.0,100.0,26.03,35.39,58.58,0.0,0.0,0.0,0.5143,3.085,5.758,0.1028,cuda,0.5049,0.5265,9.55,0.4756,67.56,0.01,0.61,0.4809,anatomical,0.575,infer,24.0,1.8,0.2,trained4,14.202,0.4734,1.38,0.0,0.0257,ma_zerophase,5.0,,0.0133,12.9199
evaluate_epoch.csv,l10.1_phys0.5,deploy,40,2026-09-11 21:56:47,clean,tfm_declip_cov_l10.1_anat,1.0,0.5,500,306,3.1e-05,1.5e-05,99.73,99.93,1.75,2.28,0.88,1.05,71.2,4.31,0.68,3.96,1.12,,0.4536,0.4347,0.0,2.02,0.0,99.77,100.0,100.0,34.79,47.8,65.68,0.0,0.0,0.0,0.3369,3.296,8.22,0.1099,cuda,0.5861,0.6303,4.308,0.4756,85.03,0.88,0.7743,0.597,anatomical,0.575,infer,24.0,1.8,0.2,trained4,7.107,0.2369,0.07,0.0,0.0182,ma_zerophase,5.0,,0.0125,4.5289
evaluate_epoch.csv,l10.1_phys0.5,deploy,50,2026-09-18 22:34:20,clean,tfm_declip_cov_l10.1_anat,1.0,0.5,1500,306,3.1e-05,2e-06,99.73,99.97,1.75,0.97,0.88,0.54,92.6,4.49,0.57,4.0,1.17,,0.4536,0.4436,0.0,2.02,0.0,99.77,100.0,100.0,33.28,46.21,66.26,0.0,0.0,0.0,0.3402,3.139,9.029,0.1046,cuda,0.5834,0.6247,4.491,0.4756,85.02,0.48,0.766,0.5874,anatomical,0.575,infer,24.0,1.8,0.2,trained4,5.232,0.1744,0.09,0.0,0.0289,ma_zerophase,5.0,,0.0101,4.7436
evaluate_epoch.csv,l10.1_phys0.5,deploy,60,2026-09-11 21:59:34,clean,tfm_declip_cov_l10.1_anat,1.0,0.5,500,306,3.1e-05,0.0,99.73,100.0,1.75,0.0,0.88,0.0,100.0,4.14,0.7,3.47,1.04,,0.4536,0.4448,0.0,2.02,0.0,99.77,100.0,100.0,36.92,49.09,68.7,0.0,0.0,0.0,0.3316,3.22,7.325,0.1073,cuda,0.6008,0.6458,4.139,0.4756,85.65,4.37,0.7862,0.6114,anatomical,0.575,infer,24.0,1.8,0.2,trained4,6.775,0.2258,0.0,0.0,0.0,ma_zerophase,5.0,,0.0121,4.9844
evaluate_epoch.csv,l10.1_phys0.5,deploy,80,2026-09-11 22:02:19,clean,tfm_declip_cov_l10.1_anat,1.0,0.5,500,306,3.1e-05,0.0,99.73,100.0,1.75,0.0,0.88,0.0,100.0,3.46,0.57,3.06,1.01,,0.4536,0.4257,0.0,2.02,0.0,99.77,100.0,100.0,39.54,52.14,72.76,0.0,0.0,0.02,0.3051,3.243,7.207,0.1081,cuda,0.6315,0.6878,3.457,0.4756,90.67,11.84,0.8285,0.6582,anatomical,0.575,infer,24.0,1.8,0.2,trained4,6.796,0.2265,0.0,0.0,0.0,ma_zerophase,5.0,,0.0121,4.4659
evaluate_epoch.csv,l10.1_phys0.5,deploy,100,2026-09-11 22:05:05,clean,tfm_declip_cov_l10.1_anat,1.0,0.5,500,306,3.1e-05,1e-06,99.73,99.98,1.75,1.16,0.88,0.59,94.6,3.35,0.73,2.85,0.96,,0.4536,0.4304,0.0,2.02,0.0,99.77,100.0,100.0,39.5,55.17,75.68,0.0,0.0,0.03,0.2998,3.259,7.503,0.1086,cuda,0.6499,0.7078,3.354,0.4756,89.89,18.97,0.835,0.6741,anatomical,0.575,infer,24.0,1.8,0.2,trained4,6.894,0.2298,0.04,0.0,0.0268,ma_zerophase,5.0,,0.0123,4.6397
evaluate_epoch.csv,l10.1_phys0.5,deploy,120,2026-09-11 22:08:17,clean,tfm_declip_cov_l10.1_anat,1.0,0.5,500,306,3.1e-05,0.0,99.73,99.98,1.75,0.11,0.88,0.07,99.3,4.82,0.56,4.13,1.04,,0.4536,0.4303,0.0,2.02,0.0,99.77,100.0,100.0,33.24,48.39,65.08,0.0,0.0,0.0,0.3187,3.391,8.568,0.113,cuda,0.5816,0.616,4.824,0.4756,81.91,0.28,0.7554,0.5792,anatomical,0.575,infer,24.0,1.8,0.2,trained4,6.977,0.2326,0.01,0.0,0.0147,ma_zerophase,5.0,,0.0123,5.2492
evaluate_epoch.csv,l10.1_phys0.5,deploy,140,2026-09-11 22:11:03,clean,tfm_declip_cov_l10.1_anat,1.0,0.5,500,306,3.1e-05,1.2e-05,99.73,99.95,1.75,1.54,0.88,1.31,70.2,3.37,0.5,2.89,0.91,,0.4536,0.4216,0.0,2.02,0.0,99.77,100.0,100.0,40.7,53.81,72.82,0.0,0.0,0.04,0.2966,3.19,7.382,0.1063,cuda,0.6353,0.6911,3.375,0.4756,91.62,19.24,0.838,0.6637,anatomical,0.575,infer,24.0,1.8,0.2,trained4,6.999,0.2333,0.09,0.0,0.0639,ma_zerophase,5.0,,0.0122,4.8183
evaluate_epoch.csv,l10.1_phys0.5,deploy,150,2026-09-18 22:36:29,clean,tfm_declip_cov_l10.1_anat,1.0,0.5,1500,306,3.1e-05,0.0,99.73,100.0,1.75,0.0,0.88,0.0,100.0,3.01,0.49,2.43,0.93,,0.4536,0.4194,0.0,2.02,0.0,99.77,100.0,100.0,42.76,57.2,76.88,0.0,0.0,0.53,0.2857,4.597,10.617,0.1532,cuda,0.6645,0.7277,3.008,0.4756,93.51,30.01,0.8634,0.7008,anatomical,0.575,infer,24.0,1.8,0.2,trained4,5.207,0.1736,0.01,0.0,0.0082,ma_zerophase,5.0,,0.0097,4.7166
evaluate_epoch.csv,l10.1_phys0.5,deploy,160,2026-09-11 22:13:50,clean,tfm_declip_cov_l10.1_anat,1.0,0.5,500,306,3.1e-05,0.0,99.73,99.97,1.75,0.34,0.88,0.24,96.7,3.26,0.57,2.57,0.8,,0.4536,0.422,0.0,2.02,0.0,99.77,100.0,100.0,43.33,55.99,74.7,0.0,0.0,0.17,0.2862,3.18,6.878,0.106,cuda,0.6488,0.7073,3.264,0.4756,91.82,23.71,0.8474,0.6816,anatomical,0.575,infer,24.0,1.8,0.2,trained4,7.046,0.2349,0.07,0.0,0.0286,ma_zerophase,5.0,,0.0122,4.6906
evaluate_epoch.csv,l10.1_phys0.5,deploy,180,2026-09-11 22:17:06,clean,tfm_declip_cov_l10.1_anat,1.0,0.5,500,306,3.1e-05,1.2e-05,99.73,99.92,1.75,1.46,0.88,0.83,73.5,3.04,0.56,2.49,0.81,,0.4536,0.418,0.0,2.02,0.0,99.77,100.0,100.0,39.25,56.13,77.34,0.0,0.0,0.45,0.2792,3.162,7.905,0.1054,cuda,0.6595,0.7211,3.036,0.4756,93.86,34.4,0.8614,0.6916,anatomical,0.575,infer,24.0,1.8,0.2,trained4,7.13,0.2377,0.08,0.0,0.0198,ma_zerophase,5.0,,0.0121,4.7587
evaluate_epoch.csv,l10.1_phys0.5,deploy,200,2026-09-11 22:19:52,clean,tfm_declip_cov_l10.1_anat,1.0,0.5,500,306,3.1e-05,6e-06,99.73,99.99,1.75,1.94,0.88,1.94,91.1,2.67,0.52,2.3,0.92,,0.4536,0.4128,0.0,2.02,0.0,99.77,100.0,100.0,47.46,59.53,79.16,0.0,0.0,0.51,0.2754,3.035,4.959,0.1012,cuda,0.6837,0.7494,2.67,0.4756,95.57,50.77,0.884,0.7316,anatomical,0.575,infer,24.0,1.8,0.2,trained4,6.944,0.2315,0.02,0.0,0.0169,ma_zerophase,5.0,,0.0121,4.6906
evaluate_epoch.csv,l10.1_phys0.5,deploy,220,2026-09-11 22:22:39,clean,tfm_declip_cov_l10.1_anat,1.0,0.5,500,306,3.1e-05,3e-06,99.73,99.98,1.75,1.2,0.88,1.07,90.2,3.14,0.46,2.36,0.81,,0.4536,0.4246,0.0,2.02,0.0,99.77,100.0,100.0,45.99,59.48,77.25,0.0,0.0,0.53,0.2799,3.337,8.459,0.1112,cuda,0.6765,0.7285,3.137,0.4756,90.56,16.42,0.8588,0.7048,anatomical,0.575,infer,24.0,1.8,0.2,trained4,7.141,0.238,0.11,0.0,0.0761,ma_zerophase,5.0,,0.0122,4.8285
evaluate_epoch.csv,l10.1_phys0.5,deploy,240,2026-09-11 22:25:46,clean,tfm_declip_cov_l10.1_anat,1.0,0.5,500,306,3.1e-05,0.0,99.73,100.0,1.75,0.0,0.88,0.0,100.0,2.83,0.39,2.21,0.83,,0.4536,0.4298,0.0,2.02,0.0,99.77,100.0,100.0,50.08,60.25,78.16,0.0,0.0,0.24,0.2866,2.957,5.633,0.0986,cuda,0.6836,0.7414,2.827,0.4756,93.79,34.02,0.8759,0.7255,anatomical,0.575,infer,24.0,1.8,0.2,trained4,6.958,0.2319,0.04,0.0,0.0194,ma_zerophase,5.0,,0.0121,5.0582
evaluate_epoch.csv,l10.1_phys0.5,deploy,250,2026-09-18 22:38:47,clean,tfm_declip_cov_l10.1_anat,1.0,0.5,1500,306,3.1e-05,1.1e-05,99.73,99.95,1.75,1.62,0.88,1.28,70.8,2.46,0.5,2.18,0.91,,0.4536,0.4108,0.0,2.02,0.0,99.77,100.0,100.0,50.44,62.23,82.27,0.0,0.0,0.85,0.268,3.563,9.216,0.1188,cuda,0.7035,0.7733,2.464,0.4756,96.43,51.61,0.8932,0.7575,anatomical,0.575,infer,24.0,1.8,0.2,trained4,5.613,0.1871,0.0,0.0,0.0,ma_zerophase,5.0,,0.0107,4.6634
evaluate_epoch.csv,l10.1_phys0.5,deploy,260,2026-09-11 22:28:35,clean,tfm_declip_cov_l10.1_anat,1.0,0.5,500,306,3.1e-05,3e-06,99.73,99.99,1.75,1.34,0.88,1.34,93.9,2.3,0.36,1.91,0.91,,0.4536,0.4211,0.0,2.02,0.0,99.77,100.0,100.0,51.2,63.63,83.6,0.0,0.0,1.48,0.2713,2.639,3.459,0.088,cuda,0.7185,0.7885,2.3,0.4756,96.96,63.29,0.9077,0.7742,anatomical,0.575,infer,24.0,1.8,0.2,trained4,7.382,0.2461,0.01,0.0,0.0098,ma_zerophase,5.0,,0.013,4.8479
evaluate_epoch.csv,l10.1_phys0.5,deploy,280,2026-09-11 23:14:13,clean,tfm_declip_cov_l10.1_anat,1.0,0.5,500,306,3.1e-05,1e-05,99.73,99.95,1.75,1.89,0.88,1.24,71.8,2.44,0.45,1.98,0.82,,0.4536,0.4341,0.0,2.02,0.0,99.77,100.0,100.0,53.97,65.27,82.71,0.0,0.0,2.11,0.2847,3.107,3.801,0.1036,cuda,0.7235,0.7864,2.443,0.4756,94.35,37.21,0.9006,0.7747,anatomical,0.575,infer,24.0,1.8,0.2,trained4,5.819,0.194,0.08,0.0,0.0832,ma_zerophase,5.0,,0.0095,5.1421
evaluate_epoch.csv,l10.1_phys0.5,deploy,300,2026-09-11 23:16:32,clean,tfm_declip_cov_l10.1_anat,1.0,0.5,500,306,3.1e-05,1.4e-05,99.73,99.97,1.75,2.54,0.88,1.6,78.1,2.32,0.44,1.81,0.84,,0.4536,0.4273,0.0,2.02,0.0,99.77,100.0,100.0,54.72,65.2,83.19,0.0,0.0,4.67,0.2745,3.533,3.807,0.1178,cuda,0.7275,0.7903,2.321,0.4756,95.5,47.64,0.9077,0.7817,anatomical,0.575,infer,24.0,1.8,0.2,trained4,5.917,0.1972,0.04,0.0,0.0296,ma_zerophase,5.0,,0.0093,4.8976
evaluate_epoch.csv,l10.1_phys0.5,deploy,320,2026-09-11 23:18:52,clean,tfm_declip_cov_l10.1_anat,1.0,0.5,500,306,3.1e-05,1.3e-05,99.73,99.95,1.75,2.52,0.88,1.2,72.6,2.07,0.42,1.75,0.82,,0.4536,0.418,0.0,2.02,0.0,99.77,100.0,100.0,54.89,67.13,86.76,0.0,0.02,9.6,0.2634,3.53,3.802,0.1177,cuda,0.7456,0.8146,2.072,0.4756,97.18,63.67,0.9223,0.8045,anatomical,0.575,infer,24.0,1.8,0.2,trained4,5.883,0.1961,0.07,0.0,0.0494,ma_zerophase,5.0,,0.0093,4.7302
evaluate_epoch.csv,l10.1_phys0.5,deploy,340,2026-09-11 23:21:12,clean,tfm_declip_cov_l10.1_anat,1.0,0.5,500,306,3.1e-05,1.8e-05,99.73,99.98,1.75,2.47,0.88,2.31,78.9,1.93,0.4,1.61,0.82,,0.4536,0.4243,0.0,2.02,0.0,99.77,100.0,100.0,58.37,69.09,86.62,0.0,0.03,10.5,0.2637,3.547,3.823,0.1182,cuda,0.7626,0.8247,1.929,0.4756,98.45,79.28,0.9315,0.8221,anatomical,0.575,infer,24.0,1.8,0.2,trained4,5.946,0.1982,0.01,0.0,0.0401,ma_zerophase,5.0,,0.0095,4.8049
evaluate_epoch.csv,l10.1_phys0.5,deploy,350,2026-09-18 22:41:05,clean,tfm_declip_cov_l10.1_anat,1.0,0.5,1500,306,3.1e-05,1e-06,99.73,99.99,1.75,0.68,0.88,0.68,96.9,2.27,0.35,1.81,0.86,,0.4536,0.4297,0.0,2.02,0.0,99.77,100.0,100.0,54.17,65.36,83.24,0.0,0.0,1.86,0.2774,5.646,18.116,0.1882,cuda,0.7274,0.7912,2.274,0.4756,96.82,60.71,0.9102,0.7818,anatomical,0.575,infer,24.0,1.8,0.2,trained4,5.686,0.1895,0.02,0.0,0.0029,ma_zerophase,5.0,,0.0108,5.0479
evaluate_epoch.csv,l10.1_phys0.5,deploy,360,2026-09-11 23:23:33,clean,tfm_declip_cov_l10.1_anat,1.0,0.5,500,306,3.1e-05,3e-06,99.73,99.99,1.75,1.42,0.88,1.42,93.6,2.18,0.36,1.76,0.88,,0.4536,0.4294,0.0,2.02,0.0,99.77,100.0,100.0,54.68,66.04,85.27,0.0,0.01,3.59,0.2741,3.546,3.823,0.1182,cuda,0.7337,0.804,2.177,0.4756,96.78,61.0,0.9154,0.7948,anatomical,0.575,infer,24.0,1.8,0.2,trained4,5.856,0.1952,0.01,0.0,0.0043,ma_zerophase,5.0,,0.0094,4.9199
evaluate_epoch.csv,l10.1_phys0.5,deploy,380,2026-09-11 23:25:53,clean,tfm_declip_cov_l10.1_anat,1.0,0.5,500,306,3.1e-05,5e-06,99.73,99.99,1.75,1.72,0.88,1.72,92.2,1.91,0.37,1.59,0.82,,0.4536,0.4302,0.0,2.02,0.0,99.77,100.0,100.0,58.01,68.61,86.55,0.0,0.04,9.39,0.2702,3.532,3.793,0.1177,cuda,0.7583,0.8237,1.913,0.4756,98.71,84.14,0.9326,0.8221,anatomical,0.575,infer,24.0,1.8,0.2,trained4,5.866,0.1955,0.01,0.0,0.0066,ma_zerophase,5.0,,0.0094,4.7946
evaluate_epoch.csv,l10.1_phys0.5,deploy,400,2026-09-11 23:28:12,clean,tfm_declip_cov_l10.1_anat,1.0,0.5,500,306,3.1e-05,6e-06,99.73,99.72,1.75,1.58,0.88,0.17,80.0,1.77,0.39,1.47,0.82,,0.4536,0.4246,0.0,2.02,0.0,99.77,100.0,100.0,61.33,71.6,88.15,0.0,0.11,11.3,0.263,3.527,3.814,0.1176,cuda,0.7801,0.839,1.775,0.4756,98.77,84.28,0.939,0.8396,anatomical,0.575,infer,24.0,1.8,0.2,trained4,5.909,0.197,0.03,0.0,0.0124,ma_zerophase,5.0,,0.0094,4.799
evaluate_epoch.csv,l10.1_phys0.5,deploy,420,2026-09-11 23:30:32,clean,tfm_declip_cov_l10.1_anat,1.0,0.5,500,306,3.1e-05,6e-06,99.73,99.56,1.75,0.54,0.88,0.23,57.4,1.95,0.42,1.56,0.83,,0.4536,0.4353,0.0,2.02,0.0,99.77,100.0,100.0,58.86,68.8,86.04,0.0,0.03,6.49,0.2738,3.532,3.804,0.1177,cuda,0.7602,0.8214,1.95,0.4756,98.3,80.21,0.9303,0.8206,anatomical,0.575,infer,24.0,1.8,0.2,trained4,5.915,0.1972,0.02,0.0,0.02,ma_zerophase,5.0,,0.0094,4.868
evaluate_epoch.csv,l10.1_phys0.5,deploy,440,2026-09-11 23:32:52,clean,tfm_declip_cov_l10.1_anat,1.0,0.5,500,306,3.1e-05,0.0,99.73,100.0,1.75,0.0,0.88,0.0,100.0,2.06,0.41,1.62,0.83,,0.4536,0.4378,0.0,2.02,0.0,99.77,100.0,100.0,57.77,67.91,85.34,0.0,0.1,5.62,0.2787,3.534,3.835,0.1178,cuda,0.7513,0.812,2.064,0.4756,97.89,72.05,0.9241,0.8076,anatomical,0.575,infer,24.0,1.8,0.2,trained4,5.889,0.1963,0.04,0.0,0.0091,ma_zerophase,5.0,,0.0094,4.9246
evaluate_epoch.csv,l10.1_phys0.5,deploy,450,2026-09-18 22:43:19,clean,tfm_declip_cov_l10.1_anat,1.0,0.5,1500,306,3.1e-05,0.0,99.73,100.0,1.75,0.0,0.88,0.0,100.0,2.15,0.41,1.94,0.96,,0.4536,0.4266,0.0,2.02,0.0,99.77,100.0,100.0,53.0,66.7,85.45,0.0,0.0,1.35,0.272,2.746,7.268,0.0915,cuda,0.7397,0.8077,2.151,0.4756,97.72,64.34,0.915,0.7944,anatomical,0.575,infer,24.0,1.8,0.2,trained4,5.707,0.1902,0.01,0.0,0.0173,ma_zerophase,5.0,,0.0107,4.7769
evaluate_epoch.csv,l10.1_phys0.5,deploy,460,2026-09-11 23:35:11,clean,tfm_declip_cov_l10.1_anat,1.0,0.5,500,306,3.1e-05,1e-05,99.73,99.96,1.75,1.91,0.88,1.04,81.0,1.64,0.44,1.41,0.84,,0.4536,0.4277,0.0,2.02,0.0,99.77,100.0,100.0,62.5,73.26,89.49,0.0,0.24,17.9,0.2634,3.588,3.827,0.1196,cuda,0.7949,0.8544,1.64,0.4756,98.76,85.95,0.9464,0.8561,anatomical,0.575,infer,24.0,1.8,0.2,trained4,5.828,0.1943,0.03,0.0,0.0618,ma_zerophase,5.0,,0.0094,4.7365
evaluate_epoch.csv,l10.1_phys0.5,deploy,480,2026-09-11 23:37:31,clean,tfm_declip_cov_l10.1_anat,1.0,0.5,500,306,3.1e-05,0.0,99.73,100.0,1.75,0.0,0.88,0.0,100.0,1.8,0.42,1.46,0.83,,0.4536,0.433,0.0,2.02,0.0,99.77,100.0,100.0,61.67,71.62,87.13,0.0,0.12,10.24,0.2702,3.606,3.829,0.1202,cuda,0.7797,0.8365,1.8,0.4756,98.38,80.88,0.9378,0.8383,anatomical,0.575,infer,24.0,1.8,0.2,trained4,5.906,0.1969,0.01,0.0,0.0084,ma_zerophase,5.0,,0.0095,4.8676
evaluate_epoch.csv,l10.1_phys0.5,deploy,500,2026-09-11 23:39:51,clean,tfm_declip_cov_l10.1_anat,1.0,0.5,500,306,3.1e-05,0.0,99.73,100.0,1.75,0.0,0.88,0.0,100.0,1.59,0.42,1.38,0.8,,0.4536,0.4283,0.0,2.02,0.0,99.77,100.0,100.0,63.17,73.48,89.68,0.0,0.62,21.54,0.2628,3.525,3.796,0.1175,cuda,0.7984,0.8587,1.589,0.4756,98.97,87.37,0.9492,0.8612,anatomical,0.575,infer,24.0,1.8,0.2,trained4,5.815,0.1938,0.01,0.0,0.0084,ma_zerophase,5.0,,0.0094,4.702
evaluate_epoch.csv,l10.1_phys0.5,deploy,550,2026-09-18 22:45:43,clean,tfm_declip_cov_l10.1_anat,1.0,0.5,1500,306,3.1e-05,0.0,99.73,100.0,1.75,0.0,0.88,0.0,100.0,1.7,0.4,1.47,0.85,,0.4536,0.4478,0.0,2.02,0.0,99.77,100.0,100.0,61.83,71.56,88.33,0.0,0.14,12.79,0.2865,6.911,20.708,0.2304,cuda,0.7852,0.8465,1.703,0.4756,98.57,83.22,0.9437,0.8486,anatomical,0.575,infer,24.0,1.8,0.2,trained4,6.654,0.2218,0.08,0.0,0.015,ma_zerophase,5.0,,0.0123,4.6626
evaluate_epoch.csv,l10.1_phys0.5,deploy,600,2026-09-18 22:48:21,clean,tfm_declip_cov_l10.1_anat,1.0,0.5,1500,306,3.1e-05,2e-06,99.73,99.92,1.75,0.56,0.88,0.3,90.5,1.71,0.4,1.5,0.87,,0.4536,0.4502,0.0,2.02,0.0,99.77,100.0,100.0,61.0,71.41,88.65,0.0,0.03,15.12,0.2926,3.014,7.648,0.1005,cuda,0.7817,0.8456,1.709,0.4756,98.93,86.61,0.9432,0.8465,anatomical,0.575,infer,24.0,1.8,0.2,trained4,6.557,0.2186,0.0,0.0,0.0,ma_zerophase,5.0,,0.012,4.7378
evaluate_epoch.csv,l10.1_phys0.5,deploy,650,2026-09-18 22:50:55,clean,tfm_declip_cov_l10.1_anat,1.0,0.5,1500,306,3.1e-05,0.0,99.73,100.0,1.75,0.0,0.88,0.0,100.0,1.39,0.44,1.39,0.86,,0.4536,0.4361,0.0,2.02,0.0,99.77,100.0,100.0,61.06,75.39,94.38,0.01,0.68,45.04,0.2727,5.543,17.159,0.1848,cuda,0.8129,0.8862,1.394,0.4756,99.4,92.34,0.9593,0.882,anatomical,0.575,infer,24.0,1.8,0.2,trained4,6.148,0.2049,0.0,0.0,0.0,ma_zerophase,5.0,,0.0122,4.6231
evaluate_epoch.csv,l10.1_phys0.5,deploy,700,2026-09-18 22:53:31,clean,tfm_declip_cov_l10.1_anat,1.0,0.5,1500,306,3.1e-05,0.0,99.73,100.0,1.75,0.0,0.88,0.0,100.0,1.24,0.57,1.21,0.89,,0.4536,0.4357,0.0,2.02,0.0,99.77,100.0,100.0,68.03,79.75,94.53,0.27,3.0,53.36,0.2675,9.477,22.055,0.3159,cuda,0.8443,0.9013,1.238,0.4756,99.02,88.95,0.9649,0.9034,anatomical,0.575,infer,24.0,1.8,0.2,trained4,6.404,0.2135,0.02,0.0,0.0015,ma_zerophase,5.0,,0.0116,4.6573
evaluate_epoch.csv,l10.1_phys0.5,deploy,750,2026-09-18 22:56:16,clean,tfm_declip_cov_l10.1_anat,1.0,0.5,1500,306,3.1e-05,0.0,99.73,99.97,1.75,0.31,0.88,0.21,97.1,1.22,0.53,1.22,0.9,,0.4536,0.451,0.0,2.02,0.0,99.77,100.0,100.0,65.72,79.37,95.33,0.03,3.57,58.31,0.282,6.464,16.148,0.2155,cuda,0.8433,0.9045,1.224,0.4756,99.4,93.94,0.9674,0.9051,anatomical,0.575,infer,24.0,1.8,0.2,trained4,6.501,0.2167,0.0,0.0,0.0,ma_zerophase,5.0,,0.0117,4.6906
evaluate_epoch.csv,l10.1_phys0.5,deploy,800,2026-09-18 22:58:51,clean,tfm_declip_cov_l10.1_anat,1.0,0.5,1500,306,3.1e-05,0.0,99.73,99.98,1.75,0.08,0.88,0.06,99.5,0.92,0.43,1.08,0.87,,0.4536,0.4167,0.0,2.02,0.0,99.77,100.0,100.0,71.92,85.52,97.67,0.94,17.95,76.06,0.2468,2.703,7.14,0.0901,cuda,0.8846,0.9354,0.915,0.4756,99.67,95.99,0.9793,0.9363,anatomical,0.575,infer,24.0,1.8,0.2,trained4,6.519,0.2173,0.02,0.0,0.006,ma_zerophase,5.0,,0.0115,4.6134
evaluate_epoch.csv,l10.1_phys0.5,deploy,850,2026-09-18 23:01:23,clean,tfm_declip_cov_l10.1_anat,1.0,0.5,1500,306,3.1e-05,0.0,99.73,100.0,1.75,0.0,0.88,0.0,100.0,0.88,0.42,1.04,0.89,,0.4536,0.4234,0.0,2.02,0.0,99.77,100.0,100.0,73.17,85.53,97.83,1.56,17.75,76.97,0.253,3.096,7.832,0.1032,cuda,0.8882,0.9373,0.88,0.4756,99.72,96.37,0.9804,0.9391,anatomical,0.575,infer,24.0,1.8,0.2,trained4,6.443,0.2148,0.04,0.0,0.0028,ma_zerophase,5.0,,0.0115,4.6045
evaluate_epoch.csv,l10.1_phys0.5,deploy,900,2026-09-18 23:03:51,clean,tfm_declip_cov_l10.1_anat,1.0,0.5,1500,306,3.1e-05,0.0,99.73,100.0,1.75,0.0,0.88,0.0,100.0,0.94,0.53,1.11,0.91,,0.4536,0.4216,0.0,2.02,0.0,99.77,100.0,100.0,72.76,85.13,96.91,1.56,18.06,71.12,0.2523,2.723,6.885,0.0908,cuda,0.883,0.931,0.944,0.4756,99.6,95.32,0.977,0.9323,anatomical,0.575,infer,24.0,1.8,0.2,trained4,6.273,0.2091,0.0,0.0,0.0,ma_zerophase,5.0,,0.0113,4.7179
evaluate_epoch.csv,l10.1_phys0.5,deploy,950,2026-09-18 23:06:19,clean,tfm_declip_cov_l10.1_anat,1.0,0.5,1500,306,3.1e-05,0.0,99.73,99.99,1.75,0.04,0.88,0.04,99.8,0.83,0.39,1.0,0.87,,0.4536,0.4102,0.0,2.02,0.0,99.77,100.0,100.0,74.43,86.48,98.14,3.52,21.42,79.03,0.2375,5.421,16.943,0.1807,cuda,0.8952,0.9424,0.827,0.4756,99.85,98.03,0.9825,0.9443,anatomical,0.575,infer,24.0,1.8,0.2,trained4,6.012,0.2004,0.0,0.0,0.0,ma_zerophase,5.0,,0.0106,4.5933
evaluate_epoch.csv,l10.1_phys0.5,deploy,1000,2026-09-18 23:08:52,clean,tfm_declip_cov_l10.1_anat,1.0,0.5,1500,306,3.1e-05,0.0,99.73,100.0,1.75,0.0,0.88,0.0,100.0,0.82,0.43,1.04,0.88,,0.4536,0.4135,0.0,2.02,0.0,99.77,100.0,100.0,74.43,88.32,98.18,1.57,29.85,80.82,0.2426,6.07,24.153,0.2023,cuda,0.8997,0.9455,0.823,0.4756,99.78,97.11,0.9823,0.9449,anatomical,0.575,infer,24.0,1.8,0.2,trained4,6.203,0.2068,0.14,0.0,0.0362,ma_zerophase,5.0,,0.0105,4.5861
evaluate_epoch.csv,l10.1_phys0.5,deploy,1050,2026-09-18 23:11:23,clean,tfm_declip_cov_l10.1_anat,1.0,0.5,1500,306,3.1e-05,0.0,99.73,100.0,1.75,0.0,0.88,0.0,100.0,0.68,0.42,0.98,0.88,,0.4536,0.4089,0.0,2.02,0.0,99.77,100.0,100.0,79.38,90.86,98.71,8.71,42.14,85.65,0.2367,7.443,26.66,0.2481,cuda,0.9192,0.9569,0.685,0.4756,99.8,97.44,0.9861,0.9564,anatomical,0.575,infer,24.0,1.8,0.2,trained4,6.35,0.2117,0.1,0.0,0.0151,ma_zerophase,5.0,,0.0108,4.5607
evaluate_epoch.csv,l10.1_phys0.5,deploy,1100,2026-09-18 23:13:54,clean,tfm_declip_cov_l10.1_anat,1.0,0.5,1500,306,3.1e-05,2e-06,99.73,99.6,1.75,0.41,0.88,0.18,69.2,1.57,0.48,1.25,0.86,,0.4536,0.4296,0.0,2.02,0.0,99.77,100.0,100.0,66.99,75.2,89.2,0.0,0.03,18.14,0.2606,3.728,3.909,0.1243,cuda,0.809,0.8595,1.57,0.4756,98.39,81.31,0.9479,0.8668,anatomical,0.575,infer,24.0,1.8,0.2,trained4,6.271,0.209,0.0,0.0,0.0,ma_zerophase,5.0,,0.0105,4.7468
evaluate_epoch.csv,l10.1_phys0.5,deploy,1150,2026-09-18 23:16:08,clean,tfm_declip_cov_l10.1_anat,1.0,0.5,1500,306,3.1e-05,0.0,99.73,100.0,1.75,0.0,0.88,0.0,100.0,0.64,0.44,0.93,0.91,,0.4536,0.4038,0.0,2.02,0.0,99.77,100.0,100.0,81.87,91.59,98.65,17.05,47.09,85.37,0.2308,3.687,3.991,0.1229,cuda,0.9267,0.9601,0.642,0.4756,99.82,97.42,0.9867,0.9592,anatomical,0.575,infer,24.0,1.8,0.2,trained4,5.15,0.1717,0.02,0.0,0.0098,ma_zerophase,5.0,,0.0091,4.5704
evaluate_epoch.csv,l10.1_phys0.5,deploy,1200,2026-09-18 23:18:30,clean,tfm_declip_cov_l10.1_anat,1.0,0.5,1500,306,3.1e-05,0.0,99.73,100.0,1.75,0.0,0.88,0.0,100.0,0.68,0.41,0.94,0.89,,0.4536,0.4082,0.0,2.02,0.0,99.77,100.0,100.0,78.65,91.14,98.64,6.6,42.59,85.42,0.2349,6.492,13.765,0.2164,cuda,0.9205,0.9577,0.68,0.4756,99.84,97.83,0.9865,0.9577,anatomical,0.575,infer,24.0,1.8,0.2,trained4,6.309,0.2103,0.14,0.0,0.022,ma_zerophase,5.0,,0.0113,4.5765
evaluate_epoch.csv,l10.1_phys0.5,deploy,1250,2026-09-18 23:20:51,clean,tfm_declip_cov_l10.1_anat,1.0,0.5,1500,306,3.1e-05,0.0,99.73,99.99,1.75,0.02,0.88,0.02,99.9,0.55,0.42,0.89,0.91,,0.4536,0.3996,0.0,2.02,0.0,99.77,100.0,100.0,84.65,93.17,98.99,28.16,54.64,88.52,0.226,4.634,9.604,0.1545,cuda,0.9394,0.9679,0.546,0.4756,99.91,98.75,0.9895,0.967,anatomical,0.575,infer,24.0,1.8,0.2,trained4,5.579,0.186,0.1,0.0,0.0125,ma_zerophase,5.0,,0.0101,4.5909
evaluate_epoch.csv,l10.1_phys0.5,deploy,1300,2026-09-18 23:23:25,clean,tfm_declip_cov_l10.1_anat,1.0,0.5,1500,306,3.1e-05,0.0,99.73,100.0,1.75,0.0,0.88,0.0,100.0,0.84,0.56,1.0,0.91,,0.4536,0.4089,0.0,2.02,0.0,99.77,100.0,100.0,76.58,89.04,97.08,3.76,32.33,74.29,0.2368,6.907,18.517,0.2302,cuda,0.9031,0.9415,0.838,0.4756,99.49,94.32,0.9798,0.9428,anatomical,0.575,infer,24.0,1.8,0.2,trained4,6.478,0.2159,0.13,0.0,0.0878,ma_zerophase,5.0,,0.0115,4.6631
evaluate_epoch.csv,l10.1_phys0.5,deploy,1350,2026-09-18 23:26:05,clean,tfm_declip_cov_l10.1_anat,1.0,0.5,1500,306,3.1e-05,0.0,99.73,100.0,1.75,0.0,0.88,0.0,100.0,0.71,0.44,0.93,0.89,,0.4536,0.4107,0.0,2.02,0.0,99.77,100.0,100.0,78.19,89.81,98.34,10.89,36.97,82.58,0.2378,6.928,16.237,0.2309,cuda,0.915,0.9528,0.712,0.4756,99.79,97.18,0.9851,0.954,anatomical,0.575,infer,24.0,1.8,0.2,trained4,6.62,0.2207,0.13,0.0,0.0628,ma_zerophase,5.0,,0.0112,4.6052
evaluate_epoch.csv,l10.1_phys0.5,deploy,1400,2026-09-18 23:28:29,clean,tfm_declip_cov_l10.1_anat,1.0,0.5,1500,306,3.1e-05,0.0,99.73,100.0,1.75,0.0,0.88,0.0,100.0,0.68,0.43,0.92,0.9,,0.4536,0.4009,0.0,2.02,0.0,99.77,100.0,100.0,77.62,91.44,98.82,5.65,46.73,87.8,0.2279,5.006,11.643,0.1669,cuda,0.9208,0.9586,0.675,0.4756,99.84,97.93,0.9871,0.9591,anatomical,0.575,infer,24.0,1.8,0.2,trained4,5.493,0.1831,0.13,0.0,0.0123,ma_zerophase,5.0,,0.0099,4.5846
evaluate_epoch.csv,l10.1_phys0.5,deploy,1450,2026-09-18 23:30:42,clean,tfm_declip_cov_l10.1_anat,1.0,0.5,1500,306,3.1e-05,0.0,99.73,99.98,1.75,0.16,0.88,0.13,98.8,1.23,0.44,1.16,0.86,,0.4536,0.4137,0.0,2.02,0.0,99.77,100.0,100.0,68.22,78.25,94.48,0.0,0.33,47.84,0.2412,5.03,14.739,0.1677,cuda,0.8405,0.8963,1.229,0.4756,99.09,89.06,0.965,0.9026,anatomical,0.575,infer,24.0,1.8,0.2,trained4,5.53,0.1843,0.0,0.0,0.0,ma_zerophase,5.0,,0.0107,4.6237
evaluate_epoch.csv,l10.1_phys0.5,deploy,1500,2026-09-18 23:32:55,clean,tfm_declip_cov_l10.1_anat,1.0,0.5,1500,306,3.1e-05,0.0,99.73,99.64,1.75,0.4,0.88,0.06,90.2,0.58,0.41,0.91,0.96,,0.4536,0.3989,0.0,2.02,0.0,99.77,100.0,100.0,83.46,93.3,99.05,19.86,54.41,89.2,0.2255,4.28,9.786,0.1427,cuda,0.937,0.9674,0.579,0.4756,99.89,98.44,0.9894,0.9664,anatomical,0.575,infer,24.0,1.8,0.2,trained4,5.285,0.1762,0.1,0.0,0.0107,ma_zerophase,5.0,,0.0098,4.574
evaluate_epoch.csv,l10.1_phys0.5,deploy,1550,2026-09-23 20:54:19,clean,tfm_declip_cov_l10.1_anat,1.0,0.5,2500,306,3.1e-05,0.0,99.73,100.0,1.75,0.0,0.88,0.0,100.0,0.51,0.41,0.86,0.91,,0.4536,0.4005,0.0,2.02,0.0,99.77,100.0,100.0,85.69,93.7,99.11,32.21,58.34,89.24,0.2266,3.125,5.196,0.1042,cuda,0.9439,0.9706,0.513,0.4756,99.92,98.75,0.9905,0.9695,anatomical,0.575,infer,24.0,1.8,0.2,trained4,6.963,0.2321,0.07,0.0,0.043,ma_zerophase,5.0,,0.0128,4.5677
evaluate_epoch.csv,l10.1_phys0.5,deploy,1600,2026-09-23 20:57:01,clean,tfm_declip_cov_l10.1_anat,1.0,0.5,2500,306,3.1e-05,0.0,99.73,100.0,1.75,0.0,0.88,0.0,100.0,0.48,0.41,0.86,0.95,,0.4536,0.3984,0.0,2.02,0.0,99.77,100.0,100.0,87.2,94.49,99.28,37.78,63.81,91.18,0.225,10.155,24.407,0.3385,cuda,0.9493,0.9737,0.48,0.4756,99.91,98.61,0.9911,0.9721,anatomical,0.575,infer,24.0,1.8,0.2,trained4,6.85,0.2283,0.02,0.0,0.0073,ma_zerophase,5.0,,0.0126,4.5569
evaluate_epoch.csv,l10.1_phys0.5,deploy,1650,2026-09-23 20:59:53,clean,tfm_declip_cov_l10.1_anat,1.0,0.5,2500,306,3.1e-05,0.0,99.73,100.0,1.75,0.0,0.88,0.0,100.0,0.73,0.49,0.96,0.92,,0.4536,0.408,0.0,2.02,0.0,99.77,100.0,100.0,79.77,90.38,98.05,12.69,40.62,80.65,0.2359,12.395,28.23,0.4132,cuda,0.9164,0.9528,0.732,0.4756,99.73,96.45,0.984,0.9524,anatomical,0.575,infer,24.0,1.8,0.2,trained4,6.821,0.2274,0.03,0.0,0.0025,ma_zerophase,5.0,,0.012,4.6477
evaluate_epoch.csv,l10.1_phys0.5,deploy,1700,2026-09-23 21:02:14,clean,tfm_declip_cov_l10.1_anat,1.0,0.5,2500,306,3.1e-05,0.0,99.73,100.0,1.75,0.0,0.88,0.0,100.0,0.62,0.4,0.93,0.89,,0.4536,0.4015,0.0,2.02,0.0,99.77,100.0,100.0,81.3,93.1,98.79,8.21,55.11,86.53,0.229,6.913,19.019,0.2304,cuda,0.9318,0.9643,0.62,0.4756,99.87,98.2,0.9882,0.9631,anatomical,0.575,infer,24.0,1.8,0.2,trained4,5.732,0.1911,0.09,0.0,0.0077,ma_zerophase,5.0,,0.0105,4.5848
evaluate_epoch.csv,l10.1_phys0.5,deploy,1750,2026-09-23 21:04:34,clean,tfm_declip_cov_l10.1_anat,1.0,0.5,2500,306,3.1e-05,0.0,99.73,99.98,1.75,0.42,0.88,0.3,97.2,0.58,0.41,0.9,0.89,,0.4536,0.4021,0.0,2.02,0.0,99.77,100.0,100.0,83.83,92.76,98.95,23.43,51.83,88.08,0.229,10.813,25.249,0.3604,cuda,0.9357,0.966,0.579,0.4756,99.89,98.49,0.9891,0.9653,anatomical,0.575,infer,24.0,1.8,0.2,trained4,5.675,0.1892,0.08,0.0,0.0239,ma_zerophase,5.0,,0.0105,4.5817
evaluate_epoch.csv,l10.1_phys0.5,deploy,1800,2026-09-23 21:06:52,clean,tfm_declip_cov_l10.1_anat,1.0,0.5,2500,306,3.1e-05,0.0,99.73,99.98,1.75,0.21,0.88,0.14,98.7,0.54,0.38,0.87,0.91,,0.4536,0.3966,0.0,2.02,0.0,99.77,100.0,100.0,84.3,93.86,99.21,23.18,56.97,90.22,0.2231,2.697,5.357,0.0899,cuda,0.9418,0.9702,0.536,0.4756,99.93,98.88,0.9903,0.9692,anatomical,0.575,infer,24.0,1.8,0.2,trained4,5.672,0.1891,0.0,0.0,0.0,ma_zerophase,5.0,,0.0107,4.5571
evaluate_epoch.csv,l10.1_phys0.5,deploy,1850,2026-09-23 21:09:09,clean,tfm_declip_cov_l10.1_anat,1.0,0.5,2500,306,3.1e-05,0.0,99.73,100.0,1.75,0.0,0.88,0.0,100.0,0.73,0.49,0.94,0.92,,0.4536,0.4056,0.0,2.02,0.0,99.77,100.0,100.0,77.27,90.82,98.16,0.14,42.36,82.11,0.2328,2.658,5.094,0.0886,cuda,0.9143,0.9528,0.732,0.4756,99.67,96.18,0.9845,0.9539,anatomical,0.575,infer,24.0,1.8,0.2,trained4,5.724,0.1908,0.02,0.0,0.0017,ma_zerophase,5.0,,0.0104,4.6154
evaluate_epoch.csv,l10.1_phys0.5,deploy,1900,2026-09-23 21:11:27,clean,tfm_declip_cov_l10.1_anat,1.0,0.5,2500,306,3.1e-05,0.0,99.73,99.99,1.75,0.41,0.88,0.41,98.1,0.47,0.42,0.85,0.94,,0.4536,0.3974,0.0,2.02,0.0,99.77,100.0,100.0,87.28,94.46,99.19,37.72,61.46,90.44,0.224,5.243,14.849,0.1748,cuda,0.9501,0.9738,0.468,0.4756,99.9,98.64,0.9911,0.9722,anatomical,0.575,infer,24.0,1.8,0.2,trained4,5.898,0.1966,0.09,0.0,0.0175,ma_zerophase,5.0,,0.0111,4.5641
evaluate_epoch.csv,l10.1_phys0.5,deploy,1950,2026-09-23 21:13:47,clean,tfm_declip_cov_l10.1_anat,1.0,0.5,2500,306,3.1e-05,0.0,99.73,100.0,1.75,0.0,0.88,0.0,100.0,0.6,0.46,0.89,0.91,,0.4536,0.4025,0.0,2.02,0.0,99.77,100.0,100.0,84.05,92.72,98.66,27.79,52.55,86.45,0.2289,3.732,9.25,0.1244,cuda,0.9343,0.9637,0.6,0.4756,99.83,97.68,0.9879,0.9633,anatomical,0.575,infer,24.0,1.8,0.2,trained4,5.938,0.1979,0.02,0.0,0.007,ma_zerophase,5.0,,0.0111,4.6081
evaluate_epoch.csv,l10.1_phys0.5,deploy,2000,2026-09-23 21:16:05,clean,tfm_declip_cov_l10.1_anat,1.0,0.5,2500,306,3.1e-05,0.0,99.73,99.97,1.75,0.18,0.88,0.1,98.6,0.72,0.45,0.94,0.87,,0.4536,0.4046,0.0,2.02,0.0,99.77,100.0,100.0,79.82,89.88,97.84,14.2,38.49,76.95,0.2299,6.558,15.445,0.2186,cuda,0.9154,0.9504,0.718,0.4756,99.7,96.45,0.9835,0.9515,anatomical,0.575,infer,24.0,1.8,0.2,trained4,5.95,0.1983,0.02,0.0,0.0087,ma_zerophase,5.0,,0.0117,4.5997
evaluate_epoch.csv,l10.1_phys0.5,deploy,2050,2026-09-23 21:18:25,clean,tfm_declip_cov_l10.1_anat,1.0,0.5,2500,306,3.1e-05,0.0,99.73,99.97,1.75,0.29,0.88,0.12,98.3,0.48,0.45,0.85,0.92,,0.4536,0.3974,0.0,2.02,0.0,99.77,100.0,100.0,87.03,94.26,99.14,38.17,62.3,90.52,0.224,10.383,21.538,0.3461,cuda,0.9484,0.9724,0.484,0.4756,99.86,98.21,0.9906,0.971,anatomical,0.575,infer,24.0,1.8,0.2,trained4,5.7,0.19,0.01,0.0,0.0076,ma_zerophase,5.0,,0.011,4.5777
evaluate_epoch.csv,l10.1_phys0.5,deploy,2100,2026-09-23 21:20:41,clean,tfm_declip_cov_l10.1_anat,1.0,0.5,2500,306,3.1e-05,1e-06,99.73,99.98,1.75,0.85,0.88,0.74,93.3,0.44,0.43,0.84,0.93,,0.4536,0.3948,0.0,2.02,0.0,99.77,100.0,100.0,88.52,94.87,99.26,44.72,65.82,91.12,0.2218,10.412,22.265,0.3471,cuda,0.9538,0.9756,0.438,0.4756,99.91,98.55,0.9915,0.9737,anatomical,0.575,infer,24.0,1.8,0.2,trained4,5.645,0.1882,0.01,0.0,0.0067,ma_zerophase,5.0,,0.0108,4.5653
evaluate_epoch.csv,l10.1_phys0.5,deploy,2150,2026-09-23 21:23:02,clean,tfm_declip_cov_l10.1_anat,1.0,0.5,2500,306,3.1e-05,0.0,99.73,100.0,1.75,0.0,0.88,0.0,100.0,0.53,0.42,0.88,0.9,,0.4536,0.3971,0.0,2.02,0.0,99.77,100.0,100.0,85.63,93.89,99.14,32.71,59.3,90.17,0.2239,11.371,24.647,0.379,cuda,0.9433,0.9705,0.526,0.4756,99.9,98.54,0.9902,0.9691,anatomical,0.575,infer,24.0,1.8,0.2,trained4,5.585,0.1862,0.04,0.0,0.0026,ma_zerophase,5.0,,0.0106,4.5598
evaluate_epoch.csv,l10.1_phys0.5,deploy,2200,2026-09-23 21:25:22,clean,tfm_declip_cov_l10.1_anat,1.0,0.5,2500,306,3.1e-05,1e-06,99.73,99.97,1.75,0.53,0.88,0.33,95.5,0.42,0.43,0.82,0.93,,0.4536,0.3962,0.0,2.02,0.0,99.77,100.0,100.0,88.78,94.89,99.3,46.96,66.13,91.32,0.223,6.76,19.372,0.2253,cuda,0.955,0.9761,0.425,0.4756,99.92,98.91,0.9918,0.9744,anatomical,0.575,infer,24.0,1.8,0.2,trained4,5.681,0.1894,0.11,0.0,0.0082,ma_zerophase,5.0,,0.0104,4.5658
evaluate_epoch.csv,l10.1_phys0.5,deploy,2250,2026-09-23 21:27:34,clean,tfm_declip_cov_l10.1_anat,1.0,0.5,2500,306,3.1e-05,1e-06,99.73,99.97,1.75,0.93,0.88,0.53,92.8,0.58,0.4,0.88,0.89,,0.4536,0.3969,0.0,2.02,0.0,99.77,100.0,100.0,83.3,93.14,98.97,21.35,52.02,88.1,0.2232,2.541,4.92,0.0847,cuda,0.9358,0.9664,0.582,0.4756,99.84,98.06,0.9891,0.966,anatomical,0.575,infer,24.0,1.8,0.2,trained4,5.705,0.1902,0.1,0.0,0.0071,ma_zerophase,5.0,,0.0102,4.5867
evaluate_epoch.csv,l10.1_phys0.5,deploy,2300,2026-09-23 21:29:48,clean,tfm_declip_cov_l10.1_anat,1.0,0.5,2500,306,3.1e-05,0.0,99.73,99.98,1.75,0.62,0.88,0.41,96.3,0.45,0.42,0.83,0.92,,0.4536,0.3955,0.0,2.02,0.0,99.77,100.0,100.0,87.61,94.6,99.28,39.25,62.42,91.42,0.2221,10.353,25.115,0.3451,cuda,0.952,0.9749,0.446,0.4756,99.93,98.94,0.9915,0.9732,anatomical,0.575,infer,24.0,1.8,0.2,trained4,5.779,0.1926,0.16,0.0,0.0148,ma_zerophase,5.0,,0.0107,4.5624
evaluate_epoch.csv,l10.1_phys0.5,deploy,2350,2026-09-23 21:32:00,clean,tfm_declip_cov_l10.1_anat,1.0,0.5,2500,306,3.1e-05,2e-06,99.73,99.96,1.75,1.29,0.88,0.43,92.2,0.62,0.37,0.9,0.9,,0.4536,0.4007,0.0,2.02,0.0,99.77,100.0,100.0,78.18,93.78,99.19,0.1,58.56,90.78,0.2271,2.601,4.807,0.0867,cuda,0.9289,0.9651,0.615,0.4756,99.9,98.61,0.9893,0.9653,anatomical,0.575,infer,24.0,1.8,0.2,trained4,5.833,0.1944,0.12,0.0,0.0284,ma_zerophase,5.0,,0.0103,4.5955
evaluate_epoch.csv,l10.1_phys0.5,deploy,2400,2026-09-23 21:34:13,clean,tfm_declip_cov_l10.1_anat,1.0,0.5,2500,306,3.1e-05,0.0,99.73,100.0,1.75,0.0,0.88,0.0,100.0,0.44,0.44,0.83,0.93,,0.4536,0.3976,0.0,2.02,0.0,99.77,100.0,100.0,88.13,94.78,99.23,44.88,65.56,91.29,0.2243,7.898,21.086,0.2633,cuda,0.9532,0.975,0.443,0.4756,99.91,98.85,0.9914,0.9733,anatomical,0.575,infer,24.0,1.8,0.2,trained4,5.663,0.1888,0.11,0.0,0.0122,ma_zerophase,5.0,,0.0106,4.5684
evaluate_epoch.csv,l10.1_phys0.5,deploy,2450,2026-09-23 21:36:27,clean,tfm_declip_cov_l10.1_anat,1.0,0.5,2500,306,3.1e-05,0.0,99.73,99.98,1.75,0.15,0.88,0.1,99.1,0.45,0.44,0.83,0.93,,0.4536,0.3973,0.0,2.02,0.0,99.77,100.0,100.0,88.13,94.7,99.26,44.19,64.64,91.22,0.224,2.517,5.008,0.0839,cuda,0.9528,0.9749,0.447,0.4756,99.88,98.53,0.9914,0.9733,anatomical,0.575,infer,24.0,1.8,0.2,trained4,5.718,0.1906,0.05,0.0,0.0032,ma_zerophase,5.0,,0.0106,4.5703
evaluate_epoch.csv,l10.1_phys0.5,deploy,2500,2026-09-23 21:38:39,clean,tfm_declip_cov_l10.1_anat,1.0,0.5,2500,306,3.1e-05,1e-06,99.73,99.97,1.75,0.63,0.88,0.43,94.1,0.42,0.43,0.83,0.93,,0.4536,0.3951,0.0,2.02,0.0,99.77,100.0,100.0,88.58,94.96,99.28,47.09,66.47,91.46,0.2221,2.569,5.017,0.0856,cuda,0.9551,0.9762,0.425,0.4756,99.89,98.51,0.9916,0.9744,anatomical,0.575,infer,24.0,1.8,0.2,trained4,5.778,0.1926,0.0,0.0,0.0,ma_zerophase,5.0,,0.0105,4.5604
evaluate_epoch.csv,l10.1_phys0.5,deploy,2550,2026-09-24 17:01:25,clean,tfm_declip_cov_l10.1_anat,1.0,0.5,3000,306,3.1e-05,0.0,99.73,99.98,1.75,0.51,0.88,0.31,97.1,0.42,0.43,0.82,0.93,,0.4536,0.3942,0.0,2.02,0.0,99.77,100.0,100.0,88.81,95.0,99.26,48.21,66.83,91.27,0.2212,3.463,4.396,0.1154,cuda,0.9554,0.9763,0.421,0.4756,99.92,98.78,0.9919,0.9746,anatomical,0.575,infer,24.0,1.8,0.2,trained4,5.612,0.1871,0.01,0.0,0.0015,ma_zerophase,5.0,,0.0098,4.5647
evaluate_epoch.csv,l10.1_phys0.5,deploy,2600,2026-09-24 17:03:36,clean,tfm_declip_cov_l10.1_anat,1.0,0.5,3000,306,3.1e-05,0.0,99.73,99.98,1.75,0.32,0.88,0.26,97.7,0.43,0.46,0.83,0.93,,0.4536,0.3947,0.0,2.02,0.0,99.77,100.0,100.0,88.59,94.9,99.19,47.18,66.86,90.97,0.2215,3.546,3.802,0.1182,cuda,0.9544,0.9755,0.435,0.4756,99.9,98.61,0.9914,0.9737,anatomical,0.575,infer,24.0,1.8,0.2,trained4,5.552,0.1851,0.1,0.0,0.0119,ma_zerophase,5.0,,0.0091,4.5689
evaluate_epoch.csv,l10.1_phys0.5,deploy,2650,2026-09-24 17:05:47,clean,tfm_declip_cov_l10.1_anat,1.0,0.5,3000,306,3.1e-05,0.0,99.73,99.96,1.75,0.43,0.88,0.26,95.3,0.42,0.45,0.82,0.93,,0.4536,0.3947,0.0,2.02,0.0,99.77,100.0,100.0,88.85,94.96,99.15,48.08,67.16,90.66,0.2216,3.547,3.8,0.1182,cuda,0.9555,0.976,0.418,0.4756,99.9,98.57,0.9916,0.9742,anatomical,0.575,infer,24.0,1.8,0.2,trained4,5.432,0.1811,0.03,0.0,0.0151,ma_zerophase,5.0,,0.009,4.569
evaluate_epoch.csv,l10.1_phys0.5,deploy,2700,2026-09-24 17:07:57,clean,tfm_declip_cov_l10.1_anat,1.0,0.5,3000,306,3.1e-05,0.0,99.73,99.99,1.75,0.25,0.88,0.25,98.9,0.44,0.48,0.83,0.92,,0.4536,0.3961,0.0,2.02,0.0,99.77,100.0,100.0,88.11,94.48,99.11,46.22,65.16,90.69,0.2231,3.584,3.823,0.1195,cuda,0.952,0.9738,0.445,0.4756,99.89,98.65,0.9909,0.9723,anatomical,0.575,infer,24.0,1.8,0.2,trained4,5.439,0.1813,0.02,0.0,0.0011,ma_zerophase,5.0,,0.0089,4.5718
evaluate_epoch.csv,l10.1_phys0.5,deploy,2750,2026-09-24 17:10:07,clean,tfm_declip_cov_l10.1_anat,1.0,0.5,3000,306,3.1e-05,0.0,99.73,99.98,1.75,0.48,0.88,0.43,96.0,0.46,0.42,0.85,0.92,,0.4536,0.3948,0.0,2.02,0.0,99.77,100.0,100.0,87.72,94.6,99.23,37.96,62.69,91.05,0.2218,3.541,3.822,0.118,cuda,0.9513,0.9744,0.457,0.4756,99.93,98.92,0.9912,0.9726,anatomical,0.575,infer,24.0,1.8,0.2,trained4,5.492,0.1831,0.09,0.0,0.0235,ma_zerophase,5.0,,0.009,4.5643
evaluate_epoch.csv,l10.1_phys0.5,deploy,2800,2026-09-24 17:12:18,clean,tfm_declip_cov_l10.1_anat,1.0,0.5,3000,306,3.1e-05,0.0,99.73,99.99,1.75,0.07,0.88,0.07,99.7,0.67,0.44,0.93,0.91,,0.4536,0.3999,0.0,2.02,0.0,99.77,100.0,100.0,77.41,91.91,98.52,1.57,49.65,84.86,0.2282,3.601,3.836,0.12,cuda,0.9214,0.958,0.675,0.4756,99.8,97.86,0.9867,0.9588,anatomical,0.575,infer,24.0,1.8,0.2,trained4,5.652,0.1884,0.04,0.0,0.0043,ma_zerophase,5.0,,0.0093,4.6122
evaluate_epoch.csv,l10.1_phys0.5,deploy,2850,2026-09-24 17:14:30,clean,tfm_declip_cov_l10.1_anat,1.0,0.5,3000,306,3.1e-05,1e-06,99.73,99.98,1.75,0.62,0.88,0.54,95.1,0.43,0.45,0.85,0.93,,0.4536,0.3941,0.0,2.02,0.0,99.77,100.0,100.0,88.57,94.89,99.24,45.05,66.17,91.61,0.2212,3.621,3.831,0.1207,cuda,0.9546,0.9759,0.432,0.4756,99.88,98.29,0.9915,0.974,anatomical,0.575,infer,24.0,1.8,0.2,trained4,5.522,0.1841,0.03,0.0,0.0029,ma_zerophase,5.0,,0.0091,4.5664
evaluate_epoch.csv,l10.1_phys0.5,deploy,2900,2026-09-24 17:16:45,clean,tfm_declip_cov_l10.1_anat,1.0,0.5,3000,306,3.1e-05,0.0,99.73,99.99,1.75,0.44,0.88,0.44,98.0,0.41,0.44,0.83,0.93,,0.4536,0.3939,0.0,2.02,0.0,99.77,100.0,100.0,89.11,95.14,99.28,47.93,67.3,91.74,0.2212,3.602,3.82,0.1201,cuda,0.9566,0.977,0.413,0.4756,99.91,98.81,0.9918,0.9749,anatomical,0.575,infer,24.0,1.8,0.2,trained4,5.946,0.1982,0.02,0.0,0.0074,ma_zerophase,5.0,,0.0097,4.5592
evaluate_epoch.csv,l10.1_phys0.5,deploy,2950,2026-09-24 17:19:05,clean,tfm_declip_cov_l10.1_anat,1.0,0.5,3000,306,3.1e-05,1e-06,99.73,99.97,1.75,0.61,0.88,0.32,95.6,0.43,0.45,0.82,0.93,,0.4536,0.396,0.0,2.02,0.0,99.77,100.0,100.0,89.02,95.0,99.23,49.5,66.98,91.55,0.2226,3.571,3.819,0.119,cuda,0.9556,0.9763,0.428,0.4756,99.86,98.57,0.9916,0.9745,anatomical,0.575,infer,24.0,1.8,0.2,trained4,5.822,0.1941,0.05,0.0,0.0055,ma_zerophase,5.0,,0.0094,4.5724
evaluate_epoch.csv,l10.1_phys0.5,deploy,3000,2026-09-24 17:21:24,clean,tfm_declip_cov_l10.1_anat,1.0,0.5,3000,306,3.1e-05,1e-06,99.73,99.98,1.75,0.62,0.88,0.58,94.7,0.39,0.42,0.81,0.93,,0.4536,0.3928,0.0,2.02,0.0,99.77,100.0,100.0,89.53,95.37,99.37,50.57,68.43,92.18,0.2199,3.321,3.808,0.1107,cuda,0.9589,0.9784,0.387,0.4756,99.93,98.97,0.9924,0.9763,anatomical,0.575,infer,24.0,1.8,0.2,trained4,5.846,0.1949,0.12,0.0,0.0061,ma_zerophase,5.0,,0.0094,4.5678
evaluate_epoch.csv,l10.1_phys0.5,deploy,3050,2026-09-27 12:03:15,clean,tfm_declip_cov_l10.1_anat,1.0,0.5,4000,306,3.1e-05,1e-06,99.73,99.97,1.75,0.62,0.88,0.42,94.3,0.4,0.45,0.81,0.92,,0.4536,0.3938,0.0,2.02,0.0,99.77,100.0,100.0,89.15,95.17,99.28,48.68,67.16,91.85,0.2208,3.262,3.835,0.1087,cuda,0.957,0.977,0.404,0.4756,99.91,98.86,0.9919,0.9751,anatomical,0.575,infer,24.0,1.8,0.2,trained4,5.255,0.1752,0.05,0.0,0.0041,ma_zerophase,5.0,,0.0092,4.5662
evaluate_epoch.csv,l10.1_phys0.5,deploy,3100,2026-09-27 12:05:15,clean,tfm_declip_cov_l10.1_anat,1.0,0.5,4000,306,3.1e-05,0.0,99.73,99.99,1.75,0.5,0.88,0.5,97.7,0.41,0.45,0.82,0.93,,0.4536,0.3939,0.0,2.02,0.0,99.77,100.0,100.0,88.9,94.99,99.25,48.66,66.9,91.33,0.2209,3.586,3.984,0.1195,cuda,0.9557,0.9762,0.413,0.4756,99.89,98.73,0.9916,0.9743,anatomical,0.575,infer,24.0,1.8,0.2,trained4,5.082,0.1694,0.05,0.0,0.0036,ma_zerophase,5.0,,0.0089,4.5632
evaluate_epoch.csv,l10.1_phys0.5,deploy,3150,2026-09-27 12:07:12,clean,tfm_declip_cov_l10.1_anat,1.0,0.5,4000,306,3.1e-05,1e-06,99.73,99.97,1.75,0.63,0.88,0.36,95.0,0.44,0.45,0.83,0.92,,0.4536,0.3945,0.0,2.02,0.0,99.77,100.0,100.0,88.32,94.9,99.26,44.63,65.54,91.61,0.2212,3.486,3.549,0.1162,cuda,0.9542,0.9756,0.436,0.4756,99.89,98.79,0.9915,0.9739,anatomical,0.575,infer,24.0,1.8,0.2,trained4,4.787,0.1596,0.01,0.0,0.0051,ma_zerophase,5.0,,0.0081,4.5713
evaluate_epoch.csv,l10.1_phys0.5,deploy,3200,2026-09-27 12:09:13,clean,tfm_declip_cov_l10.1_anat,1.0,0.5,4000,306,3.1e-05,0.0,99.73,99.98,1.75,0.34,0.88,0.19,98.3,0.41,0.46,0.82,0.93,,0.4536,0.3957,0.0,2.02,0.0,99.77,100.0,100.0,89.05,95.02,99.2,48.65,67.43,91.08,0.2229,3.505,3.545,0.1168,cuda,0.9561,0.9763,0.41,0.4756,99.89,98.46,0.9915,0.9743,anatomical,0.575,infer,24.0,1.8,0.2,trained4,4.892,0.1631,0.01,0.0,0.0076,ma_zerophase,5.0,,0.0082,4.5689
evaluate_epoch.csv,l10.1_phys0.5,deploy,3250,2026-09-27 12:11:11,clean,tfm_declip_cov_l10.1_anat,1.0,0.5,4000,306,3.1e-05,0.0,99.73,99.97,1.75,0.51,0.88,0.32,95.7,0.4,0.44,0.82,0.93,,0.4536,0.3936,0.0,2.02,0.0,99.77,100.0,100.0,89.23,95.19,99.32,48.88,67.52,92.19,0.2206,3.485,3.546,0.1162,cuda,0.9575,0.9774,0.4,0.4756,99.92,98.75,0.9921,0.9755,anatomical,0.575,infer,24.0,1.8,0.2,trained4,4.896,0.1632,0.01,0.0,0.005,ma_zerophase,5.0,,0.0083,4.5685
evaluate_epoch.csv,l10.1_phys0.5,deploy,3300,2026-09-27 12:13:09,clean,tfm_declip_cov_l10.1_anat,1.0,0.5,4000,306,3.1e-05,0.0,99.73,99.98,1.75,0.2,0.88,0.12,98.9,0.46,0.52,0.83,0.93,,0.4536,0.3952,0.0,2.02,0.0,99.77,100.0,100.0,88.55,94.51,98.89,49.0,65.95,89.1,0.2226,3.521,3.797,0.1174,cuda,0.9519,0.9727,0.46,0.4756,99.79,97.85,0.99,0.9711,anatomical,0.575,infer,24.0,1.8,0.2,trained4,4.791,0.1597,0.0,0.0,0.0,ma_zerophase,5.0,,0.0082,4.5963
evaluate_epoch.csv,l10.1_phys0.5,deploy,3350,2026-09-27 12:15:07,clean,tfm_declip_cov_l10.1_anat,1.0,0.5,4000,306,3.1e-05,0.0,99.73,99.97,1.75,0.39,0.88,0.26,96.5,0.4,0.44,0.82,0.93,,0.4536,0.3951,0.0,2.02,0.0,99.77,100.0,100.0,89.34,95.19,99.28,50.89,67.95,91.6,0.2222,3.484,3.534,0.1161,cuda,0.9575,0.9772,0.401,0.4756,99.91,98.69,0.992,0.9753,anatomical,0.575,infer,24.0,1.8,0.2,trained4,4.922,0.1641,0.05,0.0,0.0041,ma_zerophase,5.0,,0.0082,4.5685
evaluate_epoch.csv,l10.1_phys0.5,deploy,3400,2026-09-27 12:17:06,clean,tfm_declip_cov_l10.1_anat,1.0,0.5,4000,306,3.1e-05,0.0,99.73,99.98,1.75,0.55,0.88,0.28,97.4,0.41,0.46,0.82,0.93,,0.4536,0.3939,0.0,2.02,0.0,99.77,100.0,100.0,89.12,95.05,99.2,49.85,67.46,91.24,0.221,3.502,3.795,0.1167,cuda,0.9562,0.9762,0.411,0.4756,99.87,98.13,0.9915,0.9743,anatomical,0.575,infer,24.0,1.8,0.2,trained4,4.914,0.1638,0.01,0.0,0.0072,ma_zerophase,5.0,,0.0083,4.572
evaluate_epoch.csv,l10.1_phys0.5,deploy,3450,2026-09-27 12:19:04,clean,tfm_declip_cov_l10.1_anat,1.0,0.5,4000,306,3.1e-05,1e-06,99.73,99.98,1.75,0.63,0.88,0.58,94.8,0.42,0.44,0.83,0.93,,0.4536,0.3934,0.0,2.02,0.0,99.77,100.0,100.0,89.14,95.16,99.25,48.38,67.61,91.62,0.2208,3.484,3.521,0.1161,cuda,0.9564,0.9766,0.417,0.4756,99.89,98.58,0.9917,0.9746,anatomical,0.575,infer,24.0,1.8,0.2,trained4,4.84,0.1613,0.01,0.0,0.0057,ma_zerophase,5.0,,0.0082,4.5579
evaluate_epoch.csv,l10.1_phys0.5,deploy,3500,2026-09-27 12:21:03,clean,tfm_declip_cov_l10.1_anat,1.0,0.5,4000,306,3.1e-05,0.0,99.73,99.97,1.75,0.47,0.88,0.24,96.7,0.41,0.43,0.82,0.92,,0.4536,0.3932,0.0,2.02,0.0,99.77,100.0,100.0,89.29,95.17,99.29,49.47,67.41,91.61,0.2204,3.497,3.589,0.1166,cuda,0.957,0.9773,0.409,0.4756,99.91,98.73,0.992,0.9752,anatomical,0.575,infer,24.0,1.8,0.2,trained4,5.001,0.1667,0.09,0.0,0.0093,ma_zerophase,5.0,,0.0083,4.5673
evaluate_epoch.csv,l10.1_phys0.5,deploy,3550,2026-09-27 12:23:01,clean,tfm_declip_cov_l10.1_anat,1.0,0.5,4000,306,3.1e-05,0.0,99.73,99.97,1.75,0.54,0.88,0.31,95.8,0.4,0.44,0.82,0.93,,0.4536,0.3931,0.0,2.02,0.0,99.77,100.0,100.0,89.33,95.2,99.3,50.47,68.16,91.93,0.2202,3.497,3.789,0.1166,cuda,0.9577,0.9774,0.4,0.4756,99.94,99.08,0.9921,0.9754,anatomical,0.575,infer,24.0,1.8,0.2,trained4,4.92,0.164,0.02,0.0,0.0118,ma_zerophase,5.0,,0.0083,4.5631
evaluate_epoch.csv,l10.1_phys0.5,deploy,3600,2026-09-27 12:25:00,clean,tfm_declip_cov_l10.1_anat,1.0,0.5,4000,306,3.1e-05,2e-06,99.73,99.97,1.75,0.93,0.88,0.6,91.8,0.47,0.4,0.84,0.91,,0.4536,0.3949,0.0,2.02,0.0,99.77,100.0,100.0,87.4,94.62,99.31,37.43,61.74,91.92,0.2215,3.486,3.539,0.1162,cuda,0.9506,0.9745,0.471,0.4756,99.92,98.89,0.9915,0.9731,anatomical,0.575,infer,24.0,1.8,0.2,trained4,4.898,0.1633,0.07,0.0,0.0179,ma_zerophase,5.0,,0.0082,4.5719
evaluate_epoch.csv,l10.1_phys0.5,deploy,3650,2026-09-27 12:26:57,clean,tfm_declip_cov_l10.1_anat,1.0,0.5,4000,306,3.1e-05,0.0,99.73,99.97,1.75,0.59,0.88,0.23,96.8,0.39,0.44,0.81,0.93,,0.4536,0.3931,0.0,2.02,0.0,99.77,100.0,100.0,89.45,95.22,99.27,50.7,68.2,91.69,0.2202,3.477,3.543,0.1159,cuda,0.9579,0.9774,0.393,0.4756,99.92,98.75,0.992,0.9755,anatomical,0.575,infer,24.0,1.8,0.2,trained4,4.91,0.1637,0.09,0.0,0.0081,ma_zerophase,5.0,,0.0082,4.5675
evaluate_epoch.csv,l10.1_phys0.5,deploy,3700,2026-09-27 12:28:55,clean,tfm_declip_cov_l10.1_anat,1.0,0.5,4000,306,3.1e-05,0.0,99.73,99.98,1.75,0.48,0.88,0.28,97.4,0.43,0.48,0.82,0.94,,0.4536,0.3955,0.0,2.02,0.0,99.77,100.0,100.0,88.68,94.72,99.11,49.47,66.48,90.49,0.2224,3.496,3.794,0.1165,cuda,0.9542,0.9748,0.425,0.4756,99.84,98.09,0.9911,0.9731,anatomical,0.575,infer,24.0,1.8,0.2,trained4,4.849,0.1616,0.04,0.0,0.0029,ma_zerophase,5.0,,0.0082,4.5654
evaluate_epoch.csv,l10.1_phys0.5,deploy,3750,2026-09-27 12:30:54,clean,tfm_declip_cov_l10.1_anat,1.0,0.5,4000,306,3.1e-05,0.0,99.73,99.97,1.75,0.42,0.88,0.25,96.6,0.41,0.44,0.82,0.93,,0.4536,0.3937,0.0,2.02,0.0,99.77,100.0,100.0,88.9,95.07,99.27,46.92,66.23,91.82,0.2208,3.487,3.52,0.1162,cuda,0.9563,0.9767,0.41,0.4756,99.9,98.49,0.9917,0.9748,anatomical,0.575,infer,24.0,1.8,0.2,trained4,4.81,0.1603,0.01,0.0,0.0047,ma_zerophase,5.0,,0.0081,4.5607
evaluate_epoch.csv,l10.1_phys0.5,deploy,3800,2026-09-27 12:32:52,clean,tfm_declip_cov_l10.1_anat,1.0,0.5,4000,306,3.1e-05,0.0,99.73,99.97,1.75,0.53,0.88,0.33,95.5,0.39,0.44,0.81,0.94,,0.4536,0.393,0.0,2.02,0.0,99.77,100.0,100.0,89.51,95.27,99.33,50.9,68.45,92.15,0.22,3.48,3.535,0.116,cuda,0.9585,0.9779,0.388,0.4756,99.92,98.75,0.9922,0.9759,anatomical,0.575,infer,24.0,1.8,0.2,trained4,4.901,0.1634,0.01,0.0,0.0086,ma_zerophase,5.0,,0.0082,4.5692
evaluate_epoch.csv,l10.1_phys0.5,deploy,3850,2026-09-27 12:34:50,clean,tfm_declip_cov_l10.1_anat,1.0,0.5,4000,306,3.1e-05,1e-06,99.73,99.97,1.75,0.58,0.88,0.33,95.4,0.39,0.43,0.81,0.93,,0.4536,0.3931,0.0,2.02,0.0,99.77,100.0,100.0,89.32,95.3,99.31,49.55,68.03,91.96,0.22,3.49,3.55,0.1163,cuda,0.9581,0.9777,0.393,0.4756,99.93,98.93,0.9922,0.9758,anatomical,0.575,infer,24.0,1.8,0.2,trained4,4.795,0.1598,0.0,0.0,0.0,ma_zerophase,5.0,,0.0082,4.563
evaluate_epoch.csv,l10.1_phys0.5,deploy,3900,2026-09-27 12:36:50,clean,tfm_declip_cov_l10.1_anat,1.0,0.5,4000,306,3.1e-05,1e-06,99.73,99.98,1.75,0.66,0.88,0.57,94.8,0.4,0.44,0.82,0.93,,0.4536,0.3928,0.0,2.02,0.0,99.77,100.0,100.0,89.39,95.3,99.28,49.63,68.09,91.99,0.2198,3.481,3.539,0.116,cuda,0.9581,0.9776,0.396,0.4756,99.93,98.82,0.992,0.9756,anatomical,0.575,infer,24.0,1.8,0.2,trained4,4.918,0.1639,0.0,0.0,0.0,ma_zerophase,5.0,,0.0083,4.5636
evaluate_epoch.csv,l10.1_phys0.5,deploy,3950,2026-09-27 12:38:49,clean,tfm_declip_cov_l10.1_anat,1.0,0.5,4000,306,3.1e-05,1e-06,99.73,99.98,1.75,0.55,0.88,0.55,95.0,0.4,0.44,0.81,0.93,,0.4536,0.3931,0.0,2.02,0.0,99.77,100.0,100.0,89.41,95.26,99.3,50.11,68.39,92.05,0.2201,3.475,3.519,0.1158,cuda,0.958,0.9776,0.396,0.4756,99.91,98.56,0.9921,0.9756,anatomical,0.575,infer,24.0,1.8,0.2,trained4,4.829,0.161,0.04,0.0,0.0033,ma_zerophase,5.0,,0.0082,4.5701
evaluate_epoch.csv,l10.1_phys0.5,deploy,4000,2026-09-27 12:40:47,clean,tfm_declip_cov_l10.1_anat,1.0,0.5,4000,306,3.1e-05,0.0,99.73,99.99,1.75,0.04,0.88,0.04,99.8,0.49,0.44,0.86,0.92,,0.4536,0.3954,0.0,2.02,0.0,99.77,100.0,100.0,87.97,94.68,99.17,46.84,65.77,90.76,0.2224,3.471,3.537,0.1157,cuda,0.9494,0.9731,0.494,0.4756,99.86,98.27,0.9908,0.9717,anatomical,0.575,infer,24.0,1.8,0.2,trained4,4.786,0.1595,0.0,0.0,0.0,ma_zerophase,5.0,,0.0082,4.5659
evaluate_epoch.csv,l10.1_phys0.5,deploy,20,2026-09-11 21:54:38,legacy80,tfm_declip_cov_l10.1_anat,1.0,0.5,500,306,0.065638,0.00091,75.56,94.54,8.9,6.95,2.98,0.66,95.0,11.4,1.04,10.2,1.12,8.39,0.4466,0.6084,0.0,8.87,0.0,83.15,100.0,100.0,,,,,,,0.5577,3.307,7.999,0.1102,cuda,0.5052,0.5061,10.453,0.4756,,,0.593,0.4586,anatomical,0.575,infer,24.0,1.8,0.2,trained4,9.913,0.3304,3.22,0.0,0.0741,ma_zerophase,5.0,,0.0123,14.3141
evaluate_epoch.csv,l10.1_phys0.5,deploy,40,2026-09-11 21:57:28,legacy80,tfm_declip_cov_l10.1_anat,1.0,0.5,500,306,0.065638,0.005924,75.56,87.09,8.9,5.34,2.98,1.33,76.5,5.52,1.0,6.04,1.05,4.18,0.4466,0.4692,0.0,8.87,0.0,83.15,100.0,100.0,,,,,,,0.3904,3.276,6.216,0.1092,cuda,0.6239,0.6544,4.041,0.4756,,,0.7963,0.617,anatomical,0.575,infer,24.0,1.8,0.2,trained4,14.722,0.4907,17.76,0.0,0.279,ma_zerophase,5.0,,0.0122,5.267
evaluate_epoch.csv,l10.1_phys0.5,deploy,50,2026-09-18 22:34:52,legacy80,tfm_declip_cov_l10.1_anat,1.0,0.5,1500,306,0.065638,0.012378,75.56,83.93,8.9,5.75,2.98,1.71,62.3,6.1,1.05,6.0,1.19,4.17,0.4466,0.5024,0.0,8.87,0.0,83.15,100.0,100.0,,,,,,,0.4215,3.648,9.964,0.1216,cuda,0.6027,0.6238,4.719,0.4756,,,0.758,0.5789,anatomical,0.575,infer,24.0,1.8,0.2,trained4,14.356,0.4785,21.47,0.0,0.2873,ma_zerophase,5.0,,0.0096,6.403
evaluate_epoch.csv,l10.1_phys0.5,deploy,60,2026-09-11 22:00:14,legacy80,tfm_declip_cov_l10.1_anat,1.0,0.5,500,306,0.065638,0.002755,75.56,93.18,8.9,4.99,2.98,1.24,88.4,4.96,1.37,5.4,1.1,3.69,0.4466,0.4556,0.0,8.87,0.0,83.15,100.0,100.0,,,,,,,0.3653,3.389,8.428,0.113,cuda,0.66,0.6952,3.566,0.4756,,,0.8244,0.6568,anatomical,0.575,infer,24.0,1.8,0.2,trained4,12.492,0.4164,2.7,0.0,0.1106,ma_zerophase,5.0,,0.0123,4.9452
evaluate_epoch.csv,l10.1_phys0.5,deploy,80,2026-09-11 22:02:59,legacy80,tfm_declip_cov_l10.1_anat,1.0,0.5,500,306,0.065638,0.001637,75.56,92.64,8.9,5.0,2.98,0.92,90.7,4.14,1.29,5.11,1.16,3.48,0.4466,0.453,0.0,8.87,0.0,83.15,100.0,100.0,,,,,,,0.3579,3.172,6.537,0.1057,cuda,0.6952,0.7504,2.7,0.4756,,,0.8821,0.7229,anatomical,0.575,infer,24.0,1.8,0.2,trained4,10.594,0.3531,1.84,0.0,0.0933,ma_zerophase,5.0,,0.0122,4.8645
evaluate_epoch.csv,l10.1_phys0.5,deploy,100,2026-09-11 22:05:45,legacy80,tfm_declip_cov_l10.1_anat,1.0,0.5,500,306,0.065638,0.000836,75.56,94.88,8.9,4.04,2.98,0.65,95.4,4.11,1.45,4.81,1.18,3.16,0.4466,0.4501,0.0,8.87,0.0,83.15,100.0,100.0,,,,,,,0.35,3.338,6.981,0.1113,cuda,0.7197,0.7748,2.568,0.4756,,,0.8877,0.7439,anatomical,0.575,infer,24.0,1.8,0.2,trained4,12.187,0.4062,2.07,0.0,0.1084,ma_zerophase,5.0,,0.0122,4.5223
evaluate_epoch.csv,l10.1_phys0.5,deploy,120,2026-09-11 22:08:56,legacy80,tfm_declip_cov_l10.1_anat,1.0,0.5,500,306,0.065638,2.7e-05,75.56,99.75,8.9,2.51,2.98,0.71,99.8,5.18,0.98,5.47,1.13,4.0,0.4466,0.4306,0.0,8.87,0.0,83.15,100.0,100.0,,,,,,,0.3512,3.131,5.651,0.1044,cuda,0.6355,0.6747,3.98,0.4756,,,0.807,0.637,anatomical,0.575,infer,24.0,1.8,0.2,trained4,6.975,0.2325,0.03,0.0,0.0332,ma_zerophase,5.0,,0.0122,6.0978
evaluate_epoch.csv,l10.1_phys0.5,deploy,140,2026-09-11 22:11:43,legacy80,tfm_declip_cov_l10.1_anat,1.0,0.5,500,306,0.065638,0.0011,75.56,97.36,8.9,4.5,2.98,1.36,95.1,4.16,1.25,4.88,1.13,3.29,0.4466,0.4295,0.0,8.87,0.0,83.15,100.0,100.0,,,,,,,0.3364,3.471,8.627,0.1157,cuda,0.7066,0.7602,2.717,0.4756,,,0.8845,0.7309,anatomical,0.575,infer,24.0,1.8,0.2,trained4,11.026,0.3675,1.84,0.0,0.0946,ma_zerophase,5.0,,0.0121,5.1277
evaluate_epoch.csv,l10.1_phys0.5,deploy,150,2026-09-18 22:37:03,legacy80,tfm_declip_cov_l10.1_anat,1.0,0.5,1500,306,0.065638,0.00119,75.56,96.75,8.9,4.47,2.98,1.18,94.7,3.84,1.46,4.34,1.24,2.65,0.4466,0.4184,0.0,8.87,0.0,83.15,100.0,100.0,,,,,,,0.3256,3.23,7.25,0.1077,cuda,0.7319,0.8019,2.193,0.4756,,,0.9101,0.7723,anatomical,0.575,infer,24.0,1.8,0.2,trained4,10.673,0.3558,2.3,0.0,0.1389,ma_zerophase,5.0,,0.0107,4.324
evaluate_epoch.csv,l10.1_phys0.5,deploy,160,2026-09-11 22:14:30,legacy80,tfm_declip_cov_l10.1_anat,1.0,0.5,500,306,0.065638,0.000736,75.56,97.77,8.9,4.7,2.98,1.15,96.5,3.69,1.69,4.33,1.29,2.69,0.4466,0.3939,0.0,8.87,0.0,83.15,100.0,100.0,,,,,,,0.2988,3.097,6.381,0.1032,cuda,0.7549,0.8195,2.091,0.4756,,,0.9154,0.7857,anatomical,0.575,infer,24.0,1.8,0.2,trained4,10.658,0.3553,1.42,0.0,0.0663,ma_zerophase,5.0,,0.0122,4.074
evaluate_epoch.csv,l10.1_phys0.5,deploy,180,2026-09-11 22:17:46,legacy80,tfm_declip_cov_l10.1_anat,1.0,0.5,500,306,0.065638,0.001246,75.56,92.67,8.9,4.21,2.98,0.76,92.4,4.57,0.82,4.79,0.93,3.26,0.4466,0.4229,0.0,8.87,0.0,83.15,100.0,100.0,,,,,,,0.3297,3.048,5.769,0.1016,cuda,0.6729,0.7116,3.289,0.4756,,,0.8507,0.6867,anatomical,0.575,infer,24.0,1.8,0.2,trained4,9.57,0.319,0.8,0.0,0.0438,ma_zerophase,5.0,,0.012,5.4634
evaluate_epoch.csv,l10.1_phys0.5,deploy,200,2026-09-11 22:20:33,legacy80,tfm_declip_cov_l10.1_anat,1.0,0.5,500,306,0.065638,0.005044,75.56,91.54,8.9,6.31,2.98,1.46,83.1,3.71,1.33,4.23,1.2,2.63,0.4466,0.3913,0.0,8.87,0.0,83.15,100.0,100.0,,,,,,,0.2972,3.083,5.944,0.1028,cuda,0.7325,0.8016,2.161,0.4756,,,0.9183,0.783,anatomical,0.575,infer,24.0,1.8,0.2,trained4,11.195,0.3732,1.72,0.0,0.0645,ma_zerophase,5.0,,0.0122,4.0869
evaluate_epoch.csv,l10.1_phys0.5,deploy,220,2026-09-11 22:23:19,legacy80,tfm_declip_cov_l10.1_anat,1.0,0.5,500,306,0.065638,0.007996,75.56,85.4,8.9,4.45,2.98,1.48,70.4,3.86,1.31,4.25,1.15,2.67,0.4466,0.3932,0.0,8.87,0.0,83.15,100.0,100.0,,,,,,,0.2942,3.254,7.804,0.1085,cuda,0.7093,0.7754,2.431,0.4756,,,0.8991,0.7468,anatomical,0.575,infer,24.0,1.8,0.2,trained4,10.761,0.3587,1.38,0.0,0.0528,ma_zerophase,5.0,,0.0121,4.1119
evaluate_epoch.csv,l10.1_phys0.5,deploy,240,2026-09-11 22:26:25,legacy80,tfm_declip_cov_l10.1_anat,1.0,0.5,500,306,0.065638,0.001667,75.56,96.27,8.9,5.41,2.98,1.36,93.1,3.49,1.26,3.98,1.28,2.42,0.4466,0.3924,0.0,8.87,0.0,83.15,100.0,100.0,,,,,,,0.2962,3.08,6.154,0.1027,cuda,0.7561,0.8256,1.943,0.4756,,,0.9322,0.8065,anatomical,0.575,infer,24.0,1.8,0.2,trained4,9.275,0.3092,4.43,0.0,0.0952,ma_zerophase,5.0,,0.0122,4.1326
evaluate_epoch.csv,l10.1_phys0.5,deploy,250,2026-09-18 22:39:19,legacy80,tfm_declip_cov_l10.1_anat,1.0,0.5,1500,306,0.065638,0.006417,75.56,95.46,8.9,6.38,2.98,2.68,83.3,3.22,1.08,3.87,1.16,2.26,0.4466,0.3893,0.0,8.87,0.0,83.15,100.0,100.0,,,,,,,0.2885,5.004,16.999,0.1668,cuda,0.7914,0.8637,1.644,0.4756,,,0.9471,0.8415,anatomical,0.575,infer,24.0,1.8,0.2,trained4,6.478,0.2159,0.52,0.0,0.0277,ma_zerophase,5.0,,0.0109,4.0925
evaluate_epoch.csv,l10.1_phys0.5,deploy,260,2026-09-11 22:29:15,legacy80,tfm_declip_cov_l10.1_anat,1.0,0.5,500,306,0.065638,0.004273,75.56,95.94,8.9,6.35,2.98,2.43,86.5,3.11,1.26,3.73,1.24,2.09,0.4466,0.39,0.0,8.87,0.0,83.15,100.0,100.0,,,,,,,0.2836,2.683,4.465,0.0894,cuda,0.7972,0.8775,1.494,0.4756,,,0.9557,0.8636,anatomical,0.575,infer,24.0,1.8,0.2,trained4,10.478,0.3493,0.83,0.0,0.0287,ma_zerophase,5.0,,0.0129,4.0813
evaluate_epoch.csv,l10.1_phys0.5,deploy,280,2026-09-11 23:14:46,legacy80,tfm_declip_cov_l10.1_anat,1.0,0.5,500,306,0.065638,0.001266,75.56,97.51,8.9,5.19,2.98,1.66,94.3,3.22,1.26,3.84,1.22,2.26,0.4466,0.3861,0.0,8.87,0.0,83.15,100.0,100.0,,,,,,,0.2878,3.53,3.812,0.1177,cuda,0.7769,0.8517,1.688,0.4756,,,0.946,0.8395,anatomical,0.575,infer,24.0,1.8,0.2,trained4,6.279,0.2093,0.1,0.0,0.0249,ma_zerophase,5.0,,0.0094,4.022
evaluate_epoch.csv,l10.1_phys0.5,deploy,300,2026-09-11 23:17:05,legacy80,tfm_declip_cov_l10.1_anat,1.0,0.5,500,306,0.065638,0.00348,75.56,96.36,8.9,6.15,2.98,2.4,88.0,2.97,1.31,3.59,1.29,1.96,0.4466,0.3914,0.0,8.87,0.0,83.15,100.0,100.0,,,,,,,0.2865,3.551,3.837,0.1184,cuda,0.8235,0.8895,1.38,0.4756,,,0.9617,0.8817,anatomical,0.575,infer,24.0,1.8,0.2,trained4,6.177,0.2059,0.19,0.0,0.02,ma_zerophase,5.0,,0.0095,4.0119
evaluate_epoch.csv,l10.1_phys0.5,deploy,320,2026-09-11 23:19:25,legacy80,tfm_declip_cov_l10.1_anat,1.0,0.5,500,306,0.065638,0.00196,75.56,97.64,8.9,6.22,2.98,2.28,92.6,2.89,1.12,3.57,1.24,1.98,0.4466,0.3828,0.0,8.87,0.0,83.15,100.0,100.0,,,,,,,0.2818,3.536,3.814,0.1179,cuda,0.8221,0.8983,1.331,0.4756,,,0.9627,0.8797,anatomical,0.575,infer,24.0,1.8,0.2,trained4,5.905,0.1968,0.02,0.0,0.0123,ma_zerophase,5.0,,0.0095,3.9455
evaluate_epoch.csv,l10.1_phys0.5,deploy,340,2026-09-11 23:21:45,legacy80,tfm_declip_cov_l10.1_anat,1.0,0.5,500,306,0.065638,0.002659,75.56,96.45,8.9,6.27,2.98,2.15,89.5,2.81,1.19,3.44,1.26,1.79,0.4466,0.3896,0.0,8.87,0.0,83.15,100.0,100.0,,,,,,,0.281,3.536,3.808,0.1179,cuda,0.841,0.9115,1.174,0.4756,,,0.9721,0.9065,anatomical,0.575,infer,24.0,1.8,0.2,trained4,6.069,0.2023,0.07,0.0,0.0113,ma_zerophase,5.0,,0.0094,3.993
evaluate_epoch.csv,l10.1_phys0.5,deploy,350,2026-09-18 22:41:37,legacy80,tfm_declip_cov_l10.1_anat,1.0,0.5,1500,306,0.065638,0.004917,75.56,95.7,8.9,6.23,2.98,2.57,84.9,3.41,0.93,3.66,1.2,2.03,0.4466,0.407,0.0,8.87,0.0,83.15,100.0,100.0,,,,,,,0.3044,3.199,7.526,0.1066,cuda,0.7681,0.8291,1.953,0.4756,,,0.929,0.8192,anatomical,0.575,infer,24.0,1.8,0.2,trained4,5.929,0.1976,0.24,0.0,0.0201,ma_zerophase,5.0,,0.0108,4.5152
evaluate_epoch.csv,l10.1_phys0.5,deploy,360,2026-09-11 23:24:06,legacy80,tfm_declip_cov_l10.1_anat,1.0,0.5,500,306,0.065638,9.1e-05,75.56,99.56,8.9,2.92,2.98,1.11,99.3,3.1,0.84,3.79,1.08,2.16,0.4466,0.3939,0.0,8.87,0.0,83.15,100.0,100.0,,,,,,,0.2908,3.538,3.81,0.1179,cuda,0.7713,0.8536,1.723,0.4756,,,0.9422,0.8221,anatomical,0.575,infer,24.0,1.8,0.2,trained4,5.968,0.1989,0.08,0.0,0.0264,ma_zerophase,5.0,,0.0094,4.0366
evaluate_epoch.csv,l10.1_phys0.5,deploy,380,2026-09-11 23:26:25,legacy80,tfm_declip_cov_l10.1_anat,1.0,0.5,500,306,0.065638,0.0035,75.56,97.06,8.9,6.29,2.98,2.71,89.1,2.73,1.17,3.41,1.25,1.81,0.4466,0.3869,0.0,8.87,0.0,83.15,100.0,100.0,,,,,,,0.2822,3.522,3.796,0.1174,cuda,0.8427,0.9159,1.173,0.4756,,,0.9728,0.9072,anatomical,0.575,infer,24.0,1.8,0.2,trained4,5.821,0.194,0.0,0.0,0.0,ma_zerophase,5.0,,0.0094,3.9623
evaluate_epoch.csv,l10.1_phys0.5,deploy,400,2026-09-11 23:28:45,legacy80,tfm_declip_cov_l10.1_anat,1.0,0.5,500,306,0.065638,0.003498,75.56,96.38,8.9,6.36,2.98,2.34,88.4,2.49,1.19,3.25,1.31,1.62,0.4466,0.388,0.0,8.87,0.0,83.15,100.0,100.0,,,,,,,0.2815,3.523,3.799,0.1174,cuda,0.9033,0.9495,0.844,0.4756,,,0.9835,0.9435,anatomical,0.575,infer,24.0,1.8,0.2,trained4,5.979,0.1993,0.14,0.0,0.0205,ma_zerophase,5.0,,0.0094,4.0598
evaluate_epoch.csv,l10.1_phys0.5,deploy,420,2026-09-11 23:31:05,legacy80,tfm_declip_cov_l10.1_anat,1.0,0.5,500,306,0.065638,0.001185,75.56,97.91,8.9,5.61,2.98,1.88,94.6,2.46,1.16,3.28,1.27,1.66,0.4466,0.389,0.0,8.87,0.0,83.15,100.0,100.0,,,,,,,0.2825,3.569,3.871,0.119,cuda,0.8934,0.9447,0.877,0.4756,,,0.9824,0.9402,anatomical,0.575,infer,24.0,1.8,0.2,trained4,5.891,0.1964,0.01,0.0,0.0071,ma_zerophase,5.0,,0.0096,4.0054
evaluate_epoch.csv,l10.1_phys0.5,deploy,440,2026-09-11 23:33:25,legacy80,tfm_declip_cov_l10.1_anat,1.0,0.5,500,306,0.065638,0.000464,75.56,98.81,8.9,4.84,2.98,1.51,97.5,2.51,1.14,3.33,1.26,1.74,0.4466,0.3905,0.0,8.87,0.0,83.15,100.0,100.0,,,,,,,0.2882,3.537,3.812,0.1179,cuda,0.8763,0.9366,0.984,0.4756,,,0.9786,0.9267,anatomical,0.575,infer,24.0,1.8,0.2,trained4,5.84,0.1947,0.01,0.0,0.0121,ma_zerophase,5.0,,0.0094,4.0417
evaluate_epoch.csv,l10.1_phys0.5,deploy,450,2026-09-18 22:43:52,legacy80,tfm_declip_cov_l10.1_anat,1.0,0.5,1500,306,0.065638,0.000796,75.56,98.74,8.9,4.9,2.98,2.08,96.4,2.62,1.07,3.34,1.22,1.75,0.4466,0.3903,0.0,8.87,0.0,83.15,100.0,100.0,,,,,,,0.287,3.939,7.97,0.1313,cuda,0.8639,0.9256,1.178,0.4756,,,0.9673,0.8918,anatomical,0.575,infer,24.0,1.8,0.2,trained4,5.892,0.1964,0.01,0.0,0.0047,ma_zerophase,5.0,,0.0108,4.0152
evaluate_epoch.csv,l10.1_phys0.5,deploy,460,2026-09-11 23:35:44,legacy80,tfm_declip_cov_l10.1_anat,1.0,0.5,500,306,0.065638,0.001757,75.56,97.11,8.9,6.0,2.98,1.9,92.5,2.53,1.15,3.18,1.28,1.56,0.4466,0.3912,0.0,8.87,0.0,83.15,100.0,100.0,,,,,,,0.2835,3.543,3.804,0.1181,cuda,0.8819,0.9386,0.941,0.4756,,,0.981,0.935,anatomical,0.575,infer,24.0,1.8,0.2,trained4,5.851,0.195,0.02,0.0,0.0178,ma_zerophase,5.0,,0.0094,3.9925
evaluate_epoch.csv,l10.1_phys0.5,deploy,480,2026-09-11 23:38:04,legacy80,tfm_declip_cov_l10.1_anat,1.0,0.5,500,306,0.065638,0.002246,75.56,96.41,8.9,5.89,2.98,1.81,91.1,2.69,1.12,3.2,1.24,1.55,0.4466,0.3932,0.0,8.87,0.0,83.15,100.0,100.0,,,,,,,0.2852,3.523,3.792,0.1174,cuda,0.8557,0.9208,1.084,0.4756,,,0.9762,0.9194,anatomical,0.575,infer,24.0,1.8,0.2,trained4,5.998,0.1999,0.19,0.0,0.0094,ma_zerophase,5.0,,0.0093,4.0523
evaluate_epoch.csv,l10.1_phys0.5,deploy,500,2026-09-11 23:40:24,legacy80,tfm_declip_cov_l10.1_anat,1.0,0.5,500,306,0.065638,0.001692,75.56,96.68,8.9,5.89,2.98,1.55,92.9,2.53,1.09,3.11,1.23,1.47,0.4466,0.3897,0.0,8.87,0.0,83.15,100.0,100.0,,,,,,,0.2802,3.535,3.809,0.1178,cuda,0.887,0.9417,0.912,0.4756,,,0.9828,0.9402,anatomical,0.575,infer,24.0,1.8,0.2,trained4,6.087,0.2029,0.17,0.0,0.0095,ma_zerophase,5.0,,0.0094,4.0019
evaluate_epoch.csv,l10.1_phys0.5,deploy,550,2026-09-18 22:46:20,legacy80,tfm_declip_cov_l10.1_anat,1.0,0.5,1500,306,0.065638,0.002315,75.56,94.89,8.9,6.19,2.98,1.39,90.2,2.73,1.13,3.23,1.25,1.66,0.4466,0.4106,0.0,8.87,0.0,83.15,100.0,100.0,,,,,,,0.3025,4.769,9.801,0.159,cuda,0.8401,0.912,1.171,0.4756,,,0.9725,0.9083,anatomical,0.575,infer,24.0,1.8,0.2,trained4,6.793,0.2264,0.22,0.0,0.0127,ma_zerophase,5.0,,0.0116,4.0368
evaluate_epoch.csv,l10.1_phys0.5,deploy,600,2026-09-18 22:48:59,legacy80,tfm_declip_cov_l10.1_anat,1.0,0.5,1500,306,0.065638,0.001051,75.56,96.96,8.9,4.73,2.98,1.14,95.3,3.47,0.93,3.3,1.1,1.72,0.4466,0.4315,0.0,8.87,0.0,83.15,100.0,100.0,,,,,,,0.3255,6.239,18.589,0.208,cuda,0.7557,0.8032,2.046,0.4756,,,0.9267,0.8105,anatomical,0.575,infer,24.0,1.8,0.2,trained4,7.063,0.2354,0.5,0.0,0.042,ma_zerophase,5.0,,0.0122,4.6001
evaluate_epoch.csv,l10.1_phys0.5,deploy,650,2026-09-18 22:51:29,legacy80,tfm_declip_cov_l10.1_anat,1.0,0.5,1500,306,0.065638,0.001618,75.56,96.34,8.9,5.41,2.98,1.51,92.4,3.69,0.71,3.56,0.89,1.9,0.4466,0.4351,0.0,8.87,0.0,83.15,100.0,100.0,,,,,,,0.3162,5.817,18.315,0.1939,cuda,0.7514,0.793,2.246,0.4756,,,0.9127,0.7968,anatomical,0.575,infer,24.0,1.8,0.2,trained4,6.193,0.2064,0.41,0.0,0.0441,ma_zerophase,5.0,,0.0115,4.364
evaluate_epoch.csv,l10.1_phys0.5,deploy,700,2026-09-18 22:54:10,legacy80,tfm_declip_cov_l10.1_anat,1.0,0.5,1500,306,0.065638,0.000557,75.56,98.43,8.9,4.41,2.98,1.19,97.4,2.42,1.01,2.81,1.12,1.16,0.4466,0.3968,0.0,8.87,0.0,83.15,100.0,100.0,,,,,,,0.281,9.779,21.142,0.326,cuda,0.9036,0.9474,0.81,0.4756,,,0.9844,0.9486,anatomical,0.575,infer,24.0,1.8,0.2,trained4,6.719,0.224,0.39,0.0,0.0476,ma_zerophase,5.0,,0.0116,4.0777
evaluate_epoch.csv,l10.1_phys0.5,deploy,750,2026-09-18 22:56:54,legacy80,tfm_declip_cov_l10.1_anat,1.0,0.5,1500,306,0.065638,0.000597,75.56,98.31,8.9,4.46,2.98,1.41,96.7,2.41,0.97,2.73,1.1,1.17,0.4466,0.4076,0.0,8.87,0.0,83.15,100.0,100.0,,,,,,,0.2911,4.697,10.413,0.1566,cuda,0.8879,0.9393,0.902,0.4756,,,0.9822,0.9403,anatomical,0.575,infer,24.0,1.8,0.2,trained4,6.861,0.2287,0.38,0.0,0.0439,ma_zerophase,5.0,,0.012,4.1257
evaluate_epoch.csv,l10.1_phys0.5,deploy,800,2026-09-18 22:59:29,legacy80,tfm_declip_cov_l10.1_anat,1.0,0.5,1500,306,0.065638,0.001124,75.56,96.96,8.9,3.85,2.98,1.29,94.6,2.44,0.94,2.68,1.05,1.11,0.4466,0.3958,0.0,8.87,0.0,83.15,100.0,100.0,,,,,,,0.2794,3.383,8.108,0.1128,cuda,0.8934,0.9438,0.847,0.4756,,,0.9842,0.9462,anatomical,0.575,infer,24.0,1.8,0.2,trained4,7.246,0.2415,0.77,0.0,0.0637,ma_zerophase,5.0,,0.0117,4.1209
evaluate_epoch.csv,l10.1_phys0.5,deploy,850,2026-09-18 23:01:59,legacy80,tfm_declip_cov_l10.1_anat,1.0,0.5,1500,306,0.065638,0.000474,75.56,98.3,8.9,3.51,2.98,1.11,97.4,2.27,1.03,2.55,1.1,1.0,0.4466,0.3929,0.0,8.87,0.0,83.15,100.0,100.0,,,,,,,0.277,3.178,7.703,0.1059,cuda,0.9198,0.9577,0.71,0.4756,,,0.9877,0.9585,anatomical,0.575,infer,24.0,1.8,0.2,trained4,6.998,0.2333,0.51,0.0,0.0577,ma_zerophase,5.0,,0.0115,4.1047
evaluate_epoch.csv,l10.1_phys0.5,deploy,900,2026-09-18 23:04:26,legacy80,tfm_declip_cov_l10.1_anat,1.0,0.5,1500,306,0.065638,0.001097,75.56,97.76,8.9,5.56,2.98,1.31,96.0,2.91,0.75,2.79,0.96,1.3,0.4466,0.4042,0.0,8.87,0.0,83.15,100.0,100.0,,,,,,,0.2918,4.255,11.588,0.1418,cuda,0.8076,0.8633,1.512,0.4756,,,0.9546,0.8699,anatomical,0.575,infer,24.0,1.8,0.2,trained4,6.684,0.2228,0.9,0.0,0.0898,ma_zerophase,5.0,,0.0108,4.2857
evaluate_epoch.csv,l10.1_phys0.5,deploy,950,2026-09-18 23:06:55,legacy80,tfm_declip_cov_l10.1_anat,1.0,0.5,1500,306,0.065638,0.001605,75.56,96.97,8.9,5.22,2.98,1.53,93.6,2.48,0.92,2.63,1.05,1.13,0.4466,0.3844,0.0,8.87,0.0,83.15,100.0,100.0,,,,,,,0.2711,5.773,15.496,0.1924,cuda,0.8688,0.9317,1.005,0.4756,,,0.9761,0.9232,anatomical,0.575,infer,24.0,1.8,0.2,trained4,6.528,0.2176,0.32,0.0,0.0371,ma_zerophase,5.0,,0.0111,4.0394
evaluate_epoch.csv,l10.1_phys0.5,deploy,1000,2026-09-18 23:09:28,legacy80,tfm_declip_cov_l10.1_anat,1.0,0.5,1500,306,0.065638,0.002226,75.56,96.21,8.9,5.6,2.98,1.7,91.2,2.15,0.99,2.52,1.08,1.03,0.4466,0.3896,0.0,8.87,0.0,83.15,100.0,100.0,,,,,,,0.2727,6.404,23.288,0.2135,cuda,0.9278,0.9632,0.654,0.4756,,,0.9884,0.9605,anatomical,0.575,infer,24.0,1.8,0.2,trained4,6.766,0.2255,0.73,0.0,0.0436,ma_zerophase,5.0,,0.0106,4.0846
evaluate_epoch.csv,l10.1_phys0.5,deploy,1050,2026-09-18 23:11:58,legacy80,tfm_declip_cov_l10.1_anat,1.0,0.5,1500,306,0.065638,0.00166,75.56,96.88,8.9,4.88,2.98,1.59,93.2,2.09,0.98,2.46,1.08,0.93,0.4466,0.3826,0.0,8.87,0.0,83.15,100.0,100.0,,,,,,,0.266,5.364,14.348,0.1788,cuda,0.9434,0.9711,0.533,0.4756,,,0.9912,0.9702,anatomical,0.575,infer,24.0,1.8,0.2,trained4,6.391,0.213,0.34,0.0,0.0214,ma_zerophase,5.0,,0.0103,4.0632
evaluate_epoch.csv,l10.1_phys0.5,deploy,1100,2026-09-18 23:14:30,legacy80,tfm_declip_cov_l10.1_anat,1.0,0.5,1500,306,0.065638,0.000828,75.56,97.27,8.9,4.58,2.98,0.98,96.3,2.56,1.13,2.57,1.11,1.08,0.4466,0.3921,0.0,8.87,0.0,83.15,100.0,100.0,,,,,,,0.2743,4.402,5.919,0.1467,cuda,0.8513,0.9117,1.09,0.4756,,,0.9743,0.9192,anatomical,0.575,infer,24.0,1.8,0.2,trained4,6.438,0.2146,0.08,0.0,0.0111,ma_zerophase,5.0,,0.0106,4.1706
evaluate_epoch.csv,l10.1_phys0.5,deploy,1150,2026-09-18 23:16:38,legacy80,tfm_declip_cov_l10.1_anat,1.0,0.5,1500,306,0.065638,0.001292,75.56,97.18,8.9,4.6,2.98,1.49,94.3,2.15,0.94,2.48,1.07,0.96,0.4466,0.3793,0.0,8.87,0.0,83.15,100.0,100.0,,,,,,,0.2614,3.921,5.5,0.1307,cuda,0.9355,0.9674,0.59,0.4756,,,0.9889,0.962,anatomical,0.575,infer,24.0,1.8,0.2,trained4,5.354,0.1785,0.28,0.0,0.0179,ma_zerophase,5.0,,0.009,4.0762
evaluate_epoch.csv,l10.1_phys0.5,deploy,1200,2026-09-18 23:19:05,legacy80,tfm_declip_cov_l10.1_anat,1.0,0.5,1500,306,0.065638,0.001145,75.56,97.48,8.9,4.65,2.98,1.52,94.7,2.07,0.98,2.41,1.1,0.88,0.4466,0.381,0.0,8.87,0.0,83.15,100.0,100.0,,,,,,,0.2631,3.817,3.977,0.1272,cuda,0.9455,0.973,0.536,0.4756,,,0.9921,0.9725,anatomical,0.575,infer,24.0,1.8,0.2,trained4,6.296,0.2099,0.09,0.0,0.0077,ma_zerophase,5.0,,0.0104,4.1122
evaluate_epoch.csv,l10.1_phys0.5,deploy,1250,2026-09-18 23:21:24,legacy80,tfm_declip_cov_l10.1_anat,1.0,0.5,1500,306,0.065638,0.001782,75.56,96.49,8.9,4.55,2.98,1.49,92.8,2.08,0.96,2.42,1.09,0.86,0.4466,0.3785,0.0,8.87,0.0,83.15,100.0,100.0,,,,,,,0.2605,4.569,11.35,0.1523,cuda,0.9524,0.9747,0.478,0.4756,,,0.9924,0.9746,anatomical,0.575,infer,24.0,1.8,0.2,trained4,6.337,0.2112,0.58,0.0,0.0329,ma_zerophase,5.0,,0.0106,4.1023
evaluate_epoch.csv,l10.1_phys0.5,deploy,1300,2026-09-18 23:24:02,legacy80,tfm_declip_cov_l10.1_anat,1.0,0.5,1500,306,0.065638,0.001176,75.56,97.29,8.9,4.43,2.98,1.45,94.6,2.31,0.89,2.52,1.05,0.98,0.4466,0.3838,0.0,8.87,0.0,83.15,100.0,100.0,,,,,,,0.2662,5.77,12.963,0.1923,cuda,0.9057,0.9487,0.783,0.4756,,,0.9856,0.9514,anatomical,0.575,infer,24.0,1.8,0.2,trained4,7.047,0.2349,3.16,0.0,0.1703,ma_zerophase,5.0,,0.0113,4.0957
evaluate_epoch.csv,l10.1_phys0.5,deploy,1350,2026-09-18 23:26:41,legacy80,tfm_declip_cov_l10.1_anat,1.0,0.5,1500,306,0.065638,0.000745,75.56,98.13,8.9,4.36,2.98,1.27,96.7,2.15,0.98,2.44,1.11,0.9,0.4466,0.3797,0.0,8.87,0.0,83.15,100.0,100.0,,,,,,,0.2626,5.093,13.476,0.1698,cuda,0.9333,0.9649,0.602,0.4756,,,0.9894,0.9647,anatomical,0.575,infer,24.0,1.8,0.2,trained4,6.271,0.209,0.01,0.0,0.0026,ma_zerophase,5.0,,0.0111,4.1221
evaluate_epoch.csv,l10.1_phys0.5,deploy,1400,2026-09-18 23:29:00,legacy80,tfm_declip_cov_l10.1_anat,1.0,0.5,1500,306,0.065638,0.000971,75.56,97.64,8.9,4.81,2.98,1.34,95.7,2.16,0.96,2.42,1.08,0.91,0.4466,0.3813,0.0,8.87,0.0,83.15,100.0,100.0,,,,,,,0.2636,7.341,13.761,0.2447,cuda,0.9226,0.9627,0.654,0.4756,,,0.9896,0.9635,anatomical,0.575,infer,24.0,1.8,0.2,trained4,5.334,0.1778,0.07,0.0,0.0083,ma_zerophase,5.0,,0.0097,4.098
evaluate_epoch.csv,l10.1_phys0.5,deploy,1450,2026-09-18 23:31:14,legacy80,tfm_declip_cov_l10.1_anat,1.0,0.5,1500,306,0.065638,0.00075,75.56,97.91,8.9,4.51,2.98,1.09,96.9,2.65,1.0,2.67,1.07,1.12,0.4466,0.3926,0.0,8.87,0.0,83.15,100.0,100.0,,,,,,,0.273,5.741,14.245,0.1914,cuda,0.8426,0.9033,1.143,0.4756,,,0.9728,0.9123,anatomical,0.575,infer,24.0,1.8,0.2,trained4,5.502,0.1834,0.05,0.0,0.0067,ma_zerophase,5.0,,0.0102,4.1585
evaluate_epoch.csv,l10.1_phys0.5,deploy,1500,2026-09-18 23:33:26,legacy80,tfm_declip_cov_l10.1_anat,1.0,0.5,1500,306,0.065638,0.000464,75.56,97.69,8.9,3.67,2.98,0.74,97.7,2.06,0.97,2.41,1.09,0.86,0.4466,0.3801,0.0,8.87,0.0,83.15,100.0,100.0,,,,,,,0.2614,4.999,14.861,0.1666,cuda,0.9509,0.9759,0.492,0.4756,,,0.9929,0.9755,anatomical,0.575,infer,24.0,1.8,0.2,trained4,5.655,0.1885,0.07,0.0,0.0095,ma_zerophase,5.0,,0.0105,4.0911
evaluate_epoch.csv,l10.1_phys0.5,deploy,1550,2026-09-23 20:54:57,legacy80,tfm_declip_cov_l10.1_anat,1.0,0.5,2500,306,0.065638,0.000714,75.56,98.25,8.9,4.64,2.98,1.28,96.9,2.1,0.9,2.4,1.09,0.88,0.4466,0.3815,0.0,8.87,0.0,83.15,100.0,100.0,,,,,,,0.2635,3.144,4.964,0.1048,cuda,0.939,0.9701,0.561,0.4756,,,0.9916,0.9708,anatomical,0.575,infer,24.0,1.8,0.2,trained4,7.029,0.2343,0.03,0.0,0.0029,ma_zerophase,5.0,,0.0119,4.0962
evaluate_epoch.csv,l10.1_phys0.5,deploy,1600,2026-09-23 20:57:41,legacy80,tfm_declip_cov_l10.1_anat,1.0,0.5,2500,306,0.065638,0.000665,75.56,98.51,8.9,4.68,2.98,1.34,97.3,1.96,0.95,2.33,1.12,0.83,0.4466,0.3773,0.0,8.87,0.0,83.15,100.0,100.0,,,,,,,0.2605,11.565,27.027,0.3855,cuda,0.9602,0.9794,0.42,0.4756,,,0.9937,0.9786,anatomical,0.575,infer,24.0,1.8,0.2,trained4,6.884,0.2295,0.02,0.0,0.0035,ma_zerophase,5.0,,0.0118,4.0908
evaluate_epoch.csv,l10.1_phys0.5,deploy,1650,2026-09-23 21:00:28,legacy80,tfm_declip_cov_l10.1_anat,1.0,0.5,2500,306,0.065638,0.000511,75.56,98.69,8.9,4.23,2.98,1.14,98.0,2.24,0.91,2.46,1.07,0.92,0.4466,0.3818,0.0,8.87,0.0,83.15,100.0,100.0,,,,,,,0.2646,9.427,24.522,0.3142,cuda,0.9185,0.9572,0.686,0.4756,,,0.9877,0.9583,anatomical,0.575,infer,24.0,1.8,0.2,trained4,6.109,0.2036,0.03,0.0,0.0028,ma_zerophase,5.0,,0.0113,4.1527
evaluate_epoch.csv,l10.1_phys0.5,deploy,1700,2026-09-23 21:02:47,legacy80,tfm_declip_cov_l10.1_anat,1.0,0.5,2500,306,0.065638,0.000367,75.56,99.11,8.9,4.49,2.98,1.34,98.4,2.05,1.01,2.38,1.13,0.89,0.4466,0.3807,0.0,8.87,0.0,83.15,100.0,100.0,,,,,,,0.2643,10.407,22.783,0.3469,cuda,0.9422,0.9703,0.549,0.4756,,,0.9912,0.9702,anatomical,0.575,infer,24.0,1.8,0.2,trained4,5.541,0.1847,0.0,0.0,0.0,ma_zerophase,5.0,,0.0108,4.1174
evaluate_epoch.csv,l10.1_phys0.5,deploy,1750,2026-09-23 21:05:07,legacy80,tfm_declip_cov_l10.1_anat,1.0,0.5,2500,306,0.065638,0.000162,75.56,99.59,8.9,3.29,2.98,1.22,99.3,2.02,0.97,2.37,1.12,0.85,0.4466,0.3797,0.0,8.87,0.0,83.15,100.0,100.0,,,,,,,0.263,10.544,22.604,0.3515,cuda,0.9503,0.9748,0.495,0.4756,,,0.9926,0.9749,anatomical,0.575,infer,24.0,1.8,0.2,trained4,5.528,0.1843,0.0,0.0,0.0,ma_zerophase,5.0,,0.0106,4.141
evaluate_epoch.csv,l10.1_phys0.5,deploy,1800,2026-09-23 21:07:25,legacy80,tfm_declip_cov_l10.1_anat,1.0,0.5,2500,306,0.065638,0.000491,75.56,98.86,8.9,4.52,2.98,1.21,98.1,2.04,0.96,2.37,1.11,0.85,0.4466,0.3798,0.0,8.87,0.0,83.15,100.0,100.0,,,,,,,0.2623,8.241,25.261,0.2747,cuda,0.9503,0.9736,0.493,0.4756,,,0.9921,0.9737,anatomical,0.575,infer,24.0,1.8,0.2,trained4,5.705,0.1902,0.0,0.0,0.0,ma_zerophase,5.0,,0.0108,4.1365
evaluate_epoch.csv,l10.1_phys0.5,deploy,1850,2026-09-23 21:09:40,legacy80,tfm_declip_cov_l10.1_anat,1.0,0.5,2500,306,0.065638,0.000446,75.56,99.08,8.9,4.97,2.98,1.26,98.4,2.13,0.97,2.37,1.11,0.88,0.4466,0.3802,0.0,8.87,0.0,83.15,100.0,100.0,,,,,,,0.263,2.438,4.744,0.0813,cuda,0.9261,0.9647,0.633,0.4756,,,0.9905,0.9667,anatomical,0.575,infer,24.0,1.8,0.2,trained4,5.642,0.1881,0.0,0.0,0.0,ma_zerophase,5.0,,0.0104,4.0967
evaluate_epoch.csv,l10.1_phys0.5,deploy,1900,2026-09-23 21:11:59,legacy80,tfm_declip_cov_l10.1_anat,1.0,0.5,2500,306,0.065638,0.000373,75.56,99.25,8.9,4.84,2.98,1.22,98.7,1.96,0.96,2.34,1.12,0.82,0.4466,0.3764,0.0,8.87,0.0,83.15,100.0,100.0,,,,,,,0.2594,5.425,17.522,0.1808,cuda,0.9609,0.9794,0.403,0.4756,,,0.9937,0.9786,anatomical,0.575,infer,24.0,1.8,0.2,trained4,5.806,0.1935,0.03,0.0,0.0087,ma_zerophase,5.0,,0.0109,4.1073
evaluate_epoch.csv,l10.1_phys0.5,deploy,1950,2026-09-23 21:14:19,legacy80,tfm_declip_cov_l10.1_anat,1.0,0.5,2500,306,0.065638,0.000185,75.56,99.66,8.9,3.57,2.98,1.41,99.3,2.03,0.95,2.36,1.11,0.84,0.4466,0.3781,0.0,8.87,0.0,83.15,100.0,100.0,,,,,,,0.2606,4.149,11.637,0.1383,cuda,0.9536,0.9767,0.478,0.4756,,,0.9932,0.9766,anatomical,0.575,infer,24.0,1.8,0.2,trained4,5.857,0.1952,0.03,0.0,0.0109,ma_zerophase,5.0,,0.0108,4.1629
evaluate_epoch.csv,l10.1_phys0.5,deploy,2000,2026-09-23 21:16:38,legacy80,tfm_declip_cov_l10.1_anat,1.0,0.5,2500,306,0.065638,0.000364,75.56,99.55,8.9,5.32,2.98,1.63,99.0,2.12,0.99,2.4,1.13,0.9,0.4466,0.3816,0.0,8.87,0.0,83.15,100.0,100.0,,,,,,,0.2635,8.227,20.914,0.2742,cuda,0.9352,0.9664,0.591,0.4756,,,0.9902,0.9672,anatomical,0.575,infer,24.0,1.8,0.2,trained4,5.839,0.1946,0.03,0.0,0.0063,ma_zerophase,5.0,,0.0112,4.2141
evaluate_epoch.csv,l10.1_phys0.5,deploy,2050,2026-09-23 21:18:58,legacy80,tfm_declip_cov_l10.1_anat,1.0,0.5,2500,306,0.065638,0.000269,75.56,99.71,8.9,4.35,2.98,1.83,99.3,1.98,0.95,2.35,1.12,0.83,0.4466,0.379,0.0,8.87,0.0,83.15,100.0,100.0,,,,,,,0.262,9.724,20.942,0.3241,cuda,0.9581,0.9784,0.432,0.4756,,,0.9934,0.9779,anatomical,0.575,infer,24.0,1.8,0.2,trained4,5.602,0.1867,0.02,0.0,0.0068,ma_zerophase,5.0,,0.0108,4.1574
evaluate_epoch.csv,l10.1_phys0.5,deploy,2100,2026-09-23 21:21:15,legacy80,tfm_declip_cov_l10.1_anat,1.0,0.5,2500,306,0.065638,0.000349,75.56,99.59,8.9,4.98,2.98,1.64,99.1,1.92,0.95,2.33,1.11,0.81,0.4466,0.3768,0.0,8.87,0.0,83.15,100.0,100.0,,,,,,,0.2604,10.937,24.554,0.3646,cuda,0.9625,0.9805,0.396,0.4756,,,0.994,0.9797,anatomical,0.575,infer,24.0,1.8,0.2,trained4,5.644,0.1881,0.04,0.0,0.0184,ma_zerophase,5.0,,0.0107,4.1242
evaluate_epoch.csv,l10.1_phys0.5,deploy,2150,2026-09-23 21:23:35,legacy80,tfm_declip_cov_l10.1_anat,1.0,0.5,2500,306,0.065638,0.000235,75.56,99.76,8.9,4.78,2.98,2.03,99.3,1.97,0.96,2.33,1.11,0.85,0.4466,0.3789,0.0,8.87,0.0,83.15,100.0,100.0,,,,,,,0.2623,11.291,25.736,0.3764,cuda,0.9551,0.9769,0.459,0.4756,,,0.9932,0.9769,anatomical,0.575,infer,24.0,1.8,0.2,trained4,5.611,0.187,0.02,0.0,0.0059,ma_zerophase,5.0,,0.0107,4.1387
evaluate_epoch.csv,l10.1_phys0.5,deploy,2200,2026-09-23 21:25:53,legacy80,tfm_declip_cov_l10.1_anat,1.0,0.5,2500,306,0.065638,0.000185,75.56,99.83,8.9,4.57,2.98,2.36,99.4,1.91,0.96,2.32,1.12,0.82,0.4466,0.3776,0.0,8.87,0.0,83.15,100.0,100.0,,,,,,,0.2613,2.473,4.733,0.0824,cuda,0.9625,0.9803,0.39,0.4756,,,0.9938,0.9792,anatomical,0.575,infer,24.0,1.8,0.2,trained4,5.67,0.189,0.03,0.0,0.0105,ma_zerophase,5.0,,0.0104,4.1604
evaluate_epoch.csv,l10.1_phys0.5,deploy,2250,2026-09-23 21:28:05,legacy80,tfm_declip_cov_l10.1_anat,1.0,0.5,2500,306,0.065638,0.000342,75.56,99.56,8.9,5.01,2.98,1.54,99.1,2.02,0.97,2.37,1.11,0.84,0.4466,0.3779,0.0,8.87,0.0,83.15,100.0,100.0,,,,,,,0.2603,2.436,4.89,0.0812,cuda,0.9535,0.9768,0.473,0.4756,,,0.9932,0.9768,anatomical,0.575,infer,24.0,1.8,0.2,trained4,5.766,0.1922,0.04,0.0,0.0107,ma_zerophase,5.0,,0.0102,4.1124
evaluate_epoch.csv,l10.1_phys0.5,deploy,2300,2026-09-23 21:30:19,legacy80,tfm_declip_cov_l10.1_anat,1.0,0.5,2500,306,0.065638,0.000355,75.56,98.3,8.9,5.6,2.98,0.66,98.5,1.95,0.94,2.36,1.1,0.83,0.4466,0.3784,0.0,8.87,0.0,83.15,100.0,100.0,,,,,,,0.2608,2.48,4.859,0.0827,cuda,0.9606,0.9798,0.411,0.4756,,,0.9937,0.9784,anatomical,0.575,infer,24.0,1.8,0.2,trained4,5.714,0.1905,0.07,0.0,0.0237,ma_zerophase,5.0,,0.0104,4.1467
evaluate_epoch.csv,l10.1_phys0.5,deploy,2350,2026-09-23 21:32:31,legacy80,tfm_declip_cov_l10.1_anat,1.0,0.5,2500,306,0.065638,0.000304,75.56,99.67,8.9,5.29,2.98,1.83,99.2,2.04,1.0,2.35,1.12,0.87,0.4466,0.3803,0.0,8.87,0.0,83.15,100.0,100.0,,,,,,,0.2635,2.548,4.789,0.0849,cuda,0.9376,0.9704,0.572,0.4756,,,0.9918,0.9713,anatomical,0.575,infer,24.0,1.8,0.2,trained4,5.807,0.1936,0.09,0.0,0.0286,ma_zerophase,5.0,,0.0102,4.1334
evaluate_epoch.csv,l10.1_phys0.5,deploy,2400,2026-09-23 21:34:44,legacy80,tfm_declip_cov_l10.1_anat,1.0,0.5,2500,306,0.065638,0.000226,75.56,99.79,8.9,4.91,2.98,2.2,99.4,1.89,0.95,2.28,1.12,0.81,0.4466,0.3788,0.0,8.87,0.0,83.15,100.0,100.0,,,,,,,0.2619,2.487,4.698,0.0829,cuda,0.9625,0.9805,0.394,0.4756,,,0.994,0.9796,anatomical,0.575,infer,24.0,1.8,0.2,trained4,5.732,0.1911,0.04,0.0,0.011,ma_zerophase,5.0,,0.0102,4.1282
evaluate_epoch.csv,l10.1_phys0.5,deploy,2450,2026-09-23 21:36:58,legacy80,tfm_declip_cov_l10.1_anat,1.0,0.5,2500,306,0.065638,0.000308,75.56,99.72,8.9,4.87,2.98,2.04,99.2,1.9,0.96,2.29,1.12,0.81,0.4466,0.3789,0.0,8.87,0.0,83.15,100.0,100.0,,,,,,,0.2612,2.414,4.691,0.0805,cuda,0.9618,0.9802,0.399,0.4756,,,0.9939,0.9795,anatomical,0.575,infer,24.0,1.8,0.2,trained4,5.737,0.1912,0.07,0.0,0.0173,ma_zerophase,5.0,,0.0102,4.1218
evaluate_epoch.csv,l10.1_phys0.5,deploy,2500,2026-09-23 21:39:10,legacy80,tfm_declip_cov_l10.1_anat,1.0,0.5,2500,306,0.065638,0.000317,75.56,99.47,8.9,4.1,2.98,1.4,99.0,1.85,0.97,2.25,1.14,0.81,0.4466,0.3789,0.0,8.87,0.0,83.15,100.0,100.0,,,,,,,0.2619,2.608,5.103,0.0869,cuda,0.9633,0.9807,0.38,0.4756,,,0.994,0.9799,anatomical,0.575,infer,24.0,1.8,0.2,trained4,5.816,0.1939,0.12,0.0,0.021,ma_zerophase,5.0,,0.0102,4.1196
evaluate_epoch.csv,l10.1_phys0.5,deploy,2550,2026-09-24 17:01:56,legacy80,tfm_declip_cov_l10.1_anat,1.0,0.5,3000,306,0.065638,0.000185,75.56,99.66,8.9,3.53,2.98,1.46,99.3,1.85,0.97,2.25,1.14,0.81,0.4466,0.3802,0.0,8.87,0.0,83.15,100.0,100.0,,,,,,,0.2628,3.55,3.82,0.1183,cuda,0.9626,0.9804,0.384,0.4756,,,0.994,0.9798,anatomical,0.575,infer,24.0,1.8,0.2,trained4,5.455,0.1818,0.09,0.0,0.0186,ma_zerophase,5.0,,0.009,4.1383
evaluate_epoch.csv,l10.1_phys0.5,deploy,2600,2026-09-24 17:04:07,legacy80,tfm_declip_cov_l10.1_anat,1.0,0.5,3000,306,0.065638,0.000192,75.56,99.66,8.9,3.63,2.98,1.45,99.3,1.84,0.99,2.23,1.15,0.8,0.4466,0.3801,0.0,8.87,0.0,83.15,100.0,100.0,,,,,,,0.2624,3.559,3.803,0.1186,cuda,0.9633,0.9809,0.38,0.4756,,,0.9941,0.9801,anatomical,0.575,infer,24.0,1.8,0.2,trained4,5.562,0.1854,0.09,0.0,0.0194,ma_zerophase,5.0,,0.0091,4.1423
evaluate_epoch.csv,l10.1_phys0.5,deploy,2650,2026-09-24 17:06:18,legacy80,tfm_declip_cov_l10.1_anat,1.0,0.5,3000,306,0.065638,0.000108,75.56,99.64,8.9,3.2,2.98,1.05,99.5,1.83,0.96,2.22,1.14,0.82,0.4466,0.3809,0.0,8.87,0.0,83.15,100.0,100.0,,,,,,,0.2634,3.559,3.817,0.1186,cuda,0.9603,0.9797,0.411,0.4756,,,0.9938,0.979,anatomical,0.575,infer,24.0,1.8,0.2,trained4,5.616,0.1872,0.07,0.0,0.0124,ma_zerophase,5.0,,0.0091,4.1337
evaluate_epoch.csv,l10.1_phys0.5,deploy,2700,2026-09-24 17:08:28,legacy80,tfm_declip_cov_l10.1_anat,1.0,0.5,3000,306,0.065638,0.000285,75.56,99.44,8.9,4.75,2.98,1.3,99.0,1.83,0.99,2.23,1.16,0.81,0.4466,0.3808,0.0,8.87,0.0,83.15,100.0,100.0,,,,,,,0.2629,3.568,3.831,0.1189,cuda,0.9627,0.9806,0.39,0.4756,,,0.9941,0.9799,anatomical,0.575,infer,24.0,1.8,0.2,trained4,5.434,0.1811,0.11,0.0,0.0402,ma_zerophase,5.0,,0.0089,4.1203
evaluate_epoch.csv,l10.1_phys0.5,deploy,2750,2026-09-24 17:10:38,legacy80,tfm_declip_cov_l10.1_anat,1.0,0.5,3000,306,0.065638,0.000147,75.56,99.34,8.9,3.11,2.98,0.92,99.2,1.72,1.03,2.15,1.19,0.83,0.4466,0.3813,0.0,8.87,0.0,83.15,100.0,100.0,,,,,,,0.2649,3.586,3.854,0.1195,cuda,0.9602,0.9796,0.404,0.4756,,,0.9936,0.9785,anatomical,0.575,infer,24.0,1.8,0.2,trained4,5.493,0.1831,0.12,0.0,0.0381,ma_zerophase,5.0,,0.009,4.1454
evaluate_epoch.csv,l10.1_phys0.5,deploy,2800,2026-09-24 17:12:50,legacy80,tfm_declip_cov_l10.1_anat,1.0,0.5,3000,306,0.065638,5.5e-05,75.56,99.63,8.9,1.94,2.98,0.75,99.6,1.86,1.04,2.17,1.18,0.89,0.4466,0.3844,0.0,8.87,0.0,83.15,100.0,100.0,,,,,,,0.2685,3.552,3.816,0.1184,cuda,0.9287,0.9648,0.617,0.4756,,,0.9904,0.9666,anatomical,0.575,infer,24.0,1.8,0.2,trained4,5.486,0.1829,0.03,0.0,0.0119,ma_zerophase,5.0,,0.009,4.098
evaluate_epoch.csv,l10.1_phys0.5,deploy,2850,2026-09-24 17:15:01,legacy80,tfm_declip_cov_l10.1_anat,1.0,0.5,3000,306,0.065638,0.000141,75.56,99.71,8.9,4.18,2.98,1.17,99.5,1.9,0.95,2.27,1.15,0.86,0.4466,0.385,0.0,8.87,0.0,83.15,100.0,100.0,,,,,,,0.2661,3.63,3.898,0.121,cuda,0.9504,0.9754,0.482,0.4756,,,0.9926,0.9745,anatomical,0.575,infer,24.0,1.8,0.2,trained4,5.537,0.1846,0.11,0.0,0.0923,ma_zerophase,5.0,,0.0092,4.1667
evaluate_epoch.csv,l10.1_phys0.5,deploy,2900,2026-09-24 17:17:18,legacy80,tfm_declip_cov_l10.1_anat,1.0,0.5,3000,306,0.065638,0.000105,75.56,99.41,8.9,3.05,2.98,0.75,99.4,1.75,1.01,2.15,1.19,0.82,0.4466,0.3821,0.0,8.87,0.0,83.15,100.0,100.0,,,,,,,0.2646,3.603,3.823,0.1201,cuda,0.9605,0.98,0.412,0.4756,,,0.9939,0.9791,anatomical,0.575,infer,24.0,1.8,0.2,trained4,5.923,0.1974,0.12,0.0,0.0779,ma_zerophase,5.0,,0.0095,4.1333
evaluate_epoch.csv,l10.1_phys0.5,deploy,2950,2026-09-24 17:19:38,legacy80,tfm_declip_cov_l10.1_anat,1.0,0.5,3000,306,0.065638,0.000247,75.56,99.12,8.9,3.68,2.98,1.04,98.7,1.74,1.02,2.15,1.2,0.83,0.4466,0.3823,0.0,8.87,0.0,83.15,100.0,100.0,,,,,,,0.2644,3.58,3.804,0.1193,cuda,0.9574,0.9777,0.427,0.4756,,,0.9933,0.9774,anatomical,0.575,infer,24.0,1.8,0.2,trained4,5.958,0.1986,0.14,0.0,0.1537,ma_zerophase,5.0,,0.0095,4.1575
evaluate_epoch.csv,l10.1_phys0.5,deploy,3000,2026-09-24 17:21:57,legacy80,tfm_declip_cov_l10.1_anat,1.0,0.5,3000,306,0.065638,0.00012,75.56,99.24,8.9,2.7,2.98,0.89,99.1,1.69,1.04,2.12,1.21,0.81,0.4466,0.3814,0.0,8.87,0.0,83.15,100.0,100.0,,,,,,,0.2641,3.566,3.814,0.1189,cuda,0.9621,0.9805,0.397,0.4756,,,0.994,0.9796,anatomical,0.575,infer,24.0,1.8,0.2,trained4,5.895,0.1965,0.16,0.0,0.0289,ma_zerophase,5.0,,0.0094,4.1297
evaluate_epoch.csv,l10.1_phys0.5,deploy,3050,2026-09-27 12:03:43,legacy80,tfm_declip_cov_l10.1_anat,1.0,0.5,4000,306,0.065638,4.8e-05,75.56,99.67,8.9,2.45,2.98,0.66,99.7,1.67,1.04,2.1,1.21,0.81,0.4466,0.3822,0.0,8.87,0.0,83.15,100.0,100.0,,,,,,,0.2646,3.484,3.536,0.1161,cuda,0.9626,0.9807,0.385,0.4756,,,0.9941,0.98,anatomical,0.575,infer,24.0,1.8,0.2,trained4,5.022,0.1674,0.08,0.0,0.0159,ma_zerophase,5.0,,0.0083,4.144
evaluate_epoch.csv,l10.1_phys0.5,deploy,3100,2026-09-27 12:05:42,legacy80,tfm_declip_cov_l10.1_anat,1.0,0.5,4000,306,0.065638,7.2e-05,75.56,99.4,8.9,2.23,2.98,0.78,99.4,1.68,1.05,2.1,1.22,0.83,0.4466,0.3823,0.0,8.87,0.0,83.15,100.0,100.0,,,,,,,0.2652,3.477,3.54,0.1159,cuda,0.9587,0.9792,0.42,0.4756,,,0.9935,0.9779,anatomical,0.575,infer,24.0,1.8,0.2,trained4,4.841,0.1614,0.13,0.0,0.0299,ma_zerophase,5.0,,0.0081,4.1396
evaluate_epoch.csv,l10.1_phys0.5,deploy,3150,2026-09-27 12:07:41,legacy80,tfm_declip_cov_l10.1_anat,1.0,0.5,4000,306,0.065638,4.3e-05,75.56,99.58,8.9,2.04,2.98,0.64,99.6,1.64,1.07,2.07,1.23,0.81,0.4466,0.3827,0.0,8.87,0.0,83.15,100.0,100.0,,,,,,,0.2655,3.638,3.899,0.1213,cuda,0.9615,0.9799,0.395,0.4756,,,0.9939,0.9793,anatomical,0.575,infer,24.0,1.8,0.2,trained4,5.171,0.1724,0.13,0.0,0.0312,ma_zerophase,5.0,,0.009,4.1609
evaluate_epoch.csv,l10.1_phys0.5,deploy,3200,2026-09-27 12:09:41,legacy80,tfm_declip_cov_l10.1_anat,1.0,0.5,4000,306,0.065638,4.2e-05,75.56,99.41,8.9,2.03,2.98,0.56,99.5,1.6,1.06,2.04,1.22,0.81,0.4466,0.3819,0.0,8.87,0.0,83.15,100.0,100.0,,,,,,,0.2652,3.539,3.826,0.118,cuda,0.9633,0.9809,0.379,0.4756,,,0.9941,0.9801,anatomical,0.575,infer,24.0,1.8,0.2,trained4,4.976,0.1659,0.11,0.0,0.0332,ma_zerophase,5.0,,0.0084,4.1402
evaluate_epoch.csv,l10.1_phys0.5,deploy,3250,2026-09-27 12:11:39,legacy80,tfm_declip_cov_l10.1_anat,1.0,0.5,4000,306,0.065638,0.000153,75.56,99.18,8.9,2.4,2.98,1.16,98.7,1.6,1.08,2.05,1.23,0.81,0.4466,0.3817,0.0,8.87,0.0,83.15,100.0,100.0,,,,,,,0.2645,3.491,3.545,0.1164,cuda,0.9636,0.9811,0.379,0.4756,,,0.9942,0.9803,anatomical,0.575,infer,24.0,1.8,0.2,trained4,4.963,0.1654,0.13,0.0,0.0388,ma_zerophase,5.0,,0.0082,4.1439
evaluate_epoch.csv,l10.1_phys0.5,deploy,3300,2026-09-27 12:13:37,legacy80,tfm_declip_cov_l10.1_anat,1.0,0.5,4000,306,0.065638,6.2e-05,75.56,99.51,8.9,2.63,2.98,0.62,99.6,1.67,1.06,2.1,1.22,0.81,0.4466,0.3825,0.0,8.87,0.0,83.15,100.0,100.0,,,,,,,0.2648,3.471,3.544,0.1157,cuda,0.9608,0.9796,0.399,0.4756,,,0.9938,0.979,anatomical,0.575,infer,24.0,1.8,0.2,trained4,4.975,0.1658,0.14,0.0,0.0299,ma_zerophase,5.0,,0.0083,4.1565
evaluate_epoch.csv,l10.1_phys0.5,deploy,3350,2026-09-27 12:15:35,legacy80,tfm_declip_cov_l10.1_anat,1.0,0.5,4000,306,0.065638,3.6e-05,75.56,99.49,8.9,2.05,2.98,0.62,99.6,1.58,1.08,2.04,1.23,0.81,0.4466,0.3823,0.0,8.87,0.0,83.15,100.0,100.0,,,,,,,0.2656,3.49,3.514,0.1163,cuda,0.9633,0.9808,0.375,0.4756,,,0.9941,0.98,anatomical,0.575,infer,24.0,1.8,0.2,trained4,5.006,0.1669,0.11,0.0,0.0324,ma_zerophase,5.0,,0.0083,4.1533
evaluate_epoch.csv,l10.1_phys0.5,deploy,3400,2026-09-27 12:17:34,legacy80,tfm_declip_cov_l10.1_anat,1.0,0.5,4000,306,0.065638,6.7e-05,75.56,99.38,8.9,2.03,2.98,0.83,99.3,1.63,1.07,2.07,1.24,0.81,0.4466,0.3824,0.0,8.87,0.0,83.15,100.0,100.0,,,,,,,0.265,3.481,3.52,0.116,cuda,0.9614,0.9799,0.394,0.4756,,,0.9939,0.9793,anatomical,0.575,infer,24.0,1.8,0.2,trained4,5.029,0.1676,0.13,0.0,0.0362,ma_zerophase,5.0,,0.0082,4.1633
evaluate_epoch.csv,l10.1_phys0.5,deploy,3450,2026-09-27 12:19:32,legacy80,tfm_declip_cov_l10.1_anat,1.0,0.5,4000,306,0.065638,0.00011,75.56,99.22,8.9,3.21,2.98,0.84,99.1,1.63,1.07,2.07,1.22,0.81,0.4466,0.3827,0.0,8.87,0.0,83.15,100.0,100.0,,,,,,,0.2653,3.482,3.534,0.1161,cuda,0.9618,0.9804,0.396,0.4756,,,0.994,0.9797,anatomical,0.575,infer,24.0,1.8,0.2,trained4,4.91,0.1637,0.13,0.0,0.0436,ma_zerophase,5.0,,0.0082,4.1494
evaluate_epoch.csv,l10.1_phys0.5,deploy,3500,2026-09-27 12:21:31,legacy80,tfm_declip_cov_l10.1_anat,1.0,0.5,4000,306,0.065638,3.6e-05,75.56,99.49,8.9,1.93,2.98,0.56,99.6,1.6,1.08,2.06,1.23,0.81,0.4466,0.3826,0.0,8.87,0.0,83.15,100.0,100.0,,,,,,,0.2656,3.493,3.555,0.1164,cuda,0.9636,0.981,0.382,0.4756,,,0.9941,0.9801,anatomical,0.575,infer,24.0,1.8,0.2,trained4,4.937,0.1646,0.14,0.0,0.0437,ma_zerophase,5.0,,0.0082,4.1419
evaluate_epoch.csv,l10.1_phys0.5,deploy,3550,2026-09-27 12:23:29,legacy80,tfm_declip_cov_l10.1_anat,1.0,0.5,4000,306,0.065638,0.000106,75.56,99.3,8.9,2.53,2.98,0.91,99.1,1.62,1.07,2.05,1.23,0.8,0.4466,0.3829,0.0,8.87,0.0,83.15,100.0,100.0,,,,,,,0.2649,3.48,3.532,0.116,cuda,0.9631,0.9809,0.384,0.4756,,,0.9941,0.9801,anatomical,0.575,infer,24.0,1.8,0.2,trained4,4.973,0.1658,0.16,0.0,0.0346,ma_zerophase,5.0,,0.0082,4.1499
evaluate_epoch.csv,l10.1_phys0.5,deploy,3600,2026-09-27 12:25:28,legacy80,tfm_declip_cov_l10.1_anat,1.0,0.5,4000,306,0.065638,0.000133,75.56,98.98,8.9,3.1,2.98,0.77,98.9,1.67,1.08,2.07,1.23,0.82,0.4466,0.3835,0.0,8.87,0.0,83.15,100.0,100.0,,,,,,,0.2657,3.485,3.536,0.1162,cuda,0.9551,0.9777,0.456,0.4756,,,0.9934,0.9774,anatomical,0.575,infer,24.0,1.8,0.2,trained4,5.071,0.169,0.19,0.0,0.0439,ma_zerophase,5.0,,0.0083,4.1408
evaluate_epoch.csv,l10.1_phys0.5,deploy,3650,2026-09-27 12:27:25,legacy80,tfm_declip_cov_l10.1_anat,1.0,0.5,4000,306,0.065638,0.000192,75.56,99.03,8.9,3.68,2.98,1.06,98.6,1.59,1.09,2.04,1.24,0.8,0.4466,0.3822,0.0,8.87,0.0,83.15,100.0,100.0,,,,,,,0.2648,3.484,3.518,0.1161,cuda,0.9626,0.9803,0.38,0.4756,,,0.994,0.9797,anatomical,0.575,infer,24.0,1.8,0.2,trained4,4.967,0.1656,0.14,0.0,0.0549,ma_zerophase,5.0,,0.0082,4.1419
evaluate_epoch.csv,l10.1_phys0.5,deploy,3700,2026-09-27 12:29:24,legacy80,tfm_declip_cov_l10.1_anat,1.0,0.5,4000,306,0.065638,5.1e-05,75.56,99.55,8.9,2.67,2.98,0.64,99.6,1.61,1.07,2.05,1.23,0.81,0.4466,0.3828,0.0,8.87,0.0,83.15,100.0,100.0,,,,,,,0.2655,3.498,3.542,0.1166,cuda,0.962,0.9801,0.387,0.4756,,,0.9939,0.9795,anatomical,0.575,infer,24.0,1.8,0.2,trained4,5.018,0.1673,0.14,0.0,0.041,ma_zerophase,5.0,,0.0083,4.1288
evaluate_epoch.csv,l10.1_phys0.5,deploy,3750,2026-09-27 12:31:22,legacy80,tfm_declip_cov_l10.1_anat,1.0,0.5,4000,306,0.065638,6.9e-05,75.56,99.43,8.9,2.87,2.98,0.79,99.4,1.6,1.09,2.05,1.24,0.81,0.4466,0.3822,0.0,8.87,0.0,83.15,100.0,100.0,,,,,,,0.2649,3.489,3.535,0.1163,cuda,0.9633,0.9809,0.375,0.4756,,,0.9941,0.9802,anatomical,0.575,infer,24.0,1.8,0.2,trained4,4.887,0.1629,0.15,0.0,0.058,ma_zerophase,5.0,,0.0082,4.1191
evaluate_epoch.csv,l10.1_phys0.5,deploy,3800,2026-09-27 12:33:20,legacy80,tfm_declip_cov_l10.1_anat,1.0,0.5,4000,306,0.065638,6.8e-05,75.56,98.89,8.9,2.47,2.98,0.52,99.2,1.6,1.08,2.04,1.24,0.8,0.4466,0.3827,0.0,8.87,0.0,83.15,100.0,100.0,,,,,,,0.2652,3.479,3.521,0.116,cuda,0.9626,0.9807,0.384,0.4756,,,0.994,0.9799,anatomical,0.575,infer,24.0,1.8,0.2,trained4,4.927,0.1642,0.15,0.0,0.0618,ma_zerophase,5.0,,0.0082,4.1306
evaluate_epoch.csv,l10.1_phys0.5,deploy,3850,2026-09-27 12:35:18,legacy80,tfm_declip_cov_l10.1_anat,1.0,0.5,4000,306,0.065638,4.4e-05,75.56,99.53,8.9,2.17,2.98,0.63,99.6,1.65,1.07,2.07,1.23,0.81,0.4466,0.3836,0.0,8.87,0.0,83.15,100.0,100.0,,,,,,,0.2661,3.488,3.521,0.1163,cuda,0.9589,0.9789,0.417,0.4756,,,0.9936,0.9785,anatomical,0.575,infer,24.0,1.8,0.2,trained4,5.035,0.1678,0.14,0.0,0.0423,ma_zerophase,5.0,,0.0083,4.1381
evaluate_epoch.csv,l10.1_phys0.5,deploy,3900,2026-09-27 12:37:18,legacy80,tfm_declip_cov_l10.1_anat,1.0,0.5,4000,306,0.065638,1.8e-05,75.56,99.6,8.9,1.8,2.98,0.43,99.8,1.58,1.1,2.02,1.24,0.81,0.4466,0.3824,0.0,8.87,0.0,83.15,100.0,100.0,,,,,,,0.2653,3.476,3.522,0.1159,cuda,0.9629,0.9807,0.38,0.4756,,,0.994,0.9799,anatomical,0.575,infer,24.0,1.8,0.2,trained4,5.045,0.1682,0.14,0.0,0.0305,ma_zerophase,5.0,,0.0082,4.1351
evaluate_epoch.csv,l10.1_phys0.5,deploy,3950,2026-09-27 12:39:16,legacy80,tfm_declip_cov_l10.1_anat,1.0,0.5,4000,306,0.065638,3.8e-05,75.56,99.42,8.9,1.99,2.98,0.56,99.6,1.59,1.08,2.03,1.24,0.8,0.4466,0.3823,0.0,8.87,0.0,83.15,100.0,100.0,,,,,,,0.2651,3.496,3.559,0.1165,cuda,0.9626,0.9807,0.387,0.4756,,,0.9941,0.98,anatomical,0.575,infer,24.0,1.8,0.2,trained4,4.917,0.1639,0.16,0.0,0.0423,ma_zerophase,5.0,,0.0081,4.1386
evaluate_epoch.csv,l10.1_phys0.5,deploy,4000,2026-09-27 12:41:15,legacy80,tfm_declip_cov_l10.1_anat,1.0,0.5,4000,306,0.065638,2.3e-05,75.56,99.44,8.9,1.65,2.98,0.5,99.6,1.6,1.11,2.03,1.24,0.83,0.4466,0.383,0.0,8.87,0.0,83.15,100.0,100.0,,,,,,,0.2664,3.498,3.608,0.1166,cuda,0.9585,0.9786,0.432,0.4756,,,0.9936,0.9782,anatomical,0.575,infer,24.0,1.8,0.2,trained4,4.993,0.1664,0.12,0.0,0.038,ma_zerophase,5.0,,0.0083,4.1313
evaluate_epoch.csv,l10.1_phys0.5,deploy,20,2026-09-11 21:55:21,transient,tfm_declip_cov_l10.1_anat,1.0,0.5,500,306,0.037644,0.001609,87.07,96.48,9.15,6.49,3.13,1.64,85.8,9.82,1.31,8.62,1.36,8.0,0.5525,0.6123,0.0,8.83,0.09,89.34,99.99,100.0,25.95,35.03,57.92,0.0,0.0,0.0,0.5986,3.219,6.185,0.1073,cuda,0.5434,0.5607,8.741,0.4756,66.88,0.02,0.6378,0.507,anatomical,0.575,infer,24.0,1.8,0.2,trained4,13.48,0.4493,1.31,0.09,0.0299,ma_zerophase,5.0,,0.012,13.0233
evaluate_epoch.csv,l10.1_phys0.5,deploy,40,2026-09-11 21:58:10,transient,tfm_declip_cov_l10.1_anat,1.0,0.5,500,306,0.037644,0.000558,87.07,98.24,9.15,4.23,3.13,1.34,94.2,4.58,0.87,4.23,1.16,3.77,0.5525,0.4839,0.0,8.83,0.0,89.34,100.0,100.0,34.59,47.54,65.23,0.0,0.0,0.01,0.4375,3.138,6.651,0.1046,cuda,0.6268,0.6651,3.915,0.4756,84.22,1.75,0.7955,0.6263,anatomical,0.575,infer,24.0,1.8,0.2,trained4,11.123,0.3708,1.98,0.0,0.0598,ma_zerophase,5.0,,0.0118,5.0658
evaluate_epoch.csv,l10.1_phys0.5,deploy,50,2026-09-18 22:35:24,transient,tfm_declip_cov_l10.1_anat,1.0,0.5,1500,306,0.037644,0.000397,87.07,98.44,9.15,3.96,3.13,1.17,95.5,4.77,0.79,4.27,1.21,3.81,0.5525,0.4919,0.0,8.83,0.0,89.34,100.0,100.0,33.01,46.0,65.8,0.0,0.0,0.0,0.4391,3.794,13.285,0.1265,cuda,0.6246,0.6604,4.078,0.4756,84.05,0.73,0.788,0.6173,anatomical,0.575,infer,24.0,1.8,0.2,trained4,7.303,0.2434,1.43,0.0,0.0726,ma_zerophase,5.0,,0.0094,5.1222
evaluate_epoch.csv,l10.1_phys0.5,deploy,60,2026-09-11 22:00:55,transient,tfm_declip_cov_l10.1_anat,1.0,0.5,500,306,0.037644,0.000624,87.07,98.44,9.15,5.35,3.13,1.28,95.1,4.4,0.87,3.76,1.08,3.3,0.5525,0.4897,0.0,8.83,0.0,89.34,100.0,100.0,36.81,48.92,68.21,0.0,0.0,0.0,0.427,3.126,8.224,0.1042,cuda,0.643,0.6814,3.738,0.4756,84.93,4.28,0.8078,0.6425,anatomical,0.575,infer,24.0,1.8,0.2,trained4,9.63,0.321,1.49,0.0,0.0787,ma_zerophase,5.0,,0.0117,5.4429
evaluate_epoch.csv,l10.1_phys0.5,deploy,80,2026-09-11 22:03:41,transient,tfm_declip_cov_l10.1_anat,1.0,0.5,500,306,0.037644,0.000879,87.07,98.14,9.15,4.6,3.13,1.42,93.5,3.77,0.77,3.37,1.06,2.91,0.5525,0.4776,0.0,8.83,0.0,89.34,100.0,100.0,39.25,51.96,71.82,0.0,0.0,0.03,0.4069,3.266,7.915,0.1089,cuda,0.6714,0.721,3.105,0.4756,89.43,10.88,0.8477,0.6875,anatomical,0.575,infer,24.0,1.8,0.2,trained4,10.655,0.3552,2.07,0.0,0.0833,ma_zerophase,5.0,,0.012,4.9348
evaluate_epoch.csv,l10.1_phys0.5,deploy,100,2026-09-11 22:06:27,transient,tfm_declip_cov_l10.1_anat,1.0,0.5,500,306,0.037644,0.000862,87.07,97.98,9.15,4.78,3.13,1.38,93.1,3.7,0.87,3.18,1.01,2.7,0.5525,0.4828,0.0,8.83,0.0,89.34,100.0,100.0,39.26,54.8,74.66,0.0,0.0,0.14,0.403,3.038,5.491,0.1013,cuda,0.6899,0.7413,3.0,0.4756,88.58,14.84,0.8545,0.7041,anatomical,0.575,infer,24.0,1.8,0.2,trained4,11.47,0.3823,2.08,0.0,0.0821,ma_zerophase,5.0,,0.0119,5.0721
evaluate_epoch.csv,l10.1_phys0.5,deploy,120,2026-09-11 22:09:38,transient,tfm_declip_cov_l10.1_anat,1.0,0.5,500,306,0.037644,0.0007,87.07,98.79,9.15,4.28,3.13,1.58,95.3,5.03,0.76,4.37,1.08,3.87,0.5525,0.4719,0.0,8.83,0.0,89.34,100.0,100.0,33.27,48.38,64.82,0.0,0.0,0.0,0.4139,3.167,6.741,0.1056,cuda,0.6236,0.653,4.377,0.4756,81.3,0.78,0.7787,0.6111,anatomical,0.575,infer,24.0,1.8,0.2,trained4,9.731,0.3244,1.43,0.0,0.0737,ma_zerophase,5.0,,0.0119,5.5135
evaluate_epoch.csv,l10.1_phys0.5,deploy,140,2026-09-11 22:12:24,transient,tfm_declip_cov_l10.1_anat,1.0,0.5,500,306,0.037644,0.000792,87.07,98.04,9.15,4.8,3.13,1.3,93.7,3.67,0.68,3.21,0.97,2.76,0.5525,0.4694,0.0,8.83,0.0,89.34,100.0,100.0,40.34,53.69,72.24,0.0,0.0,0.1,0.3994,3.037,6.212,0.1012,cuda,0.674,0.7227,3.078,0.4756,90.23,14.93,0.8539,0.6916,anatomical,0.575,infer,24.0,1.8,0.2,trained4,10.385,0.3462,1.73,0.0,0.0786,ma_zerophase,5.0,,0.0118,5.3063
evaluate_epoch.csv,l10.1_phys0.5,deploy,150,2026-09-18 22:37:38,transient,tfm_declip_cov_l10.1_anat,1.0,0.5,1500,306,0.037644,0.001323,87.07,97.43,9.15,4.77,3.13,1.5,90.5,3.36,0.67,2.78,0.99,2.32,0.5525,0.4727,0.0,8.83,0.0,89.34,100.0,100.0,42.16,56.65,75.77,0.0,0.0,0.36,0.393,2.582,7.25,0.0861,cuda,0.6987,0.7535,2.766,0.4756,91.94,22.66,0.8754,0.7237,anatomical,0.575,infer,24.0,1.8,0.2,trained4,9.381,0.3127,2.21,0.0,0.0801,ma_zerophase,5.0,,0.0105,5.1723
evaluate_epoch.csv,l10.1_phys0.5,deploy,160,2026-09-11 22:15:12,transient,tfm_declip_cov_l10.1_anat,1.0,0.5,500,306,0.037644,0.001481,87.07,97.16,9.15,5.52,3.13,1.4,90.1,3.58,0.72,2.91,0.88,2.45,0.5525,0.4758,0.0,8.83,0.0,89.34,100.0,100.0,43.07,55.76,73.76,0.0,0.0,0.31,0.3954,3.487,8.203,0.1162,cuda,0.6866,0.7377,2.976,0.4756,90.37,18.31,0.8627,0.7094,anatomical,0.575,infer,24.0,1.8,0.2,trained4,11.785,0.3928,2.53,0.0,0.0738,ma_zerophase,5.0,,0.012,5.2033
evaluate_epoch.csv,l10.1_phys0.5,deploy,180,2026-09-11 22:18:28,transient,tfm_declip_cov_l10.1_anat,1.0,0.5,500,306,0.037644,0.001138,87.07,97.48,9.15,5.14,3.13,1.41,91.2,3.36,0.69,2.84,0.89,2.38,0.5525,0.4673,0.0,8.83,0.0,89.34,100.0,100.0,39.21,55.74,75.94,0.0,0.0,0.24,0.3861,3.21,6.258,0.107,cuda,0.6958,0.7498,2.749,0.4756,92.49,27.61,0.8765,0.7172,anatomical,0.575,infer,24.0,1.8,0.2,trained4,11.158,0.3719,2.19,0.0,0.0797,ma_zerophase,5.0,,0.0119,5.196
evaluate_epoch.csv,l10.1_phys0.5,deploy,200,2026-09-11 22:21:14,transient,tfm_declip_cov_l10.1_anat,1.0,0.5,500,306,0.037644,0.001444,87.07,97.57,9.15,5.63,3.13,1.62,90.3,3.0,0.71,2.65,1.0,2.19,0.5525,0.4589,0.0,8.83,0.0,89.34,100.0,100.0,46.98,59.03,77.77,0.0,0.0,0.44,0.3796,3.243,7.093,0.1081,cuda,0.7188,0.7772,2.415,0.4756,93.83,39.38,0.8974,0.7573,anatomical,0.575,infer,24.0,1.8,0.2,trained4,10.621,0.354,2.3,0.0,0.0889,ma_zerophase,5.0,,0.0118,5.0834
evaluate_epoch.csv,l10.1_phys0.5,deploy,220,2026-09-11 22:24:01,transient,tfm_declip_cov_l10.1_anat,1.0,0.5,500,306,0.037644,0.00209,87.07,96.94,9.15,5.99,3.13,1.58,88.1,3.43,0.59,2.7,0.91,2.25,0.5525,0.4748,0.0,8.83,0.0,89.34,100.0,100.0,44.69,58.45,75.79,0.0,0.0,0.34,0.3883,3.064,5.38,0.1021,cuda,0.7081,0.7535,2.871,0.4756,89.6,14.27,0.8722,0.7269,anatomical,0.575,infer,24.0,1.8,0.2,trained4,11.695,0.3898,2.69,0.0,0.0917,ma_zerophase,5.0,,0.0118,5.2531
evaluate_epoch.csv,l10.1_phys0.5,deploy,240,2026-09-11 22:27:07,transient,tfm_declip_cov_l10.1_anat,1.0,0.5,500,306,0.037644,0.001004,87.07,97.97,9.15,5.59,3.13,1.4,93.0,3.1,0.57,2.55,0.93,2.09,0.5525,0.4722,0.0,8.83,0.0,89.34,100.0,100.0,49.35,59.66,77.07,0.0,0.0,0.24,0.3901,2.961,5.384,0.0987,cuda,0.7201,0.7722,2.51,0.4756,92.63,28.08,0.893,0.7551,anatomical,0.575,infer,24.0,1.8,0.2,trained4,10.826,0.3609,1.72,0.0,0.0747,ma_zerophase,5.0,,0.0121,5.2844
evaluate_epoch.csv,l10.1_phys0.5,deploy,250,2026-09-18 22:39:55,transient,tfm_declip_cov_l10.1_anat,1.0,0.5,1500,306,0.037644,0.000915,87.07,98.07,9.15,5.46,3.13,1.43,93.2,2.77,0.69,2.52,0.99,2.05,0.5525,0.4591,0.0,8.83,0.0,89.34,100.0,100.0,50.48,62.08,80.88,0.0,0.0,1.18,0.3757,5.343,14.159,0.1781,cuda,0.7414,0.8042,2.165,0.4756,94.86,42.15,0.9098,0.7873,anatomical,0.575,infer,24.0,1.8,0.2,trained4,8.626,0.2875,2.05,0.0,0.0822,ma_zerophase,5.0,,0.0109,5.0285
evaluate_epoch.csv,l10.1_phys0.5,deploy,260,2026-09-11 22:29:58,transient,tfm_declip_cov_l10.1_anat,1.0,0.5,500,306,0.037644,0.001114,87.07,97.67,9.15,5.2,3.13,1.41,91.9,2.63,0.63,2.29,1.0,1.84,0.5525,0.4644,0.0,8.83,0.0,89.34,100.0,100.0,50.32,63.03,82.29,0.0,0.0,1.7,0.3741,2.845,5.12,0.0948,cuda,0.7522,0.8159,2.05,0.4756,95.17,47.92,0.9204,0.7995,anatomical,0.575,infer,24.0,1.8,0.2,trained4,11.427,0.3809,2.18,0.0,0.0751,ma_zerophase,5.0,,0.013,5.1222
evaluate_epoch.csv,l10.1_phys0.5,deploy,280,2026-09-11 23:15:21,transient,tfm_declip_cov_l10.1_anat,1.0,0.5,500,306,0.037644,0.001538,87.07,97.47,9.15,5.54,3.13,1.53,90.5,2.76,0.62,2.36,0.93,1.9,0.5525,0.4757,0.0,8.83,0.0,89.34,100.0,100.0,52.67,64.1,81.23,0.0,0.0,1.36,0.3882,3.539,3.812,0.118,cuda,0.7545,0.8112,2.188,0.4756,93.28,32.46,0.9134,0.7978,anatomical,0.575,infer,24.0,1.8,0.2,trained4,8.954,0.2985,1.94,0.0,0.0727,ma_zerophase,5.0,,0.0093,5.4265
evaluate_epoch.csv,l10.1_phys0.5,deploy,300,2026-09-11 23:17:41,transient,tfm_declip_cov_l10.1_anat,1.0,0.5,500,306,0.037644,0.00125,87.07,97.73,9.15,5.47,3.13,1.49,91.7,2.66,0.6,2.21,0.95,1.75,0.5525,0.4662,0.0,8.83,0.0,89.34,100.0,100.0,53.5,64.25,81.58,0.0,0.0,2.85,0.3754,3.549,3.819,0.1183,cuda,0.7593,0.8168,2.07,0.4756,94.05,38.85,0.9205,0.8067,anatomical,0.575,infer,24.0,1.8,0.2,trained4,8.947,0.2982,1.61,0.0,0.0639,ma_zerophase,5.0,,0.0094,5.1914
evaluate_epoch.csv,l10.1_phys0.5,deploy,320,2026-09-11 23:20:01,transient,tfm_declip_cov_l10.1_anat,1.0,0.5,500,306,0.037644,0.001472,87.07,97.33,9.15,5.55,3.13,1.46,90.4,2.43,0.6,2.16,0.94,1.7,0.5525,0.4608,0.0,8.83,0.0,89.34,100.0,100.0,53.87,66.02,84.75,0.0,0.0,5.05,0.3675,3.553,3.83,0.1184,cuda,0.7772,0.8394,1.836,0.4756,95.48,50.28,0.9339,0.828,anatomical,0.575,infer,24.0,1.8,0.2,trained4,9.182,0.3061,1.91,0.0,0.0678,ma_zerophase,5.0,,0.0094,5.0964
evaluate_epoch.csv,l10.1_phys0.5,deploy,340,2026-09-11 23:22:21,transient,tfm_declip_cov_l10.1_anat,1.0,0.5,500,306,0.037644,0.001398,87.07,97.1,9.15,4.77,3.13,1.36,90.3,2.31,0.58,2.03,0.94,1.57,0.5525,0.4769,0.0,8.83,0.0,89.34,100.0,100.0,57.08,67.73,84.74,0.0,0.04,5.63,0.3789,3.543,3.819,0.1181,cuda,0.7903,0.847,1.728,0.4756,96.4,60.47,0.9405,0.8423,anatomical,0.575,infer,24.0,1.8,0.2,trained4,9.507,0.3169,2.09,0.0,0.0747,ma_zerophase,5.0,,0.0095,5.2161
evaluate_epoch.csv,l10.1_phys0.5,deploy,350,2026-09-18 22:42:11,transient,tfm_declip_cov_l10.1_anat,1.0,0.5,1500,306,0.037644,0.001027,87.07,97.75,9.15,4.8,3.13,1.33,92.6,2.58,0.6,2.21,0.97,1.74,0.5525,0.4659,0.0,8.83,0.0,89.34,100.0,100.0,53.11,64.89,82.02,0.0,0.0,1.45,0.3767,4.209,6.601,0.1403,cuda,0.7615,0.8207,1.996,0.4756,95.06,46.63,0.9242,0.8096,anatomical,0.575,infer,24.0,1.8,0.2,trained4,8.192,0.2731,1.76,0.0,0.0568,ma_zerophase,5.0,,0.0098,5.2233
evaluate_epoch.csv,l10.1_phys0.5,deploy,360,2026-09-11 23:24:41,transient,tfm_declip_cov_l10.1_anat,1.0,0.5,500,306,0.037644,0.00073,87.07,97.93,9.15,4.72,3.13,1.23,93.7,2.51,0.62,2.17,0.99,1.71,0.5525,0.467,0.0,8.83,0.0,89.34,100.0,100.0,53.95,65.69,84.25,0.0,0.01,2.83,0.3722,3.55,3.808,0.1183,cuda,0.7732,0.8371,1.876,0.4756,95.02,44.81,0.9306,0.8257,anatomical,0.575,infer,24.0,1.8,0.2,trained4,8.502,0.2834,1.7,0.0,0.0642,ma_zerophase,5.0,,0.0093,5.146
evaluate_epoch.csv,l10.1_phys0.5,deploy,380,2026-09-11 23:27:01,transient,tfm_declip_cov_l10.1_anat,1.0,0.5,500,306,0.037644,0.001224,87.07,97.51,9.15,4.85,3.13,1.36,91.6,2.26,0.59,2.01,0.94,1.55,0.5525,0.4654,0.0,8.83,0.0,89.34,100.0,100.0,56.97,67.44,85.12,0.0,0.0,5.99,0.3692,3.545,3.82,0.1182,cuda,0.7911,0.8518,1.664,0.4756,96.66,62.76,0.9444,0.8486,anatomical,0.575,infer,24.0,1.8,0.2,trained4,9.1,0.3033,1.49,0.0,0.0441,ma_zerophase,5.0,,0.0095,5.0211
evaluate_epoch.csv,l10.1_phys0.5,deploy,400,2026-09-11 23:29:21,transient,tfm_declip_cov_l10.1_anat,1.0,0.5,500,306,0.037644,0.001566,87.07,96.35,9.15,5.02,3.13,1.25,88.8,2.15,0.59,1.91,0.95,1.45,0.5525,0.4635,0.0,8.83,0.0,89.34,100.0,100.0,59.58,69.98,86.3,0.0,0.07,6.62,0.3654,3.575,3.826,0.1192,cuda,0.8073,0.8621,1.571,0.4756,96.64,62.52,0.9483,0.8609,anatomical,0.575,infer,24.0,1.8,0.2,trained4,9.298,0.3099,1.81,0.0,0.052,ma_zerophase,5.0,,0.0094,5.0856
evaluate_epoch.csv,l10.1_phys0.5,deploy,420,2026-09-11 23:31:41,transient,tfm_declip_cov_l10.1_anat,1.0,0.5,500,306,0.037644,0.000914,87.07,96.92,9.15,5.23,3.13,0.98,92.5,2.28,0.64,1.98,0.96,1.52,0.5525,0.4676,0.0,8.83,0.0,89.34,100.0,100.0,57.73,68.11,84.79,0.0,0.05,4.5,0.3722,3.63,3.908,0.121,cuda,0.7952,0.8519,1.682,0.4756,96.29,59.72,0.943,0.849,anatomical,0.575,infer,24.0,1.8,0.2,trained4,8.443,0.2814,1.33,0.0,0.0437,ma_zerophase,5.0,,0.0096,5.0987
evaluate_epoch.csv,l10.1_phys0.5,deploy,440,2026-09-11 23:34:00,transient,tfm_declip_cov_l10.1_anat,1.0,0.5,500,306,0.037644,0.000677,87.07,98.36,9.15,4.49,3.13,1.31,94.7,2.37,0.62,2.05,0.97,1.58,0.5525,0.469,0.0,8.83,0.0,89.34,100.0,100.0,56.49,67.05,84.29,0.0,0.02,4.53,0.3764,3.54,3.824,0.118,cuda,0.7866,0.8439,1.778,0.4756,96.0,54.44,0.9381,0.8375,anatomical,0.575,infer,24.0,1.8,0.2,trained4,7.984,0.2661,0.9,0.0,0.0397,ma_zerophase,5.0,,0.0093,5.1818
evaluate_epoch.csv,l10.1_phys0.5,deploy,450,2026-09-18 22:44:26,transient,tfm_declip_cov_l10.1_anat,1.0,0.5,1500,306,0.037644,0.001151,87.07,97.95,9.15,4.5,3.13,1.49,92.5,2.47,0.66,2.31,1.05,1.84,0.5525,0.465,0.0,8.83,0.0,89.34,100.0,100.0,51.86,66.38,84.43,0.0,0.0,2.0,0.3758,3.828,8.362,0.1276,cuda,0.7772,0.8389,1.865,0.4756,95.69,48.12,0.9289,0.8211,anatomical,0.575,infer,24.0,1.8,0.2,trained4,8.772,0.2924,1.7,0.0,0.0596,ma_zerophase,5.0,,0.0107,4.9961
evaluate_epoch.csv,l10.1_phys0.5,deploy,460,2026-09-11 23:36:20,transient,tfm_declip_cov_l10.1_anat,1.0,0.5,500,306,0.037644,0.001585,87.07,96.76,9.15,6.02,3.13,1.31,89.5,2.04,0.62,1.86,0.97,1.4,0.5525,0.4675,0.0,8.83,0.0,89.34,100.0,100.0,60.73,71.33,87.38,0.0,0.2,9.74,0.3689,3.541,3.82,0.118,cuda,0.8193,0.8747,1.46,0.4756,96.78,65.11,0.9542,0.8739,anatomical,0.575,infer,24.0,1.8,0.2,trained4,9.453,0.3151,1.8,0.0,0.0526,ma_zerophase,5.0,,0.0094,5.0477
evaluate_epoch.csv,l10.1_phys0.5,deploy,480,2026-09-11 23:38:40,transient,tfm_declip_cov_l10.1_anat,1.0,0.5,500,306,0.037644,0.001442,87.07,97.3,9.15,6.0,3.13,1.4,90.7,2.16,0.63,1.9,0.96,1.44,0.5525,0.4677,0.0,8.83,0.0,89.34,100.0,100.0,59.93,70.01,85.52,0.0,0.05,6.12,0.3709,3.542,3.805,0.1181,cuda,0.8081,0.861,1.584,0.4756,96.4,60.76,0.9476,0.8605,anatomical,0.575,infer,24.0,1.8,0.2,trained4,8.922,0.2974,1.43,0.0,0.0349,ma_zerophase,5.0,,0.0093,5.1287
evaluate_epoch.csv,l10.1_phys0.5,deploy,500,2026-09-11 23:41:00,transient,tfm_declip_cov_l10.1_anat,1.0,0.5,500,306,0.037644,0.001244,87.07,97.31,9.15,5.85,3.13,1.37,90.9,1.98,0.62,1.83,0.94,1.37,0.5525,0.4636,0.0,8.83,0.0,89.34,100.0,100.0,61.55,72.08,87.85,0.0,0.25,12.2,0.3647,3.531,3.802,0.1177,cuda,0.8266,0.8815,1.394,0.4756,96.85,65.16,0.9575,0.8817,anatomical,0.575,infer,24.0,1.8,0.2,trained4,9.205,0.3068,1.46,0.0,0.04,ma_zerophase,5.0,,0.0093,5.0014
evaluate_epoch.csv,l10.1_phys0.5,deploy,550,2026-09-18 22:47:00,transient,tfm_declip_cov_l10.1_anat,1.0,0.5,1500,306,0.037644,0.001493,87.07,97.33,9.15,5.69,3.13,1.46,90.4,2.08,0.58,1.89,0.96,1.45,0.5525,0.4838,0.0,8.83,0.0,89.34,100.0,100.0,59.92,69.69,86.43,0.0,0.07,8.51,0.3875,2.646,7.016,0.0882,cuda,0.8074,0.8633,1.551,0.4756,96.72,63.05,0.95,0.8635,anatomical,0.575,infer,24.0,1.8,0.2,trained4,10.591,0.353,1.81,0.0,0.0428,ma_zerophase,5.0,,0.0118,5.018
evaluate_epoch.csv,l10.1_phys0.5,deploy,600,2026-09-18 22:49:38,transient,tfm_declip_cov_l10.1_anat,1.0,0.5,1500,306,0.037644,0.000862,87.07,97.9,9.15,5.51,3.13,1.2,93.8,2.08,0.6,1.9,0.97,1.47,0.5525,0.4821,0.0,8.83,0.0,89.34,100.0,100.0,59.11,69.18,86.34,0.0,0.0,9.88,0.3959,3.775,8.614,0.1258,cuda,0.802,0.8596,1.588,0.4756,97.19,68.27,0.9481,0.8589,anatomical,0.575,infer,24.0,1.8,0.2,trained4,8.805,0.2935,0.77,0.0,0.0385,ma_zerophase,5.0,,0.0112,5.0651
evaluate_epoch.csv,l10.1_phys0.5,deploy,650,2026-09-18 22:52:08,transient,tfm_declip_cov_l10.1_anat,1.0,0.5,1500,306,0.037644,0.000408,87.07,98.93,9.15,4.86,3.13,1.14,97.0,1.77,0.67,1.79,0.96,1.38,0.5525,0.4634,0.0,8.83,0.0,89.34,100.0,100.0,60.13,73.2,91.1,0.0,0.36,27.58,0.3727,6.742,19.566,0.2247,cuda,0.8335,0.8968,1.291,0.4756,97.74,74.0,0.9626,0.892,anatomical,0.575,infer,24.0,1.8,0.2,trained4,7.674,0.2558,0.36,0.0,0.0192,ma_zerophase,5.0,,0.0112,4.8551
evaluate_epoch.csv,l10.1_phys0.5,deploy,700,2026-09-18 22:54:52,transient,tfm_declip_cov_l10.1_anat,1.0,0.5,1500,306,0.037644,0.000396,87.07,98.68,9.15,5.08,3.13,1.14,96.3,1.63,0.75,1.61,0.97,1.2,0.5525,0.465,0.0,8.83,0.0,89.34,100.0,100.0,65.93,76.87,91.5,0.19,1.88,34.49,0.3689,10.639,22.75,0.3546,cuda,0.8602,0.91,1.151,0.4756,97.41,72.09,0.9675,0.9112,anatomical,0.575,infer,24.0,1.8,0.2,trained4,7.543,0.2514,0.52,0.0,0.0346,ma_zerophase,5.0,,0.0119,4.8638
evaluate_epoch.csv,l10.1_phys0.5,deploy,750,2026-09-18 22:57:32,transient,tfm_declip_cov_l10.1_anat,1.0,0.5,1500,306,0.037644,0.000257,87.07,99.19,9.15,4.96,3.13,0.98,98.0,1.62,0.71,1.61,0.99,1.21,0.5525,0.4783,0.0,8.83,0.0,89.34,100.0,100.0,63.36,76.03,92.06,0.0,1.63,35.94,0.385,3.468,7.977,0.1156,cuda,0.8552,0.9107,1.16,0.4756,97.86,76.73,0.9692,0.9104,anatomical,0.575,infer,24.0,1.8,0.2,trained4,7.119,0.2373,0.2,0.0,0.0195,ma_zerophase,5.0,,0.0112,4.9084
evaluate_epoch.csv,l10.1_phys0.5,deploy,800,2026-09-18 23:00:07,transient,tfm_declip_cov_l10.1_anat,1.0,0.5,1500,306,0.037644,0.000335,87.07,99.05,9.15,5.43,3.13,1.21,97.2,1.32,0.66,1.45,0.95,1.07,0.5525,0.4532,0.0,8.83,0.0,89.34,100.0,100.0,68.71,81.79,94.65,0.36,8.42,50.28,0.3579,2.848,7.59,0.0949,cuda,0.8935,0.9399,0.868,0.4756,98.18,79.22,0.9804,0.9402,anatomical,0.575,infer,24.0,1.8,0.2,trained4,7.536,0.2512,0.35,0.0,0.0223,ma_zerophase,5.0,,0.0109,4.8108
evaluate_epoch.csv,l10.1_phys0.5,deploy,850,2026-09-18 23:02:32,transient,tfm_declip_cov_l10.1_anat,1.0,0.5,1500,306,0.037644,0.000598,87.07,98.97,9.15,5.86,3.13,1.5,96.2,1.3,0.66,1.42,0.96,1.03,0.5525,0.4546,0.0,8.83,0.0,89.34,100.0,100.0,70.0,81.79,94.46,0.56,8.8,49.05,0.3582,2.754,7.658,0.0918,cuda,0.8964,0.94,0.848,0.4756,98.22,79.56,0.9807,0.9414,anatomical,0.575,infer,24.0,1.8,0.2,trained4,6.617,0.2206,0.42,0.0,0.0214,ma_zerophase,5.0,,0.0099,4.8315
evaluate_epoch.csv,l10.1_phys0.5,deploy,900,2026-09-18 23:05:03,transient,tfm_declip_cov_l10.1_anat,1.0,0.5,1500,306,0.037644,0.000355,87.07,99.25,9.15,5.71,3.13,1.39,97.4,1.35,0.74,1.47,0.98,1.09,0.5525,0.4511,0.0,8.83,0.0,89.34,100.0,100.0,69.49,81.54,93.94,0.51,9.19,48.38,0.3578,6.119,25.239,0.204,cuda,0.891,0.9351,0.903,0.4756,98.06,78.85,0.9782,0.9358,anatomical,0.575,infer,24.0,1.8,0.2,trained4,6.653,0.2218,0.21,0.0,0.0213,ma_zerophase,5.0,,0.0103,4.8629
evaluate_epoch.csv,l10.1_phys0.5,deploy,950,2026-09-18 23:07:35,transient,tfm_declip_cov_l10.1_anat,1.0,0.5,1500,306,0.037644,0.00035,87.07,99.22,9.15,6.03,3.13,1.31,97.5,1.24,0.65,1.36,0.94,1.0,0.5525,0.4392,0.0,8.83,0.0,89.34,100.0,100.0,71.35,82.74,94.87,1.58,11.63,52.91,0.3443,7.795,22.816,0.2598,cuda,0.8989,0.9422,0.817,0.4756,98.34,81.41,0.9818,0.9438,anatomical,0.575,infer,24.0,1.8,0.2,trained4,6.981,0.2327,0.24,0.0,0.0261,ma_zerophase,5.0,,0.0109,4.7915
evaluate_epoch.csv,l10.1_phys0.5,deploy,1000,2026-09-18 23:10:05,transient,tfm_declip_cov_l10.1_anat,1.0,0.5,1500,306,0.037644,0.000437,87.07,98.89,9.15,6.04,3.13,1.25,96.6,1.21,0.68,1.39,0.95,1.03,0.5525,0.4456,0.0,8.83,0.0,89.34,100.0,100.0,71.77,84.57,95.27,0.86,15.5,55.19,0.3506,6.78,23.578,0.226,cuda,0.9082,0.9492,0.775,0.4756,98.31,81.02,0.9832,0.9484,anatomical,0.575,infer,24.0,1.8,0.2,trained4,6.56,0.2187,0.28,0.0,0.017,ma_zerophase,5.0,,0.0102,4.7385
evaluate_epoch.csv,l10.1_phys0.5,deploy,1050,2026-09-18 23:12:36,transient,tfm_declip_cov_l10.1_anat,1.0,0.5,1500,306,0.037644,0.000155,87.07,99.52,9.15,4.01,3.13,1.17,98.6,1.09,0.68,1.31,0.94,0.97,0.5525,0.4439,0.0,8.83,0.0,89.34,100.0,100.0,75.65,86.75,95.75,3.61,22.27,59.1,0.3485,5.999,17.525,0.2,cuda,0.9237,0.9583,0.664,0.4756,98.41,82.59,0.9862,0.9577,anatomical,0.575,infer,24.0,1.8,0.2,trained4,6.891,0.2297,0.28,0.0,0.0184,ma_zerophase,5.0,,0.0105,4.7852
evaluate_epoch.csv,l10.1_phys0.5,deploy,1100,2026-09-18 23:15:05,transient,tfm_declip_cov_l10.1_anat,1.0,0.5,1500,306,0.037644,0.000266,87.07,99.05,9.15,5.67,3.13,0.99,97.7,1.87,0.7,1.56,0.93,1.2,0.5525,0.4614,0.0,8.83,0.0,89.34,100.0,100.0,64.97,73.31,87.66,0.0,0.03,14.49,0.3742,6.85,18.103,0.2283,cuda,0.8239,0.8721,1.452,0.4756,96.9,67.86,0.953,0.8784,anatomical,0.575,infer,24.0,1.8,0.2,trained4,5.655,0.1885,0.03,0.0,0.0208,ma_zerophase,5.0,,0.0107,5.0007
evaluate_epoch.csv,l10.1_phys0.5,deploy,1150,2026-09-18 23:17:11,transient,tfm_declip_cov_l10.1_anat,1.0,0.5,1500,306,0.037644,0.000182,87.07,99.49,9.15,4.95,3.13,1.31,98.3,1.05,0.69,1.26,0.97,0.92,0.5525,0.4355,0.0,8.83,0.0,89.34,100.0,100.0,77.74,87.27,95.74,7.66,24.58,58.97,0.3395,4.056,6.836,0.1352,cuda,0.9301,0.9609,0.627,0.4756,98.38,82.2,0.9867,0.9603,anatomical,0.575,infer,24.0,1.8,0.2,trained4,5.842,0.1947,0.19,0.0,0.0172,ma_zerophase,5.0,,0.0095,4.8014
evaluate_epoch.csv,l10.1_phys0.5,deploy,1200,2026-09-18 23:19:42,transient,tfm_declip_cov_l10.1_anat,1.0,0.5,1500,306,0.037644,0.000367,87.07,99.3,9.15,6.14,3.13,1.4,97.6,1.09,0.67,1.28,0.95,0.94,0.5525,0.4417,0.0,8.83,0.0,89.34,100.0,100.0,75.27,86.92,95.77,3.18,23.76,60.12,0.346,3.853,4.068,0.1284,cuda,0.9225,0.9571,0.675,0.4756,98.36,81.94,0.986,0.9574,anatomical,0.575,infer,24.0,1.8,0.2,trained4,6.611,0.2204,0.29,0.0,0.0207,ma_zerophase,5.0,,0.0103,4.7914
evaluate_epoch.csv,l10.1_phys0.5,deploy,1250,2026-09-18 23:22:04,transient,tfm_declip_cov_l10.1_anat,1.0,0.5,1500,306,0.037644,0.000358,87.07,99.39,9.15,6.39,3.13,1.49,97.7,0.95,0.69,1.22,0.97,0.89,0.5525,0.4352,0.0,8.83,0.0,89.34,100.0,100.0,80.55,89.18,96.3,13.94,31.42,63.3,0.3383,6.422,12.817,0.2141,cuda,0.9414,0.9678,0.542,0.4756,98.51,83.68,0.9893,0.9671,anatomical,0.575,infer,24.0,1.8,0.2,trained4,7.089,0.2363,0.31,0.0,0.0246,ma_zerophase,5.0,,0.0109,4.8346
evaluate_epoch.csv,l10.1_phys0.5,deploy,1300,2026-09-18 23:24:42,transient,tfm_declip_cov_l10.1_anat,1.0,0.5,1500,306,0.037644,0.000215,87.07,99.37,9.15,4.68,3.13,1.21,98.1,1.21,0.78,1.32,0.97,0.99,0.5525,0.4469,0.0,8.83,0.0,89.34,100.0,100.0,73.66,85.48,94.5,1.69,18.63,53.16,0.3536,7.231,18.924,0.241,cuda,0.9103,0.9454,0.792,0.4756,98.1,79.76,0.981,0.9466,anatomical,0.575,infer,24.0,1.8,0.2,trained4,6.965,0.2322,0.27,0.0,0.0361,ma_zerophase,5.0,,0.0112,4.843
evaluate_epoch.csv,l10.1_phys0.5,deploy,1350,2026-09-18 23:27:20,transient,tfm_declip_cov_l10.1_anat,1.0,0.5,1500,306,0.037644,0.00059,87.07,99.05,9.15,5.86,3.13,1.59,96.3,1.1,0.7,1.25,0.96,0.92,0.5525,0.443,0.0,8.83,0.0,89.34,100.0,100.0,75.45,86.12,95.38,5.69,21.38,57.4,0.3493,6.474,16.417,0.2158,cuda,0.9201,0.9541,0.69,0.4756,98.35,81.88,0.9849,0.9552,anatomical,0.575,infer,24.0,1.8,0.2,trained4,6.84,0.228,0.33,0.0,0.028,ma_zerophase,5.0,,0.0113,4.8668
evaluate_epoch.csv,l10.1_phys0.5,deploy,1400,2026-09-18 23:29:33,transient,tfm_declip_cov_l10.1_anat,1.0,0.5,1500,306,0.037644,0.000224,87.07,99.55,9.15,5.5,3.13,1.39,98.5,1.08,0.72,1.25,0.97,0.92,0.5525,0.4394,0.0,8.83,0.0,89.34,100.0,100.0,74.85,87.27,95.69,3.45,27.69,60.11,0.3456,7.238,19.009,0.2413,cuda,0.9241,0.9583,0.665,0.4756,98.43,83.0,0.9865,0.9589,anatomical,0.575,infer,24.0,1.8,0.2,trained4,5.721,0.1907,0.23,0.0,0.0183,ma_zerophase,5.0,,0.0098,4.8047
evaluate_epoch.csv,l10.1_phys0.5,deploy,1450,2026-09-18 23:31:47,transient,tfm_declip_cov_l10.1_anat,1.0,0.5,1500,306,0.037644,0.000601,87.07,99.18,9.15,6.0,3.13,1.64,96.7,1.58,0.68,1.47,0.93,1.13,0.5525,0.4478,0.0,8.83,0.0,89.34,100.0,100.0,66.22,75.79,91.87,0.0,0.21,33.14,0.3555,4.019,9.481,0.134,cuda,0.8518,0.9038,1.15,0.4756,97.62,73.81,0.9677,0.9097,anatomical,0.575,infer,24.0,1.8,0.2,trained4,6.014,0.2005,0.34,0.0,0.0261,ma_zerophase,5.0,,0.01,4.834
evaluate_epoch.csv,l10.1_phys0.5,deploy,1500,2026-09-18 23:34:00,transient,tfm_declip_cov_l10.1_anat,1.0,0.5,1500,306,0.037644,0.000317,87.07,99.18,9.15,5.84,3.13,0.96,98.1,0.97,0.68,1.23,1.02,0.9,0.5525,0.4339,0.0,8.83,0.0,89.34,100.0,100.0,79.45,89.24,96.37,9.39,31.36,64.61,0.3392,7.932,19.129,0.2644,cuda,0.9387,0.9669,0.575,0.4756,98.54,84.22,0.989,0.9661,anatomical,0.575,infer,24.0,1.8,0.2,trained4,5.773,0.1924,0.29,0.0,0.0173,ma_zerophase,5.0,,0.0097,4.7862
evaluate_epoch.csv,l10.1_phys0.5,deploy,1550,2026-09-23 20:55:37,transient,tfm_declip_cov_l10.1_anat,1.0,0.5,2500,306,0.037644,0.000359,87.07,99.35,9.15,6.08,3.13,1.48,97.6,0.92,0.68,1.19,0.97,0.87,0.5525,0.4335,0.0,8.83,0.0,89.34,100.0,100.0,81.31,89.41,96.35,16.51,33.45,63.69,0.3368,3.338,5.243,0.1113,cuda,0.944,0.9689,0.521,0.4756,98.6,84.64,0.9897,0.9683,anatomical,0.575,infer,24.0,1.8,0.2,trained4,7.442,0.2481,0.33,0.0,0.0216,ma_zerophase,5.0,,0.0116,4.7821
evaluate_epoch.csv,l10.1_phys0.5,deploy,1600,2026-09-23 20:58:24,transient,tfm_declip_cov_l10.1_anat,1.0,0.5,2500,306,0.037644,0.00012,87.07,99.48,9.15,3.51,3.13,1.04,98.7,0.89,0.7,1.18,1.01,0.86,0.5525,0.4344,0.0,8.83,0.0,89.34,100.0,100.0,82.76,90.27,96.6,19.5,36.8,66.15,0.3396,12.157,26.039,0.4052,cuda,0.9499,0.9728,0.482,0.4756,98.57,84.3,0.9907,0.9715,anatomical,0.575,infer,24.0,1.8,0.2,trained4,7.289,0.243,0.23,0.0,0.0276,ma_zerophase,5.0,,0.0118,4.8208
evaluate_epoch.csv,l10.1_phys0.5,deploy,1650,2026-09-23 21:01:03,transient,tfm_declip_cov_l10.1_anat,1.0,0.5,2500,306,0.037644,0.000105,87.07,99.59,9.15,3.73,3.13,1.13,98.8,1.11,0.73,1.26,0.98,0.94,0.5525,0.4386,0.0,8.83,0.0,89.34,100.0,100.0,76.46,86.61,95.44,7.27,24.76,58.4,0.3472,11.371,24.132,0.379,cuda,0.9208,0.9545,0.707,0.4756,98.39,82.78,0.9845,0.9541,anatomical,0.575,infer,24.0,1.8,0.2,trained4,5.901,0.1967,0.24,0.0,0.0295,ma_zerophase,5.0,,0.0105,4.8316
evaluate_epoch.csv,l10.1_phys0.5,deploy,1700,2026-09-23 21:03:22,transient,tfm_declip_cov_l10.1_anat,1.0,0.5,2500,306,0.037644,0.000156,87.07,99.56,9.15,4.21,3.13,1.19,98.7,1.01,0.69,1.24,0.96,0.91,0.5525,0.4359,0.0,8.83,0.0,89.34,100.0,100.0,77.73,88.94,96.2,5.25,31.92,62.78,0.343,11.755,24.861,0.3918,cuda,0.9341,0.9643,0.606,0.4756,98.55,84.27,0.9882,0.9636,anatomical,0.575,infer,24.0,1.8,0.2,trained4,5.972,0.1991,0.23,0.0,0.0171,ma_zerophase,5.0,,0.0106,4.7968
evaluate_epoch.csv,l10.1_phys0.5,deploy,1750,2026-09-23 21:05:42,transient,tfm_declip_cov_l10.1_anat,1.0,0.5,2500,306,0.037644,0.000182,87.07,99.5,9.15,4.16,3.13,1.25,98.5,0.95,0.66,1.21,0.96,0.89,0.5525,0.4318,0.0,8.83,0.0,89.34,100.0,100.0,80.0,89.07,96.4,10.25,29.96,64.8,0.3375,10.987,24.403,0.3662,cuda,0.9398,0.9672,0.559,0.4756,98.59,84.9,0.9891,0.9667,anatomical,0.575,infer,24.0,1.8,0.2,trained4,5.917,0.1972,0.16,0.0,0.0147,ma_zerophase,5.0,,0.0104,4.7974
evaluate_epoch.csv,l10.1_phys0.5,deploy,1800,2026-09-23 21:07:59,transient,tfm_declip_cov_l10.1_anat,1.0,0.5,2500,306,0.037644,0.000111,87.07,99.55,9.15,4.61,3.13,0.98,98.9,0.9,0.65,1.18,0.98,0.87,0.5525,0.4301,0.0,8.83,0.0,89.34,100.0,100.0,80.88,90.02,96.69,13.7,33.73,66.3,0.3341,9.563,24.696,0.3188,cuda,0.9449,0.9706,0.519,0.4756,98.64,85.07,0.9903,0.9698,anatomical,0.575,infer,24.0,1.8,0.2,trained4,6.199,0.2066,0.2,0.0,0.0156,ma_zerophase,5.0,,0.0104,4.8029
evaluate_epoch.csv,l10.1_phys0.5,deploy,1850,2026-09-23 21:10:14,transient,tfm_declip_cov_l10.1_anat,1.0,0.5,2500,306,0.037644,0.000167,87.07,99.68,9.15,5.68,3.13,1.28,99.0,1.1,0.72,1.24,0.98,0.93,0.5525,0.4349,0.0,8.83,0.0,89.34,100.0,100.0,74.23,86.66,95.61,0.35,22.39,60.26,0.3443,2.672,5.016,0.0891,cuda,0.9173,0.9536,0.712,0.4756,98.37,83.08,0.9847,0.9549,anatomical,0.575,infer,24.0,1.8,0.2,trained4,6.266,0.2089,0.17,0.0,0.0187,ma_zerophase,5.0,,0.0105,4.8482
evaluate_epoch.csv,l10.1_phys0.5,deploy,1900,2026-09-23 21:12:35,transient,tfm_declip_cov_l10.1_anat,1.0,0.5,2500,306,0.037644,0.000367,87.07,99.27,9.15,5.61,3.13,1.39,97.5,0.85,0.68,1.17,1.0,0.85,0.5525,0.4277,0.0,8.83,0.0,89.34,100.0,100.0,83.38,90.7,96.66,20.85,38.3,66.35,0.3323,7.456,20.519,0.2485,cuda,0.9519,0.9737,0.463,0.4756,98.61,84.85,0.991,0.9724,anatomical,0.575,infer,24.0,1.8,0.2,trained4,6.419,0.214,0.26,0.0,0.0165,ma_zerophase,5.0,,0.0114,4.8036
evaluate_epoch.csv,l10.1_phys0.5,deploy,1950,2026-09-23 21:14:52,transient,tfm_declip_cov_l10.1_anat,1.0,0.5,2500,306,0.037644,0.000227,87.07,99.62,9.15,5.42,3.13,1.58,98.5,0.97,0.73,1.19,0.98,0.88,0.5525,0.4359,0.0,8.83,0.0,89.34,100.0,100.0,80.52,89.18,96.14,14.28,31.81,63.43,0.343,2.475,4.657,0.0825,cuda,0.939,0.9656,0.576,0.4756,98.46,83.66,0.9882,0.9652,anatomical,0.575,infer,24.0,1.8,0.2,trained4,6.093,0.2031,0.14,0.0,0.0185,ma_zerophase,5.0,,0.0101,4.821
evaluate_epoch.csv,l10.1_phys0.5,deploy,2000,2026-09-23 21:17:13,transient,tfm_declip_cov_l10.1_anat,1.0,0.5,2500,306,0.037644,0.000329,87.07,99.41,9.15,5.93,3.13,1.5,97.8,1.08,0.66,1.23,0.94,0.92,0.5525,0.4338,0.0,8.83,0.0,89.34,100.0,100.0,76.83,86.48,95.38,7.36,21.31,55.82,0.3402,9.273,23.863,0.3091,cuda,0.9208,0.9534,0.682,0.4756,98.39,82.49,0.9845,0.9545,anatomical,0.575,infer,24.0,1.8,0.2,trained4,6.071,0.2024,0.14,0.0,0.0125,ma_zerophase,5.0,,0.0111,4.857
evaluate_epoch.csv,l10.1_phys0.5,deploy,2050,2026-09-23 21:19:31,transient,tfm_declip_cov_l10.1_anat,1.0,0.5,2500,306,0.037644,0.000146,87.07,99.67,9.15,4.81,3.13,1.41,98.9,0.87,0.71,1.15,0.98,0.85,0.5525,0.4299,0.0,8.83,0.0,89.34,100.0,100.0,82.83,90.23,96.54,20.7,37.48,66.45,0.3367,3.256,9.268,0.1085,cuda,0.9492,0.9717,0.485,0.4756,98.61,85.17,0.9902,0.9706,anatomical,0.575,infer,24.0,1.8,0.2,trained4,6.073,0.2024,0.12,0.0,0.016,ma_zerophase,5.0,,0.0103,4.8553
evaluate_epoch.csv,l10.1_phys0.5,deploy,2100,2026-09-23 21:21:50,transient,tfm_declip_cov_l10.1_anat,1.0,0.5,2500,306,0.037644,9.5e-05,87.07,99.52,9.15,3.57,3.13,1.0,98.8,0.82,0.68,1.14,0.99,0.84,0.5525,0.4263,0.0,8.83,0.0,89.34,100.0,100.0,84.5,91.1,96.79,25.75,40.82,67.57,0.3325,11.832,24.153,0.3944,cuda,0.9552,0.9754,0.434,0.4756,98.68,85.6,0.9914,0.9739,anatomical,0.575,infer,24.0,1.8,0.2,trained4,6.12,0.204,0.26,0.0,0.0169,ma_zerophase,5.0,,0.0106,4.8177
evaluate_epoch.csv,l10.1_phys0.5,deploy,2150,2026-09-23 21:24:11,transient,tfm_declip_cov_l10.1_anat,1.0,0.5,2500,306,0.037644,0.000114,87.07,99.75,9.15,3.5,3.13,1.32,99.2,0.9,0.69,1.18,0.97,0.87,0.5525,0.4289,0.0,8.83,0.0,89.34,100.0,100.0,81.9,90.0,96.58,18.56,35.6,66.1,0.3365,12.531,25.161,0.4177,cuda,0.9459,0.9705,0.511,0.4756,98.65,85.69,0.9901,0.9695,anatomical,0.575,infer,24.0,1.8,0.2,trained4,6.044,0.2015,0.14,0.0,0.0133,ma_zerophase,5.0,,0.0106,4.8195
evaluate_epoch.csv,l10.1_phys0.5,deploy,2200,2026-09-23 21:26:26,transient,tfm_declip_cov_l10.1_anat,1.0,0.5,2500,306,0.037644,0.000239,87.07,99.48,9.15,5.3,3.13,1.23,98.4,0.81,0.69,1.12,0.99,0.82,0.5525,0.4247,0.0,8.83,0.0,89.34,100.0,100.0,84.58,91.1,96.82,26.55,40.58,68.06,0.3306,2.645,4.904,0.0882,cuda,0.9555,0.9755,0.43,0.4756,98.64,85.44,0.9916,0.9741,anatomical,0.575,infer,24.0,1.8,0.2,trained4,6.228,0.2076,0.26,0.0,0.0138,ma_zerophase,5.0,,0.0103,4.8306
evaluate_epoch.csv,l10.1_phys0.5,deploy,2250,2026-09-23 21:28:38,transient,tfm_declip_cov_l10.1_anat,1.0,0.5,2500,306,0.037644,0.000253,87.07,99.59,9.15,5.08,3.13,1.63,98.3,0.94,0.66,1.17,0.96,0.87,0.5525,0.4279,0.0,8.83,0.0,89.34,100.0,100.0,80.06,89.63,96.57,10.42,31.24,65.85,0.3351,2.481,4.854,0.0827,cuda,0.9404,0.9681,0.555,0.4756,98.61,85.02,0.9895,0.9676,anatomical,0.575,infer,24.0,1.8,0.2,trained4,5.977,0.1992,0.21,0.0,0.0161,ma_zerophase,5.0,,0.0101,4.807
evaluate_epoch.csv,l10.1_phys0.5,deploy,2300,2026-09-23 21:30:52,transient,tfm_declip_cov_l10.1_anat,1.0,0.5,2500,306,0.037644,0.000109,87.07,99.67,9.15,4.2,3.13,1.24,99.0,0.83,0.68,1.13,0.98,0.83,0.5525,0.4251,0.0,8.83,0.0,89.34,100.0,100.0,83.49,90.62,96.81,21.85,37.71,67.71,0.3327,2.437,4.736,0.0812,cuda,0.9525,0.974,0.45,0.4756,98.69,86.01,0.9912,0.9727,anatomical,0.575,infer,24.0,1.8,0.2,trained4,6.104,0.2035,0.29,0.0,0.0152,ma_zerophase,5.0,,0.0099,4.8129
evaluate_epoch.csv,l10.1_phys0.5,deploy,2350,2026-09-23 21:33:03,transient,tfm_declip_cov_l10.1_anat,1.0,0.5,2500,306,0.037644,0.000201,87.07,99.63,9.15,5.32,3.13,1.36,98.8,0.97,0.64,1.19,0.97,0.9,0.5525,0.4299,0.0,8.83,0.0,89.34,100.0,100.0,75.51,89.54,96.68,0.1,34.6,67.02,0.3376,2.375,4.827,0.0792,cuda,0.9315,0.9649,0.603,0.4756,98.64,85.69,0.9889,0.9652,anatomical,0.575,infer,24.0,1.8,0.2,trained4,5.956,0.1985,0.23,0.0,0.0184,ma_zerophase,5.0,,0.0098,4.8351
evaluate_epoch.csv,l10.1_phys0.5,deploy,2400,2026-09-23 21:35:18,transient,tfm_declip_cov_l10.1_anat,1.0,0.5,2500,306,0.037644,0.000119,87.07,99.72,9.15,4.36,3.13,1.13,99.2,0.82,0.71,1.13,0.99,0.83,0.5525,0.4264,0.0,8.83,0.0,89.34,100.0,100.0,84.16,90.93,96.76,24.99,40.01,68.01,0.3341,9.729,24.959,0.3243,cuda,0.9543,0.9746,0.441,0.4756,98.67,85.75,0.9912,0.9732,anatomical,0.575,infer,24.0,1.8,0.2,trained4,5.881,0.196,0.17,0.0,0.0168,ma_zerophase,5.0,,0.0106,4.8327
evaluate_epoch.csv,l10.1_phys0.5,deploy,2450,2026-09-23 21:37:31,transient,tfm_declip_cov_l10.1_anat,1.0,0.5,2500,306,0.037644,0.000155,87.07,99.64,9.15,4.47,3.13,1.25,98.9,0.82,0.7,1.12,0.99,0.83,0.5525,0.4244,0.0,8.83,0.0,89.34,100.0,100.0,84.27,90.97,96.79,24.76,40.14,68.01,0.3331,2.468,4.746,0.0823,cuda,0.9545,0.9748,0.443,0.4756,98.63,85.49,0.9912,0.9735,anatomical,0.575,infer,24.0,1.8,0.2,trained4,6.066,0.2022,0.17,0.0,0.0097,ma_zerophase,5.0,,0.0101,4.8315
evaluate_epoch.csv,l10.1_phys0.5,deploy,2500,2026-09-23 21:39:43,transient,tfm_declip_cov_l10.1_anat,1.0,0.5,2500,306,0.037644,0.000166,87.07,99.65,9.15,4.96,3.13,1.32,98.9,0.81,0.7,1.12,1.0,0.83,0.5525,0.4249,0.0,8.83,0.0,89.34,100.0,100.0,84.56,91.18,96.81,26.7,40.57,68.26,0.3328,2.428,4.601,0.0809,cuda,0.9561,0.9759,0.423,0.4756,98.64,85.25,0.9916,0.9743,anatomical,0.575,infer,24.0,1.8,0.2,trained4,5.94,0.198,0.13,0.0,0.0086,ma_zerophase,5.0,,0.0101,4.8399
evaluate_epoch.csv,l10.1_phys0.5,deploy,2550,2026-09-24 17:02:29,transient,tfm_declip_cov_l10.1_anat,1.0,0.5,3000,306,0.037644,0.00021,87.07,99.56,9.15,4.89,3.13,1.29,98.6,0.79,0.68,1.11,0.99,0.82,0.5525,0.4242,0.0,8.83,0.0,89.34,100.0,100.0,84.91,91.29,96.88,26.87,41.36,68.74,0.3319,3.592,3.836,0.1197,cuda,0.9566,0.9762,0.42,0.4756,98.71,86.1,0.9918,0.9747,anatomical,0.575,infer,24.0,1.8,0.2,trained4,5.892,0.1964,0.15,0.0,0.0102,ma_zerophase,5.0,,0.009,4.8671
evaluate_epoch.csv,l10.1_phys0.5,deploy,2600,2026-09-24 17:04:40,transient,tfm_declip_cov_l10.1_anat,1.0,0.5,3000,306,0.037644,0.000213,87.07,99.63,9.15,4.95,3.13,1.51,98.6,0.81,0.71,1.11,0.99,0.82,0.5525,0.4252,0.0,8.83,0.0,89.34,100.0,100.0,84.75,91.31,96.8,27.24,41.8,68.75,0.333,3.547,3.817,0.1182,cuda,0.9559,0.9754,0.432,0.4756,98.64,85.71,0.9913,0.9739,anatomical,0.575,infer,24.0,1.8,0.2,trained4,5.909,0.197,0.21,0.0,0.0106,ma_zerophase,5.0,,0.0091,4.8558
evaluate_epoch.csv,l10.1_phys0.5,deploy,2650,2026-09-24 17:06:50,transient,tfm_declip_cov_l10.1_anat,1.0,0.5,3000,306,0.037644,0.000224,87.07,99.62,9.15,5.13,3.13,1.45,98.6,0.79,0.7,1.11,0.99,0.82,0.5525,0.4254,0.0,8.83,0.0,89.34,100.0,100.0,85.05,91.34,96.85,28.25,41.78,68.86,0.3334,3.58,3.805,0.1193,cuda,0.9568,0.9759,0.418,0.4756,98.68,85.82,0.9915,0.9744,anatomical,0.575,infer,24.0,1.8,0.2,trained4,5.609,0.187,0.1,0.0,0.0166,ma_zerophase,5.0,,0.0089,4.85
evaluate_epoch.csv,l10.1_phys0.5,deploy,2700,2026-09-24 17:09:00,transient,tfm_declip_cov_l10.1_anat,1.0,0.5,3000,306,0.037644,0.000163,87.07,99.65,9.15,4.16,3.13,1.35,98.8,0.81,0.72,1.11,0.99,0.83,0.5525,0.4256,0.0,8.83,0.0,89.34,100.0,100.0,84.27,90.82,96.69,26.7,40.76,68.0,0.3345,3.561,3.818,0.1187,cuda,0.9536,0.9738,0.441,0.4756,98.67,85.72,0.9909,0.9725,anatomical,0.575,infer,24.0,1.8,0.2,trained4,5.736,0.1912,0.12,0.0,0.0089,ma_zerophase,5.0,,0.009,4.8507
evaluate_epoch.csv,l10.1_phys0.5,deploy,2750,2026-09-24 17:11:11,transient,tfm_declip_cov_l10.1_anat,1.0,0.5,3000,306,0.037644,0.00021,87.07,99.56,9.15,4.85,3.13,1.53,98.4,0.82,0.67,1.14,0.98,0.85,0.5525,0.4247,0.0,8.83,0.0,89.34,100.0,100.0,84.02,90.98,96.71,20.78,38.9,66.18,0.3339,3.55,3.813,0.1183,cuda,0.9541,0.9749,0.444,0.4756,98.68,85.8,0.9912,0.9732,anatomical,0.575,infer,24.0,1.8,0.2,trained4,5.838,0.1946,0.17,0.0,0.0152,ma_zerophase,5.0,,0.009,4.8339
evaluate_epoch.csv,l10.1_phys0.5,deploy,2800,2026-09-24 17:13:22,transient,tfm_declip_cov_l10.1_anat,1.0,0.5,3000,306,0.037644,0.000179,87.07,99.75,9.15,4.87,3.13,1.74,98.9,1.02,0.69,1.21,0.97,0.91,0.5525,0.4293,0.0,8.83,0.0,89.34,100.0,100.0,75.09,88.2,96.12,1.37,29.8,63.17,0.3392,3.585,3.824,0.1195,cuda,0.9263,0.9597,0.65,0.4756,98.51,84.37,0.9867,0.9603,anatomical,0.575,infer,24.0,1.8,0.2,trained4,5.765,0.1922,0.19,0.0,0.015,ma_zerophase,5.0,,0.009,4.8896
evaluate_epoch.csv,l10.1_phys0.5,deploy,2850,2026-09-24 17:15:34,transient,tfm_declip_cov_l10.1_anat,1.0,0.5,3000,306,0.037644,0.000253,87.07,99.5,9.15,4.28,3.13,1.44,98.2,0.8,0.68,1.15,0.99,0.86,0.5525,0.4242,0.0,8.83,0.0,89.34,100.0,100.0,84.71,91.27,96.81,25.94,41.32,68.22,0.3326,3.577,3.825,0.1192,cuda,0.9558,0.9756,0.433,0.4756,98.66,85.56,0.9913,0.9739,anatomical,0.575,infer,24.0,1.8,0.2,trained4,5.933,0.1978,0.21,0.0,0.0121,ma_zerophase,5.0,,0.009,4.8465
evaluate_epoch.csv,l10.1_phys0.5,deploy,2900,2026-09-24 17:17:53,transient,tfm_declip_cov_l10.1_anat,1.0,0.5,3000,306,0.037644,0.00013,87.07,99.64,9.15,3.73,3.13,1.19,98.9,0.79,0.68,1.12,1.0,0.83,0.5525,0.4244,0.0,8.83,0.0,89.34,100.0,100.0,85.1,91.35,96.79,27.09,41.58,67.92,0.3329,3.556,3.822,0.1185,cuda,0.9576,0.9765,0.415,0.4756,98.68,85.86,0.9916,0.9747,anatomical,0.575,infer,24.0,1.8,0.2,trained4,6.089,0.203,0.1,0.0,0.0112,ma_zerophase,5.0,,0.0095,4.8221
evaluate_epoch.csv,l10.1_phys0.5,deploy,2950,2026-09-24 17:20:13,transient,tfm_declip_cov_l10.1_anat,1.0,0.5,3000,306,0.037644,0.000153,87.07,99.71,9.15,4.18,3.13,1.47,98.9,0.8,0.7,1.11,0.99,0.82,0.5525,0.4254,0.0,8.83,0.0,89.34,100.0,100.0,84.6,91.07,96.82,27.17,41.41,68.76,0.3343,3.655,3.83,0.1218,cuda,0.9553,0.9752,0.436,0.4756,98.65,85.88,0.9912,0.9738,anatomical,0.575,infer,24.0,1.8,0.2,trained4,6.11,0.2037,0.15,0.0,0.0083,ma_zerophase,5.0,,0.0094,4.8481
evaluate_epoch.csv,l10.1_phys0.5,deploy,3000,2026-09-24 17:22:32,transient,tfm_declip_cov_l10.1_anat,1.0,0.5,3000,306,0.037644,0.00022,87.07,99.64,9.15,4.65,3.13,1.54,98.6,0.75,0.67,1.09,0.99,0.81,0.5525,0.4224,0.0,8.83,0.0,89.34,100.0,100.0,85.7,91.8,97.06,29.51,43.54,70.19,0.3306,3.617,3.832,0.1206,cuda,0.96,0.9782,0.387,0.4756,98.74,86.43,0.9924,0.9764,anatomical,0.575,infer,24.0,1.8,0.2,trained4,6.347,0.2116,0.26,0.0,0.0129,ma_zerophase,5.0,,0.0094,4.8671
evaluate_epoch.csv,l10.1_phys0.5,deploy,3050,2026-09-27 12:04:13,transient,tfm_declip_cov_l10.1_anat,1.0,0.5,4000,306,0.037644,0.000184,87.07,99.68,9.15,4.37,3.13,1.55,98.8,0.76,0.68,1.1,0.99,0.81,0.5525,0.4231,0.0,8.83,0.0,89.34,100.0,100.0,85.41,91.59,96.94,28.75,42.9,69.22,0.3321,3.63,3.969,0.121,cuda,0.9582,0.9768,0.403,0.4756,98.72,86.34,0.9918,0.9752,anatomical,0.575,infer,24.0,1.8,0.2,trained4,5.282,0.1761,0.16,0.0,0.0109,ma_zerophase,5.0,,0.0083,4.8301
evaluate_epoch.csv,l10.1_phys0.5,deploy,3100,2026-09-27 12:06:12,transient,tfm_declip_cov_l10.1_anat,1.0,0.5,4000,306,0.037644,6.1e-05,87.07,99.8,9.15,3.45,3.13,1.24,99.4,0.78,0.69,1.1,0.99,0.82,0.5525,0.4226,0.0,8.83,0.0,89.34,100.0,100.0,85.06,91.3,96.87,28.22,42.06,68.91,0.3321,3.479,3.52,0.116,cuda,0.9571,0.9761,0.411,0.4756,98.71,86.09,0.9916,0.9745,anatomical,0.575,infer,24.0,1.8,0.2,trained4,5.156,0.1719,0.13,0.0,0.008,ma_zerophase,5.0,,0.0082,4.8177
evaluate_epoch.csv,l10.1_phys0.5,deploy,3150,2026-09-27 12:08:12,transient,tfm_declip_cov_l10.1_anat,1.0,0.5,4000,306,0.037644,0.00012,87.07,99.71,9.15,3.57,3.13,1.45,98.9,0.79,0.68,1.1,0.98,0.82,0.5525,0.4228,0.0,8.83,0.0,89.34,100.0,100.0,84.82,91.36,96.87,26.09,41.73,68.64,0.3323,3.506,3.797,0.1169,cuda,0.9568,0.976,0.425,0.4756,98.72,86.39,0.9915,0.9745,anatomical,0.575,infer,24.0,1.8,0.2,trained4,5.118,0.1706,0.12,0.0,0.0101,ma_zerophase,5.0,,0.0082,4.8238
evaluate_epoch.csv,l10.1_phys0.5,deploy,3200,2026-09-27 12:10:10,transient,tfm_declip_cov_l10.1_anat,1.0,0.5,4000,306,0.037644,0.000135,87.07,99.72,9.15,4.43,3.13,1.36,99.0,0.76,0.69,1.1,1.0,0.82,0.5525,0.4241,0.0,8.83,0.0,89.34,100.0,100.0,85.42,91.5,96.9,29.04,42.72,69.24,0.334,3.484,3.539,0.1161,cuda,0.9584,0.9767,0.402,0.4756,98.72,86.22,0.9918,0.9751,anatomical,0.575,infer,24.0,1.8,0.2,trained4,5.009,0.167,0.08,0.0,0.0117,ma_zerophase,5.0,,0.0082,4.8178
evaluate_epoch.csv,l10.1_phys0.5,deploy,3250,2026-09-27 12:12:08,transient,tfm_declip_cov_l10.1_anat,1.0,0.5,4000,306,0.037644,0.000148,87.07,99.64,9.15,3.8,3.13,1.34,98.8,0.75,0.67,1.09,0.99,0.81,0.5525,0.4222,0.0,8.83,0.0,89.34,100.0,100.0,85.55,91.62,96.97,28.89,43.17,69.51,0.332,3.479,3.518,0.116,cuda,0.959,0.9774,0.395,0.4756,98.78,86.91,0.9921,0.9757,anatomical,0.575,infer,24.0,1.8,0.2,trained4,5.107,0.1702,0.13,0.0,0.0106,ma_zerophase,5.0,,0.0081,4.8239
evaluate_epoch.csv,l10.1_phys0.5,deploy,3300,2026-09-27 12:14:06,transient,tfm_declip_cov_l10.1_anat,1.0,0.5,4000,306,0.037644,0.000121,87.07,99.68,9.15,3.61,3.13,1.33,99.0,0.81,0.73,1.11,1.0,0.82,0.5525,0.4255,0.0,8.83,0.0,89.34,100.0,100.0,85.02,91.11,96.59,28.66,41.74,67.72,0.3354,3.508,3.782,0.1169,cuda,0.9552,0.9741,0.442,0.4756,98.59,85.34,0.9905,0.9726,anatomical,0.575,infer,24.0,1.8,0.2,trained4,5.135,0.1712,0.09,0.0,0.0103,ma_zerophase,5.0,,0.0083,4.8157
evaluate_epoch.csv,l10.1_phys0.5,deploy,3350,2026-09-27 12:16:05,transient,tfm_declip_cov_l10.1_anat,1.0,0.5,4000,306,0.037644,0.000182,87.07,99.71,9.15,4.76,3.13,1.56,98.9,0.76,0.68,1.09,0.99,0.81,0.5525,0.4217,0.0,8.83,0.0,89.34,100.0,100.0,85.61,91.68,97.0,29.92,43.52,69.67,0.3311,3.488,3.548,0.1163,cuda,0.9591,0.9775,0.394,0.4756,98.75,86.54,0.9921,0.9757,anatomical,0.575,infer,24.0,1.8,0.2,trained4,5.171,0.1724,0.15,0.0,0.0132,ma_zerophase,5.0,,0.0082,4.8324
evaluate_epoch.csv,l10.1_phys0.5,deploy,3400,2026-09-27 12:18:04,transient,tfm_declip_cov_l10.1_anat,1.0,0.5,4000,306,0.037644,0.000104,87.07,99.66,9.15,4.27,3.13,1.09,99.1,0.77,0.69,1.1,1.0,0.82,0.5525,0.4227,0.0,8.83,0.0,89.34,100.0,100.0,85.3,91.4,96.85,29.34,42.59,69.04,0.3323,3.476,3.531,0.1159,cuda,0.9578,0.9764,0.405,0.4756,98.7,85.89,0.9917,0.9748,anatomical,0.575,infer,24.0,1.8,0.2,trained4,5.171,0.1724,0.09,0.0,0.0092,ma_zerophase,5.0,,0.0083,4.8335
evaluate_epoch.csv,l10.1_phys0.5,deploy,3450,2026-09-27 12:20:02,transient,tfm_declip_cov_l10.1_anat,1.0,0.5,4000,306,0.037644,0.000134,87.07,99.73,9.15,4.21,3.13,1.37,99.1,0.77,0.68,1.1,0.99,0.82,0.5525,0.422,0.0,8.83,0.0,89.34,100.0,100.0,85.35,91.56,96.92,28.28,42.68,69.34,0.3323,3.496,3.781,0.1165,cuda,0.9581,0.9767,0.411,0.4756,98.75,86.45,0.9918,0.975,anatomical,0.575,infer,24.0,1.8,0.2,trained4,5.148,0.1716,0.11,0.0,0.0131,ma_zerophase,5.0,,0.0083,4.8335
evaluate_epoch.csv,l10.1_phys0.5,deploy,3500,2026-09-27 12:22:00,transient,tfm_declip_cov_l10.1_anat,1.0,0.5,4000,306,0.037644,0.00017,87.07,99.68,9.15,4.31,3.13,1.45,98.9,0.76,0.67,1.1,0.99,0.82,0.5525,0.4218,0.0,8.83,0.0,89.34,100.0,100.0,85.67,91.67,97.0,29.64,43.38,69.49,0.3315,3.478,3.555,0.1159,cuda,0.9587,0.9773,0.403,0.4756,98.75,86.72,0.992,0.9755,anatomical,0.575,infer,24.0,1.8,0.2,trained4,5.281,0.176,0.2,0.0,0.016,ma_zerophase,5.0,,0.0083,4.822
evaluate_epoch.csv,l10.1_phys0.5,deploy,3550,2026-09-27 12:23:59,transient,tfm_declip_cov_l10.1_anat,1.0,0.5,4000,306,0.037644,8.7e-05,87.07,99.66,9.15,3.32,3.13,0.99,99.2,0.76,0.67,1.09,0.99,0.81,0.5525,0.4217,0.0,8.83,0.0,89.34,100.0,100.0,85.42,91.55,96.96,29.17,42.82,69.2,0.3319,3.497,3.549,0.1166,cuda,0.9588,0.9774,0.398,0.4756,98.77,86.61,0.9921,0.9757,anatomical,0.575,infer,24.0,1.8,0.2,trained4,5.081,0.1694,0.1,0.0,0.0143,ma_zerophase,5.0,,0.0082,4.8077
evaluate_epoch.csv,l10.1_phys0.5,deploy,3600,2026-09-27 12:25:57,transient,tfm_declip_cov_l10.1_anat,1.0,0.5,4000,306,0.037644,0.000123,87.07,99.71,9.15,3.81,3.13,1.38,99.0,0.81,0.65,1.1,0.98,0.83,0.5525,0.4225,0.0,8.83,0.0,89.34,100.0,100.0,84.19,91.21,96.93,22.61,39.72,69.0,0.3321,3.496,3.797,0.1165,cuda,0.9542,0.9754,0.452,0.4756,98.75,86.58,0.9916,0.9741,anatomical,0.575,infer,24.0,1.8,0.2,trained4,5.228,0.1743,0.19,0.0,0.0121,ma_zerophase,5.0,,0.0083,4.8184
evaluate_epoch.csv,l10.1_phys0.5,deploy,3650,2026-09-27 12:27:55,transient,tfm_declip_cov_l10.1_anat,1.0,0.5,4000,306,0.037644,7.1e-05,87.07,99.74,9.15,4.01,3.13,1.04,99.3,0.75,0.68,1.09,1.0,0.81,0.5525,0.4215,0.0,8.83,0.0,89.34,100.0,100.0,85.72,91.7,97.01,29.6,43.62,69.76,0.3316,3.484,3.553,0.1161,cuda,0.9595,0.9777,0.389,0.4756,98.77,86.49,0.9922,0.976,anatomical,0.575,infer,24.0,1.8,0.2,trained4,5.059,0.1686,0.19,0.0,0.0149,ma_zerophase,5.0,,0.0081,4.8278
evaluate_epoch.csv,l10.1_phys0.5,deploy,3700,2026-09-27 12:29:53,transient,tfm_declip_cov_l10.1_anat,1.0,0.5,4000,306,0.037644,0.000104,87.07,99.74,9.15,4.38,3.13,1.17,99.2,0.79,0.71,1.09,1.0,0.82,0.5525,0.4235,0.0,8.83,0.0,89.34,100.0,100.0,84.88,91.17,96.76,29.02,41.95,68.56,0.334,3.49,3.551,0.1163,cuda,0.9559,0.9751,0.421,0.4756,98.64,85.59,0.9911,0.9736,anatomical,0.575,infer,24.0,1.8,0.2,trained4,5.062,0.1687,0.12,0.0,0.0069,ma_zerophase,5.0,,0.0082,4.8341
evaluate_epoch.csv,l10.1_phys0.5,deploy,3750,2026-09-27 12:31:52,transient,tfm_declip_cov_l10.1_anat,1.0,0.5,4000,306,0.037644,0.000157,87.07,99.71,9.15,4.53,3.13,1.5,98.9,0.76,0.67,1.09,1.0,0.82,0.5525,0.4221,0.0,8.83,0.0,89.34,100.0,100.0,85.41,91.57,96.92,28.06,42.64,69.14,0.3323,3.507,3.573,0.1169,cuda,0.9586,0.9771,0.4,0.4756,98.74,86.25,0.9919,0.9754,anatomical,0.575,infer,24.0,1.8,0.2,trained4,5.139,0.1713,0.1,0.0,0.0141,ma_zerophase,5.0,,0.0083,4.8236
evaluate_epoch.csv,l10.1_phys0.5,deploy,3800,2026-09-27 12:33:49,transient,tfm_declip_cov_l10.1_anat,1.0,0.5,4000,306,0.037644,0.000191,87.07,99.62,9.15,4.37,3.13,1.4,98.7,0.74,0.67,1.09,1.0,0.81,0.5525,0.4212,0.0,8.83,0.0,89.34,100.0,100.0,85.85,91.79,97.06,30.17,44.03,70.24,0.3305,3.472,3.546,0.1157,cuda,0.9602,0.9781,0.381,0.4756,98.78,86.72,0.9923,0.9764,anatomical,0.575,infer,24.0,1.8,0.2,trained4,5.087,0.1696,0.13,0.0,0.0143,ma_zerophase,5.0,,0.0081,4.816
evaluate_epoch.csv,l10.1_phys0.5,deploy,3850,2026-09-27 12:35:49,transient,tfm_declip_cov_l10.1_anat,1.0,0.5,4000,306,0.037644,9.6e-05,87.07,99.78,9.15,3.81,3.13,1.3,99.3,0.74,0.67,1.08,0.99,0.81,0.5525,0.421,0.0,8.83,0.0,89.34,100.0,100.0,85.75,91.78,97.02,29.83,43.82,69.8,0.3308,3.531,3.86,0.1177,cuda,0.9598,0.9779,0.387,0.4756,98.78,86.86,0.9923,0.9762,anatomical,0.575,infer,24.0,1.8,0.2,trained4,5.283,0.1761,0.09,0.0,0.0152,ma_zerophase,5.0,,0.0086,4.8163
evaluate_epoch.csv,l10.1_phys0.5,deploy,3900,2026-09-27 12:37:48,transient,tfm_declip_cov_l10.1_anat,1.0,0.5,4000,306,0.037644,7.8e-05,87.07,99.76,9.15,3.17,3.13,1.17,99.3,0.75,0.67,1.09,0.99,0.81,0.5525,0.4206,0.0,8.83,0.0,89.34,100.0,100.0,85.8,91.79,97.02,29.54,43.66,69.84,0.3302,3.475,3.542,0.1158,cuda,0.96,0.9781,0.387,0.4756,98.78,86.69,0.9923,0.9763,anatomical,0.575,infer,24.0,1.8,0.2,trained4,5.211,0.1737,0.12,0.0,0.0131,ma_zerophase,5.0,,0.0082,4.8117
evaluate_epoch.csv,l10.1_phys0.5,deploy,3950,2026-09-27 12:39:46,transient,tfm_declip_cov_l10.1_anat,1.0,0.5,4000,306,0.037644,7.3e-05,87.07,99.75,9.15,4.37,3.13,0.99,99.4,0.75,0.68,1.08,0.99,0.81,0.5525,0.4212,0.0,8.83,0.0,89.34,100.0,100.0,85.62,91.67,96.96,29.62,43.51,69.56,0.331,3.484,3.551,0.1161,cuda,0.9593,0.9775,0.392,0.4756,98.76,86.56,0.9921,0.9758,anatomical,0.575,infer,24.0,1.8,0.2,trained4,5.091,0.1697,0.12,0.0,0.0081,ma_zerophase,5.0,,0.0082,4.8202
evaluate_epoch.csv,l10.1_phys0.5,deploy,4000,2026-09-27 12:41:45,transient,tfm_declip_cov_l10.1_anat,1.0,0.5,4000,306,0.037644,7.5e-05,87.07,99.79,9.15,3.4,3.13,1.09,99.4,0.84,0.67,1.13,0.98,0.85,0.5525,0.4232,0.0,8.83,0.0,89.34,100.0,100.0,84.32,90.96,96.75,27.18,41.07,67.76,0.3338,3.482,3.551,0.1161,cuda,0.9518,0.9735,0.478,0.4756,98.7,86.06,0.9909,0.9723,anatomical,0.575,infer,24.0,1.8,0.2,trained4,5.044,0.1681,0.05,0.0,0.0087,ma_zerophase,5.0,,0.0082,4.8127
evaluate_epoch.csv,l10.1_phys0.5,deploy,20,2026-09-11 21:56:08,persistent,tfm_declip_cov_l10.1_anat,1.0,0.5,500,306,0.197823,0.001668,23.78,96.39,9.09,6.72,3.23,1.61,97.6,9.86,1.42,8.87,1.39,7.87,0.5042,0.5936,0.0,8.92,0.0,23.65,100.0,100.0,,,,,,,0.5861,3.134,6.623,0.1045,cuda,0.533,0.5493,8.83,0.4756,,,0.6303,0.4962,anatomical,0.575,infer,24.0,1.8,0.2,trained4,13.394,0.4465,1.34,0.0,0.0339,ma_zerophase,5.0,,0.0122,12.8677
evaluate_epoch.csv,l10.1_phys0.5,deploy,40,2026-09-11 21:58:56,persistent,tfm_declip_cov_l10.1_anat,1.0,0.5,500,306,0.197823,0.00036,23.78,98.76,9.09,3.41,3.23,1.12,99.4,4.6,1.09,4.63,1.3,3.63,0.5042,0.4537,0.0,8.92,0.0,23.65,100.0,100.0,,,,,,,0.4085,3.288,7.128,0.1096,cuda,0.6238,0.6646,3.902,0.4756,,,0.7968,0.625,anatomical,0.575,infer,24.0,1.8,0.2,trained4,7.543,0.2514,0.42,0.0,0.0542,ma_zerophase,5.0,,0.0123,4.8556
evaluate_epoch.csv,l10.1_phys0.5,deploy,50,2026-09-18 22:35:59,persistent,tfm_declip_cov_l10.1_anat,1.0,0.5,1500,306,0.197823,0.000804,23.78,97.09,9.09,3.8,3.23,1.04,98.8,4.86,1.02,4.67,1.34,3.67,0.5042,0.4599,0.0,8.92,0.0,23.65,100.0,100.0,,,,,,,0.41,3.488,9.612,0.1163,cuda,0.6216,0.6598,4.087,0.4756,,,0.7884,0.6159,anatomical,0.575,infer,24.0,1.8,0.2,trained4,5.989,0.1996,2.27,0.0,0.2191,ma_zerophase,5.0,,0.0095,5.0369
evaluate_epoch.csv,l10.1_phys0.5,deploy,60,2026-09-11 22:01:41,persistent,tfm_declip_cov_l10.1_anat,1.0,0.5,500,306,0.197823,0.000213,23.78,99.05,9.09,2.62,3.23,1.02,99.6,4.36,1.09,4.15,1.25,3.17,0.5042,0.4548,0.0,8.92,0.0,23.65,100.0,100.0,,,,,,,0.396,3.25,6.422,0.1083,cuda,0.646,0.6908,3.601,0.4756,,,0.8177,0.6503,anatomical,0.575,infer,24.0,1.8,0.2,trained4,7.233,0.2411,0.53,0.0,0.1791,ma_zerophase,5.0,,0.0122,5.1311
evaluate_epoch.csv,l10.1_phys0.5,deploy,80,2026-09-11 22:04:26,persistent,tfm_declip_cov_l10.1_anat,1.0,0.5,500,306,0.197823,0.000242,23.78,98.43,9.09,2.83,3.23,0.95,99.4,3.79,1.06,3.79,1.23,2.83,0.5042,0.4406,0.0,8.92,0.0,23.65,100.0,100.0,,,,,,,0.3757,3.243,7.996,0.1081,cuda,0.6752,0.7313,2.974,0.4756,,,0.8577,0.6968,anatomical,0.575,infer,24.0,1.8,0.2,trained4,7.226,0.2409,0.62,0.0,0.181,ma_zerophase,5.0,,0.0121,4.6649
evaluate_epoch.csv,l10.1_phys0.5,deploy,100,2026-09-11 22:07:13,persistent,tfm_declip_cov_l10.1_anat,1.0,0.5,500,306,0.197823,0.000748,23.78,98.15,9.09,3.86,3.23,1.54,98.8,3.73,1.22,3.61,1.21,2.66,0.5042,0.4429,0.0,8.92,0.0,23.65,100.0,100.0,,,,,,,0.3687,3.318,8.563,0.1106,cuda,0.6956,0.7537,2.848,0.4756,,,0.8653,0.7164,anatomical,0.575,infer,24.0,1.8,0.2,trained4,7.913,0.2638,1.86,0.0,0.2903,ma_zerophase,5.0,,0.0124,4.756
evaluate_epoch.csv,l10.1_phys0.5,deploy,120,2026-09-11 22:10:24,persistent,tfm_declip_cov_l10.1_anat,1.0,0.5,500,306,0.197823,0.000264,23.78,99.1,9.09,4.02,3.23,1.22,99.6,4.79,0.88,4.6,1.21,3.69,0.5042,0.4418,0.0,8.92,0.0,23.65,100.0,100.0,,,,,,,0.3857,3.124,5.738,0.1041,cuda,0.6272,0.6626,4.207,0.4756,,,0.7879,0.621,anatomical,0.575,infer,24.0,1.8,0.2,trained4,7.904,0.2635,0.7,0.0,0.0931,ma_zerophase,5.0,,0.0124,5.3296
evaluate_epoch.csv,l10.1_phys0.5,deploy,140,2026-09-11 22:13:11,persistent,tfm_declip_cov_l10.1_anat,1.0,0.5,500,306,0.197823,0.000602,23.78,98.92,9.09,4.36,3.23,1.64,99.3,3.62,0.93,3.6,1.15,2.72,0.5042,0.4349,0.0,8.92,0.0,23.65,100.0,100.0,,,,,,,0.366,3.402,8.469,0.1134,cuda,0.6855,0.7413,2.886,0.4756,,,0.8665,0.7097,anatomical,0.575,infer,24.0,1.8,0.2,trained4,7.801,0.26,0.83,0.0,0.0819,ma_zerophase,5.0,,0.0123,4.9725
evaluate_epoch.csv,l10.1_phys0.5,deploy,150,2026-09-18 22:38:15,persistent,tfm_declip_cov_l10.1_anat,1.0,0.5,1500,306,0.197823,0.000414,23.78,98.46,9.09,3.93,3.23,1.15,99.3,3.36,0.98,3.19,1.19,2.27,0.5042,0.4291,0.0,8.92,0.0,23.65,100.0,100.0,,,,,,,0.3528,2.884,7.516,0.0961,cuda,0.7087,0.7693,2.596,0.4756,,,0.8855,0.7378,anatomical,0.575,infer,24.0,1.8,0.2,trained4,6.133,0.2044,0.56,0.0,0.0662,ma_zerophase,5.0,,0.01,4.8109
evaluate_epoch.csv,l10.1_phys0.5,deploy,160,2026-09-11 22:15:58,persistent,tfm_declip_cov_l10.1_anat,1.0,0.5,500,306,0.197823,0.000227,23.78,99.18,9.09,3.96,3.23,1.12,99.6,3.47,1.08,3.25,1.07,2.36,0.5042,0.4297,0.0,8.92,0.0,23.65,100.0,100.0,,,,,,,0.3512,3.131,6.029,0.1044,cuda,0.7055,0.7634,2.7,0.4756,,,0.8792,0.7339,anatomical,0.575,infer,24.0,1.8,0.2,trained4,7.736,0.2579,0.6,0.0,0.0849,ma_zerophase,5.0,,0.0122,4.7903
evaluate_epoch.csv,l10.1_phys0.5,deploy,180,2026-09-11 22:19:14,persistent,tfm_declip_cov_l10.1_anat,1.0,0.5,500,306,0.197823,0.000604,23.78,98.01,9.09,3.84,3.23,1.12,99.1,3.39,0.98,3.25,1.15,2.42,0.5042,0.4334,0.0,8.92,0.0,23.65,100.0,100.0,,,,,,,0.3532,3.045,5.58,0.1015,cuda,0.7007,0.7564,2.721,0.4756,,,0.8786,0.7234,anatomical,0.575,infer,24.0,1.8,0.2,trained4,7.448,0.2483,0.41,0.0,0.0643,ma_zerophase,5.0,,0.0121,5.0996
evaluate_epoch.csv,l10.1_phys0.5,deploy,200,2026-09-11 22:22:00,persistent,tfm_declip_cov_l10.1_anat,1.0,0.5,500,306,0.197823,0.000571,23.78,97.8,9.09,3.89,3.23,1.12,99.0,3.01,0.81,3.02,1.18,2.19,0.5042,0.4244,0.0,8.92,0.0,23.65,100.0,100.0,,,,,,,0.345,3.101,6.085,0.1034,cuda,0.7235,0.7835,2.382,0.4756,,,0.9005,0.7625,anatomical,0.575,infer,24.0,1.8,0.2,trained4,7.5,0.25,0.53,0.0,0.0639,ma_zerophase,5.0,,0.0121,4.9095
evaluate_epoch.csv,l10.1_phys0.5,deploy,220,2026-09-11 22:24:46,persistent,tfm_declip_cov_l10.1_anat,1.0,0.5,500,306,0.197823,0.002274,23.78,96.17,9.09,4.86,3.23,1.73,97.3,3.21,0.69,3.05,1.16,2.24,0.5042,0.4308,0.0,8.92,0.0,23.65,100.0,100.0,,,,,,,0.3451,3.148,6.396,0.1049,cuda,0.7076,0.7618,2.718,0.4756,,,0.881,0.7315,anatomical,0.575,infer,24.0,1.8,0.2,trained4,7.756,0.2585,0.86,0.0,0.1258,ma_zerophase,5.0,,0.012,4.8301
evaluate_epoch.csv,l10.1_phys0.5,deploy,240,2026-09-11 22:27:55,persistent,tfm_declip_cov_l10.1_anat,1.0,0.5,500,306,0.197823,0.00063,23.78,98.71,9.09,3.86,3.23,1.31,99.3,2.88,0.79,2.83,1.12,2.02,0.5042,0.4335,0.0,8.92,0.0,23.65,100.0,100.0,,,,,,,0.3491,2.806,4.199,0.0935,cuda,0.7375,0.7981,2.253,0.4756,,,0.9089,0.7799,anatomical,0.575,infer,24.0,1.8,0.2,trained4,7.638,0.2546,0.41,0.0,0.0621,ma_zerophase,5.0,,0.0129,4.9732
evaluate_epoch.csv,l10.1_phys0.5,deploy,250,2026-09-18 22:40:33,persistent,tfm_declip_cov_l10.1_anat,1.0,0.5,1500,306,0.197823,0.000372,23.78,98.47,9.09,3.79,3.23,1.06,99.3,2.72,0.85,2.82,1.15,1.98,0.5042,0.4247,0.0,8.92,0.0,23.65,100.0,100.0,,,,,,,0.3398,4.465,13.436,0.1488,cuda,0.7517,0.818,2.054,0.4756,,,0.9182,0.8007,anatomical,0.575,infer,24.0,1.8,0.2,trained4,6.243,0.2081,1.22,0.0,0.1523,ma_zerophase,5.0,,0.0107,4.7876
evaluate_epoch.csv,l10.1_phys0.5,deploy,260,2026-09-11 22:30:45,persistent,tfm_declip_cov_l10.1_anat,1.0,0.5,500,306,0.197823,0.000412,23.78,98.28,9.09,3.19,3.23,1.13,99.2,2.54,0.82,2.61,1.15,1.76,0.5042,0.4275,0.0,8.92,0.0,23.65,100.0,100.0,,,,,,,0.3358,3.007,6.539,0.1002,cuda,0.7721,0.841,1.828,0.4756,,,0.9332,0.8244,anatomical,0.575,infer,24.0,1.8,0.2,trained4,7.792,0.2597,0.81,0.0,0.1308,ma_zerophase,5.0,,0.0128,4.8591
evaluate_epoch.csv,l10.1_phys0.5,deploy,280,2026-09-11 23:16:00,persistent,tfm_declip_cov_l10.1_anat,1.0,0.5,500,306,0.197823,0.000235,23.78,98.99,9.09,2.94,3.23,1.15,99.5,2.59,0.83,2.65,1.11,1.83,0.5042,0.4376,0.0,8.92,0.0,23.65,100.0,100.0,,,,,,,0.3473,3.66,3.832,0.122,cuda,0.7776,0.8404,1.907,0.4756,,,0.9294,0.8258,anatomical,0.575,infer,24.0,1.8,0.2,trained4,6.309,0.2103,0.56,0.0,0.1038,ma_zerophase,5.0,,0.0095,4.971
evaluate_epoch.csv,l10.1_phys0.5,deploy,300,2026-09-11 23:18:19,persistent,tfm_declip_cov_l10.1_anat,1.0,0.5,500,306,0.197823,0.000376,23.78,98.08,9.09,3.95,3.23,0.9,99.3,2.5,0.93,2.49,1.1,1.67,0.5042,0.4327,0.0,8.92,0.0,23.65,100.0,100.0,,,,,,,0.3381,3.625,3.835,0.1208,cuda,0.7922,0.8526,1.758,0.4756,,,0.937,0.8401,anatomical,0.575,infer,24.0,1.8,0.2,trained4,6.311,0.2104,0.46,0.0,0.079,ma_zerophase,5.0,,0.0095,4.8529
evaluate_epoch.csv,l10.1_phys0.5,deploy,320,2026-09-11 23:20:39,persistent,tfm_declip_cov_l10.1_anat,1.0,0.5,500,306,0.197823,0.000289,23.78,98.79,9.09,3.13,3.23,1.02,99.5,2.35,0.87,2.44,1.1,1.63,0.5042,0.4281,0.0,8.92,0.0,23.65,100.0,100.0,,,,,,,0.3322,3.615,3.829,0.1205,cuda,0.8014,0.8656,1.628,0.4756,,,0.9447,0.8521,anatomical,0.575,infer,24.0,1.8,0.2,trained4,6.452,0.2151,0.63,0.0,0.0883,ma_zerophase,5.0,,0.0094,4.8485
evaluate_epoch.csv,l10.1_phys0.5,deploy,340,2026-09-11 23:23:00,persistent,tfm_declip_cov_l10.1_anat,1.0,0.5,500,306,0.197823,0.001516,23.78,97.81,9.09,4.67,3.23,1.57,98.6,2.19,0.86,2.33,1.09,1.52,0.5042,0.4311,0.0,8.92,0.0,23.65,100.0,100.0,,,,,,,0.3309,3.634,3.839,0.1211,cuda,0.8189,0.8769,1.501,0.4756,,,0.9515,0.869,anatomical,0.575,infer,24.0,1.8,0.2,trained4,6.845,0.2282,0.92,0.0,0.1062,ma_zerophase,5.0,,0.0095,4.8355
evaluate_epoch.csv,l10.1_phys0.5,deploy,350,2026-09-18 22:42:47,persistent,tfm_declip_cov_l10.1_anat,1.0,0.5,1500,306,0.197823,0.001377,23.78,98.24,9.09,5.0,3.23,1.73,98.8,2.46,0.81,2.47,1.12,1.66,0.5042,0.4375,0.0,8.92,0.0,23.65,100.0,100.0,,,,,,,0.3437,2.719,7.662,0.0906,cuda,0.7823,0.8451,1.795,0.4756,,,0.9354,0.8324,anatomical,0.575,infer,24.0,1.8,0.2,trained4,6.098,0.2033,0.49,0.0,0.0737,ma_zerophase,5.0,,0.01,5.0376
evaluate_epoch.csv,l10.1_phys0.5,deploy,360,2026-09-11 23:25:20,persistent,tfm_declip_cov_l10.1_anat,1.0,0.5,500,306,0.197823,0.000728,23.78,98.29,9.09,3.98,3.23,1.41,99.0,2.43,0.87,2.46,1.11,1.65,0.5042,0.4348,0.0,8.92,0.0,23.65,100.0,100.0,,,,,,,0.3385,3.613,3.844,0.1204,cuda,0.7969,0.8622,1.669,0.4756,,,0.9409,0.8441,anatomical,0.575,infer,24.0,1.8,0.2,trained4,6.618,0.2206,0.5,0.0,0.0533,ma_zerophase,5.0,,0.0094,4.8998
evaluate_epoch.csv,l10.1_phys0.5,deploy,380,2026-09-11 23:27:40,persistent,tfm_declip_cov_l10.1_anat,1.0,0.5,500,306,0.197823,0.000763,23.78,98.41,9.09,4.36,3.23,1.52,99.0,2.16,0.86,2.28,1.07,1.5,0.5042,0.4391,0.0,8.92,0.0,23.65,100.0,100.0,,,,,,,0.3387,3.635,3.843,0.1212,cuda,0.8185,0.8777,1.486,0.4756,,,0.9524,0.8714,anatomical,0.575,infer,24.0,1.8,0.2,trained4,6.44,0.2147,0.42,0.0,0.0618,ma_zerophase,5.0,,0.0095,4.8884
evaluate_epoch.csv,l10.1_phys0.5,deploy,400,2026-09-11 23:29:59,persistent,tfm_declip_cov_l10.1_anat,1.0,0.5,500,306,0.197823,0.000993,23.78,96.79,9.09,4.2,3.23,1.09,98.6,2.07,0.83,2.19,1.08,1.4,0.5042,0.4336,0.0,8.92,0.0,23.65,100.0,100.0,,,,,,,0.3324,3.658,3.855,0.1219,cuda,0.8313,0.8869,1.386,0.4756,,,0.9571,0.8828,anatomical,0.575,infer,24.0,1.8,0.2,trained4,6.415,0.2138,0.46,0.0,0.0587,ma_zerophase,5.0,,0.0095,4.8951
evaluate_epoch.csv,l10.1_phys0.5,deploy,420,2026-09-11 23:32:20,persistent,tfm_declip_cov_l10.1_anat,1.0,0.5,500,306,0.197823,0.00069,23.78,97.66,9.09,3.22,3.23,1.03,99.0,2.12,0.88,2.22,1.08,1.45,0.5042,0.4431,0.0,8.92,0.0,23.65,100.0,100.0,,,,,,,0.342,3.649,3.829,0.1216,cuda,0.8248,0.8786,1.493,0.4756,,,0.951,0.8721,anatomical,0.575,infer,24.0,1.8,0.2,trained4,6.303,0.2101,0.34,0.0,0.0492,ma_zerophase,5.0,,0.0095,4.9414
evaluate_epoch.csv,l10.1_phys0.5,deploy,440,2026-09-11 23:34:39,persistent,tfm_declip_cov_l10.1_anat,1.0,0.5,500,306,0.197823,0.000363,23.78,98.99,9.09,3.41,3.23,1.25,99.5,2.17,0.86,2.26,1.07,1.51,0.5042,0.4447,0.0,8.92,0.0,23.65,100.0,100.0,,,,,,,0.3454,3.627,3.834,0.1209,cuda,0.8185,0.8749,1.542,0.4756,,,0.9486,0.8645,anatomical,0.575,infer,24.0,1.8,0.2,trained4,6.169,0.2056,0.33,0.0,0.0619,ma_zerophase,5.0,,0.0094,4.9465
evaluate_epoch.csv,l10.1_phys0.5,deploy,450,2026-09-18 22:45:05,persistent,tfm_declip_cov_l10.1_anat,1.0,0.5,1500,306,0.197823,0.0002,23.78,98.8,9.09,2.58,3.23,0.78,99.6,2.3,0.84,2.46,1.14,1.65,0.5042,0.4363,0.0,8.92,0.0,23.65,100.0,100.0,,,,,,,0.34,3.367,8.96,0.1122,cuda,0.8048,0.8661,1.654,0.4756,,,0.9398,0.8434,anatomical,0.575,infer,24.0,1.8,0.2,trained4,6.264,0.2088,0.56,0.0,0.078,ma_zerophase,5.0,,0.0112,4.7943
evaluate_epoch.csv,l10.1_phys0.5,deploy,460,2026-09-11 23:36:58,persistent,tfm_declip_cov_l10.1_anat,1.0,0.5,500,306,0.197823,0.00076,23.78,97.52,9.09,3.97,3.23,1.13,98.9,1.95,0.82,2.12,1.08,1.36,0.5042,0.4369,0.0,8.92,0.0,23.65,100.0,100.0,,,,,,,0.3345,3.634,3.848,0.1211,cuda,0.8439,0.8972,1.305,0.4756,,,0.9609,0.8919,anatomical,0.575,infer,24.0,1.8,0.2,trained4,6.321,0.2107,0.44,0.0,0.0848,ma_zerophase,5.0,,0.0095,4.8558
evaluate_epoch.csv,l10.1_phys0.5,deploy,480,2026-09-11 23:39:18,persistent,tfm_declip_cov_l10.1_anat,1.0,0.5,500,306,0.197823,0.000664,23.78,98.0,9.09,4.19,3.23,1.15,99.1,2.04,0.85,2.14,1.06,1.39,0.5042,0.4421,0.0,8.92,0.0,23.65,100.0,100.0,,,,,,,0.3405,3.625,3.842,0.1208,cuda,0.8348,0.8869,1.404,0.4756,,,0.9556,0.8822,anatomical,0.575,infer,24.0,1.8,0.2,trained4,6.427,0.2142,0.38,0.0,0.0564,ma_zerophase,5.0,,0.0096,4.9067
evaluate_epoch.csv,l10.1_phys0.5,deploy,500,2026-09-11 23:41:38,persistent,tfm_declip_cov_l10.1_anat,1.0,0.5,500,306,0.197823,0.000758,23.78,98.1,9.09,4.66,3.23,1.43,98.9,1.95,0.84,2.09,1.05,1.35,0.5042,0.4406,0.0,8.92,0.0,23.65,100.0,100.0,,,,,,,0.3369,3.605,3.848,0.1202,cuda,0.8441,0.8954,1.324,0.4756,,,0.9598,0.8919,anatomical,0.575,infer,24.0,1.8,0.2,trained4,6.399,0.2133,0.41,0.0,0.0661,ma_zerophase,5.0,,0.0095,4.8699
evaluate_epoch.csv,l10.1_phys0.5,deploy,550,2026-09-18 22:47:44,persistent,tfm_declip_cov_l10.1_anat,1.0,0.5,1500,306,0.197823,0.001372,23.78,97.17,9.09,4.7,3.23,1.33,98.5,1.99,0.65,2.22,1.15,1.52,0.5042,0.4509,0.0,8.92,0.0,23.65,100.0,100.0,,,,,,,0.3516,5.829,19.679,0.1943,cuda,0.8201,0.8799,1.457,0.4756,,,0.9545,0.8747,anatomical,0.575,infer,24.0,1.8,0.2,trained4,7.082,0.2361,0.6,0.0,0.1185,ma_zerophase,5.0,,0.0123,4.8087
evaluate_epoch.csv,l10.1_phys0.5,deploy,600,2026-09-18 22:50:20,persistent,tfm_declip_cov_l10.1_anat,1.0,0.5,1500,306,0.197823,0.000501,23.78,98.01,9.09,4.05,3.23,0.94,99.2,2.08,0.58,2.13,1.09,1.46,0.5042,0.4523,0.0,8.92,0.0,23.65,100.0,100.0,,,,,,,0.3557,3.572,9.072,0.1191,cuda,0.7978,0.856,1.657,0.4756,,,0.9448,0.8524,anatomical,0.575,infer,24.0,1.8,0.2,trained4,6.545,0.2182,0.08,0.0,0.0093,ma_zerophase,5.0,,0.0115,4.8217
evaluate_epoch.csv,l10.1_phys0.5,deploy,650,2026-09-18 22:52:53,persistent,tfm_declip_cov_l10.1_anat,1.0,0.5,1500,306,0.197823,0.000223,23.78,98.71,9.09,2.83,3.23,0.72,99.6,1.85,0.64,2.05,1.06,1.42,0.5042,0.4432,0.0,8.92,0.0,23.65,100.0,100.0,,,,,,,0.3403,10.411,24.757,0.347,cuda,0.8138,0.8777,1.462,0.4756,,,0.9544,0.8721,anatomical,0.575,infer,24.0,1.8,0.2,trained4,6.632,0.2211,0.21,0.0,0.054,ma_zerophase,5.0,,0.0118,4.6654
evaluate_epoch.csv,l10.1_phys0.5,deploy,700,2026-09-18 22:55:38,persistent,tfm_declip_cov_l10.1_anat,1.0,0.5,1500,306,0.197823,0.000155,23.78,98.4,9.09,2.2,3.23,0.78,99.5,1.57,0.61,1.81,1.06,1.14,0.5042,0.4372,0.0,8.92,0.0,23.65,100.0,100.0,,,,,,,0.3305,11.761,25.875,0.392,cuda,0.8598,0.91,1.154,0.4756,,,0.9679,0.9105,anatomical,0.575,infer,24.0,1.8,0.2,trained4,6.638,0.2213,0.22,0.0,0.1482,ma_zerophase,5.0,,0.0119,4.6647
evaluate_epoch.csv,l10.1_phys0.5,deploy,750,2026-09-18 22:58:15,persistent,tfm_declip_cov_l10.1_anat,1.0,0.5,1500,306,0.197823,0.000161,23.78,98.69,9.09,2.36,3.23,0.69,99.6,1.6,0.6,1.82,1.06,1.18,0.5042,0.4502,0.0,8.92,0.0,23.65,100.0,100.0,,,,,,,0.343,2.66,6.651,0.0887,cuda,0.8501,0.9075,1.199,0.4756,,,0.9675,0.906,anatomical,0.575,infer,24.0,1.8,0.2,trained4,6.558,0.2186,0.08,0.0,0.0124,ma_zerophase,5.0,,0.0117,4.7049
evaluate_epoch.csv,l10.1_phys0.5,deploy,800,2026-09-18 23:00:46,persistent,tfm_declip_cov_l10.1_anat,1.0,0.5,1500,306,0.197823,0.000258,23.78,98.59,9.09,3.12,3.23,0.97,99.4,1.34,0.55,1.66,1.0,1.04,0.5042,0.4255,0.0,8.92,0.0,23.65,100.0,100.0,,,,,,,0.3169,5.72,21.316,0.1907,cuda,0.884,0.9332,0.947,0.4756,,,0.9773,0.9323,anatomical,0.575,infer,24.0,1.8,0.2,trained4,5.896,0.1965,0.11,0.0,0.0566,ma_zerophase,5.0,,0.011,4.6323
evaluate_epoch.csv,l10.1_phys0.5,deploy,850,2026-09-18 23:03:15,persistent,tfm_declip_cov_l10.1_anat,1.0,0.5,1500,306,0.197823,0.000157,23.78,99.26,9.09,3.14,3.23,1.06,99.7,1.28,0.52,1.59,0.99,0.97,0.5042,0.4266,0.0,8.92,0.0,23.65,100.0,100.0,,,,,,,0.3183,2.868,7.272,0.0956,cuda,0.8925,0.938,0.878,0.4756,,,0.9799,0.9382,anatomical,0.575,infer,24.0,1.8,0.2,trained4,6.54,0.218,0.26,0.0,0.0661,ma_zerophase,5.0,,0.0114,4.6311
evaluate_epoch.csv,l10.1_phys0.5,deploy,900,2026-09-18 23:05:44,persistent,tfm_declip_cov_l10.1_anat,1.0,0.5,1500,306,0.197823,2.8e-05,23.78,99.43,9.09,1.58,3.23,0.39,99.9,1.43,0.64,1.65,1.0,1.06,0.5042,0.4294,0.0,8.92,0.0,23.65,100.0,100.0,,,,,,,0.3218,5.94,21.663,0.198,cuda,0.8737,0.9219,1.033,0.4756,,,0.9731,0.9216,anatomical,0.575,infer,24.0,1.8,0.2,trained4,6.219,0.2073,0.19,0.0,0.0617,ma_zerophase,5.0,,0.0106,4.6782
evaluate_epoch.csv,l10.1_phys0.5,deploy,950,2026-09-18 23:08:17,persistent,tfm_declip_cov_l10.1_anat,1.0,0.5,1500,306,0.197823,0.000353,23.78,99.43,9.09,4.73,3.23,1.63,99.6,1.26,0.51,1.54,0.95,0.96,0.5042,0.4171,0.0,8.92,0.0,23.65,100.0,100.0,,,,,,,0.307,6.02,14.459,0.2007,cuda,0.8908,0.9392,0.869,0.4756,,,0.9804,0.9389,anatomical,0.575,infer,24.0,1.8,0.2,trained4,6.332,0.2111,0.23,0.0,0.093,ma_zerophase,5.0,,0.0109,4.5914
evaluate_epoch.csv,l10.1_phys0.5,deploy,1000,2026-09-18 23:10:47,persistent,tfm_declip_cov_l10.1_anat,1.0,0.5,1500,306,0.197823,0.000256,23.78,98.86,9.09,2.98,3.23,1.08,99.5,1.22,0.55,1.56,0.98,0.96,0.5042,0.4203,0.0,8.92,0.0,23.65,100.0,100.0,,,,,,,0.3112,6.23,22.781,0.2077,cuda,0.9036,0.9463,0.806,0.4756,,,0.9821,0.9449,anatomical,0.575,infer,24.0,1.8,0.2,trained4,6.277,0.2092,0.14,0.0,0.0664,ma_zerophase,5.0,,0.0107,4.5918
evaluate_epoch.csv,l10.1_phys0.5,deploy,1050,2026-09-18 23:13:18,persistent,tfm_declip_cov_l10.1_anat,1.0,0.5,1500,306,0.197823,0.000127,23.78,99.78,9.09,3.35,3.23,2.13,99.8,1.08,0.53,1.47,0.94,0.9,0.5042,0.4149,0.0,8.92,0.0,23.65,100.0,100.0,,,,,,,0.3043,3.778,3.923,0.1259,cuda,0.919,0.9564,0.692,0.4756,,,0.9855,0.9547,anatomical,0.575,infer,24.0,1.8,0.2,trained4,6.486,0.2162,0.16,0.0,0.051,ma_zerophase,5.0,,0.0105,4.5732
evaluate_epoch.csv,l10.1_phys0.5,deploy,1100,2026-09-18 23:15:39,persistent,tfm_declip_cov_l10.1_anat,1.0,0.5,1500,306,0.197823,8.3e-05,23.78,99.14,9.09,2.2,3.23,0.82,99.7,1.64,0.58,1.63,0.96,1.07,0.5042,0.4269,0.0,8.92,0.0,23.65,100.0,100.0,,,,,,,0.3188,3.923,5.062,0.1308,cuda,0.8409,0.8936,1.281,0.4756,,,0.9623,0.8975,anatomical,0.575,infer,24.0,1.8,0.2,trained4,5.434,0.1811,0.15,0.0,0.0363,ma_zerophase,5.0,,0.0092,4.7394
evaluate_epoch.csv,l10.1_phys0.5,deploy,1150,2026-09-18 23:17:54,persistent,tfm_declip_cov_l10.1_anat,1.0,0.5,1500,306,0.197823,0.000219,23.78,99.64,9.09,3.9,3.23,1.87,99.7,1.05,0.55,1.4,0.98,0.82,0.5042,0.4101,0.0,8.92,0.0,23.65,100.0,100.0,,,,,,,0.2987,5.925,14.809,0.1975,cuda,0.9263,0.959,0.653,0.4756,,,0.9862,0.9579,anatomical,0.575,infer,24.0,1.8,0.2,trained4,6.624,0.2208,0.31,0.0,0.0684,ma_zerophase,5.0,,0.0116,4.5871
evaluate_epoch.csv,l10.1_phys0.5,deploy,1200,2026-09-18 23:20:19,persistent,tfm_declip_cov_l10.1_anat,1.0,0.5,1500,306,0.197823,0.000241,23.78,99.59,9.09,4.2,3.23,1.73,99.7,1.1,0.52,1.41,0.96,0.85,0.5042,0.4159,0.0,8.92,0.0,23.65,100.0,100.0,,,,,,,0.304,4.151,5.704,0.1384,cuda,0.9153,0.9533,0.716,0.4756,,,0.9849,0.9536,anatomical,0.575,infer,24.0,1.8,0.2,trained4,5.807,0.1936,0.15,0.0,0.0242,ma_zerophase,5.0,,0.01,4.5975
evaluate_epoch.csv,l10.1_phys0.5,deploy,1250,2026-09-18 23:22:47,persistent,tfm_declip_cov_l10.1_anat,1.0,0.5,1500,306,0.197823,0.000138,23.78,99.56,9.09,3.27,3.23,1.35,99.8,1.0,0.56,1.37,0.99,0.8,0.5042,0.4075,0.0,8.92,0.0,23.65,100.0,100.0,,,,,,,0.2957,5.018,14.849,0.1673,cuda,0.933,0.9638,0.6,0.4756,,,0.9882,0.9633,anatomical,0.575,infer,24.0,1.8,0.2,trained4,7.042,0.2347,0.47,0.0,0.2402,ma_zerophase,5.0,,0.0117,4.6386
evaluate_epoch.csv,l10.1_phys0.5,deploy,1300,2026-09-18 23:25:27,persistent,tfm_declip_cov_l10.1_anat,1.0,0.5,1500,306,0.197823,9.4e-05,23.78,99.69,9.09,2.92,3.23,1.41,99.8,1.2,0.59,1.44,0.97,0.88,0.5042,0.4126,0.0,8.92,0.0,23.65,100.0,100.0,,,,,,,0.3014,5.59,12.186,0.1863,cuda,0.8989,0.9414,0.829,0.4756,,,0.9811,0.9432,anatomical,0.575,infer,24.0,1.8,0.2,trained4,6.897,0.2299,0.34,0.0,0.0623,ma_zerophase,5.0,,0.0114,4.6617
evaluate_epoch.csv,l10.1_phys0.5,deploy,1350,2026-09-18 23:27:58,persistent,tfm_declip_cov_l10.1_anat,1.0,0.5,1500,306,0.197823,0.000162,23.78,99.29,9.09,3.52,3.23,1.02,99.7,1.05,0.55,1.36,0.97,0.8,0.5042,0.4117,0.0,8.92,0.0,23.65,100.0,100.0,,,,,,,0.3001,4.718,13.057,0.1573,cuda,0.9231,0.9569,0.667,0.4756,,,0.986,0.9573,anatomical,0.575,infer,24.0,1.8,0.2,trained4,6.234,0.2078,0.47,0.0,0.1945,ma_zerophase,5.0,,0.0105,4.5802
evaluate_epoch.csv,l10.1_phys0.5,deploy,1400,2026-09-18 23:30:10,persistent,tfm_declip_cov_l10.1_anat,1.0,0.5,1500,306,0.197823,7.9e-05,23.78,99.68,9.09,2.59,3.23,1.21,99.8,1.05,0.52,1.36,0.97,0.81,0.5042,0.4068,0.0,8.92,0.0,23.65,100.0,100.0,,,,,,,0.2951,5.76,18.514,0.192,cuda,0.922,0.9591,0.662,0.4756,,,0.9873,0.9594,anatomical,0.575,infer,24.0,1.8,0.2,trained4,5.735,0.1912,0.33,0.0,0.0614,ma_zerophase,5.0,,0.0101,4.6008
evaluate_epoch.csv,l10.1_phys0.5,deploy,1450,2026-09-18 23:32:25,persistent,tfm_declip_cov_l10.1_anat,1.0,0.5,1500,306,0.197823,3.6e-05,23.78,99.66,9.09,2.15,3.23,0.66,99.9,1.49,0.53,1.56,0.95,1.02,0.5042,0.4163,0.0,8.92,0.0,23.65,100.0,100.0,,,,,,,0.3056,5.033,13.805,0.1678,cuda,0.8505,0.906,1.136,0.4756,,,0.9697,0.9116,anatomical,0.575,infer,24.0,1.8,0.2,trained4,6.03,0.201,0.19,0.0,0.0163,ma_zerophase,5.0,,0.0106,4.5959
evaluate_epoch.csv,l10.1_phys0.5,deploy,1500,2026-09-18 23:34:37,persistent,tfm_declip_cov_l10.1_anat,1.0,0.5,1500,306,0.197823,7.5e-05,23.78,99.4,9.09,2.68,3.23,0.71,99.8,1.02,0.56,1.37,1.06,0.82,0.5042,0.4058,0.0,8.92,0.0,23.65,100.0,100.0,,,,,,,0.2941,6.159,18.562,0.2053,cuda,0.9307,0.9628,0.623,0.4756,,,0.9876,0.9609,anatomical,0.575,infer,24.0,1.8,0.2,trained4,5.81,0.1937,0.34,0.0,0.0957,ma_zerophase,5.0,,0.0101,4.5677
evaluate_epoch.csv,l10.1_phys0.5,deploy,1550,2026-09-23 20:56:20,persistent,tfm_declip_cov_l10.1_anat,1.0,0.5,2500,306,0.197823,8.7e-05,23.78,99.25,9.09,2.29,3.23,0.81,99.8,0.98,0.54,1.31,0.97,0.77,0.5042,0.4091,0.0,8.92,0.0,23.65,100.0,100.0,,,,,,,0.2966,3.383,5.747,0.1128,cuda,0.9334,0.9625,0.596,0.4756,,,0.9877,0.9623,anatomical,0.575,infer,24.0,1.8,0.2,trained4,7.223,0.2408,0.41,0.0,0.0651,ma_zerophase,5.0,,0.0118,4.5872
evaluate_epoch.csv,l10.1_phys0.5,deploy,1600,2026-09-23 20:59:12,persistent,tfm_declip_cov_l10.1_anat,1.0,0.5,2500,306,0.197823,6.2e-05,23.78,99.64,9.09,2.56,3.23,0.97,99.9,0.9,0.54,1.3,1.02,0.76,0.5042,0.4061,0.0,8.92,0.0,23.65,100.0,100.0,,,,,,,0.294,12.169,26.797,0.4056,cuda,0.9447,0.9707,0.516,0.4756,,,0.9902,0.9695,anatomical,0.575,infer,24.0,1.8,0.2,trained4,7.133,0.2378,0.44,0.0,0.1641,ma_zerophase,5.0,,0.0122,4.573
evaluate_epoch.csv,l10.1_phys0.5,deploy,1650,2026-09-23 21:01:42,persistent,tfm_declip_cov_l10.1_anat,1.0,0.5,2500,306,0.197823,3e-06,23.78,99.85,9.09,0.78,3.23,0.27,100.0,1.06,0.55,1.35,0.99,0.82,0.5042,0.4092,0.0,8.92,0.0,23.65,100.0,100.0,,,,,,,0.2978,11.173,24.062,0.3724,cuda,0.9203,0.9561,0.699,0.4756,,,0.9855,0.9553,anatomical,0.575,infer,24.0,1.8,0.2,trained4,5.729,0.191,0.15,0.0,0.0676,ma_zerophase,5.0,,0.0109,4.6425
evaluate_epoch.csv,l10.1_phys0.5,deploy,1700,2026-09-23 21:04:01,persistent,tfm_declip_cov_l10.1_anat,1.0,0.5,2500,306,0.197823,2e-05,23.78,99.67,9.09,1.56,3.23,0.56,99.9,0.99,0.54,1.33,0.97,0.8,0.5042,0.4069,0.0,8.92,0.0,23.65,100.0,100.0,,,,,,,0.2956,11.611,25.709,0.387,cuda,0.9298,0.9624,0.625,0.4756,,,0.9876,0.9617,anatomical,0.575,infer,24.0,1.8,0.2,trained4,5.777,0.1926,0.27,0.0,0.2856,ma_zerophase,5.0,,0.0109,4.5726
evaluate_epoch.csv,l10.1_phys0.5,deploy,1750,2026-09-23 21:06:21,persistent,tfm_declip_cov_l10.1_anat,1.0,0.5,2500,306,0.197823,5.3e-05,23.78,99.53,9.09,1.97,3.23,0.86,99.8,0.94,0.51,1.3,0.96,0.77,0.5042,0.4078,0.0,8.92,0.0,23.65,100.0,100.0,,,,,,,0.2958,11.618,25.607,0.3873,cuda,0.9363,0.9665,0.581,0.4756,,,0.9892,0.9659,anatomical,0.575,infer,24.0,1.8,0.2,trained4,5.893,0.1964,0.35,0.0,0.0704,ma_zerophase,5.0,,0.0112,4.5731
evaluate_epoch.csv,l10.1_phys0.5,deploy,1800,2026-09-23 21:08:38,persistent,tfm_declip_cov_l10.1_anat,1.0,0.5,2500,306,0.197823,2.4e-05,23.78,99.72,9.09,1.67,3.23,0.72,99.9,0.93,0.53,1.28,0.98,0.76,0.5042,0.4037,0.0,8.92,0.0,23.65,100.0,100.0,,,,,,,0.2916,8.915,22.147,0.2972,cuda,0.9386,0.9674,0.559,0.4756,,,0.9895,0.9668,anatomical,0.575,infer,24.0,1.8,0.2,trained4,5.99,0.1997,0.49,0.0,0.1755,ma_zerophase,5.0,,0.011,4.5666
evaluate_epoch.csv,l10.1_phys0.5,deploy,1850,2026-09-23 21:10:54,persistent,tfm_declip_cov_l10.1_anat,1.0,0.5,2500,306,0.197823,5e-06,23.78,99.74,9.09,1.2,3.23,0.25,100.0,1.04,0.54,1.32,0.98,0.81,0.5042,0.4088,0.0,8.92,0.0,23.65,100.0,100.0,,,,,,,0.2969,4.01,9.341,0.1337,cuda,0.918,0.9554,0.695,0.4756,,,0.9856,0.9563,anatomical,0.575,infer,24.0,1.8,0.2,trained4,6.578,0.2193,0.33,0.0,0.0981,ma_zerophase,5.0,,0.0116,4.5932
evaluate_epoch.csv,l10.1_phys0.5,deploy,1900,2026-09-23 21:13:14,persistent,tfm_declip_cov_l10.1_anat,1.0,0.5,2500,306,0.197823,5.5e-05,23.78,99.67,9.09,2.25,3.23,1.06,99.9,0.89,0.54,1.29,1.03,0.77,0.5042,0.4033,0.0,8.92,0.0,23.65,100.0,100.0,,,,,,,0.2913,6.455,20.214,0.2152,cuda,0.9458,0.971,0.514,0.4756,,,0.9901,0.9691,anatomical,0.575,infer,24.0,1.8,0.2,trained4,6.278,0.2093,0.32,0.0,0.1124,ma_zerophase,5.0,,0.0121,4.5683
evaluate_epoch.csv,l10.1_phys0.5,deploy,1950,2026-09-23 21:15:32,persistent,tfm_declip_cov_l10.1_anat,1.0,0.5,2500,306,0.197823,4e-06,23.78,99.86,9.09,1.09,3.23,0.47,100.0,0.92,0.53,1.27,0.97,0.75,0.5042,0.4064,0.0,8.92,0.0,23.65,100.0,100.0,,,,,,,0.2938,2.661,4.897,0.0887,cuda,0.9402,0.9674,0.561,0.4756,,,0.989,0.9665,anatomical,0.575,infer,24.0,1.8,0.2,trained4,6.405,0.2135,0.34,0.0,0.1182,ma_zerophase,5.0,,0.0111,4.5855
evaluate_epoch.csv,l10.1_phys0.5,deploy,2000,2026-09-23 21:17:52,persistent,tfm_declip_cov_l10.1_anat,1.0,0.5,2500,306,0.197823,0.000117,23.78,99.36,9.09,2.59,3.23,1.06,99.7,0.99,0.54,1.3,0.95,0.79,0.5042,0.4071,0.0,8.92,0.0,23.65,100.0,100.0,,,,,,,0.294,10.79,22.816,0.3597,cuda,0.9311,0.9617,0.612,0.4756,,,0.9874,0.9616,anatomical,0.575,infer,24.0,1.8,0.2,trained4,6.082,0.2027,0.47,0.0,0.1508,ma_zerophase,5.0,,0.0113,4.6037
evaluate_epoch.csv,l10.1_phys0.5,deploy,2050,2026-09-23 21:20:08,persistent,tfm_declip_cov_l10.1_anat,1.0,0.5,2500,306,0.197823,5e-06,23.78,99.85,9.09,0.97,3.23,0.48,100.0,0.87,0.52,1.23,0.97,0.73,0.5042,0.4024,0.0,8.92,0.0,23.65,100.0,100.0,,,,,,,0.2902,4.948,14.048,0.1649,cuda,0.9445,0.9702,0.518,0.4756,,,0.9902,0.9694,anatomical,0.575,infer,24.0,1.8,0.2,trained4,6.019,0.2006,0.35,0.0,0.0898,ma_zerophase,5.0,,0.0104,4.5685
evaluate_epoch.csv,l10.1_phys0.5,deploy,2100,2026-09-23 21:22:29,persistent,tfm_declip_cov_l10.1_anat,1.0,0.5,2500,306,0.197823,2e-06,23.78,99.86,9.09,0.74,3.23,0.31,100.0,0.84,0.52,1.23,0.99,0.72,0.5042,0.4013,0.0,8.92,0.0,23.65,100.0,100.0,,,,,,,0.2893,11.987,26.7,0.3996,cuda,0.95,0.9734,0.474,0.4756,,,0.9911,0.9721,anatomical,0.575,infer,24.0,1.8,0.2,trained4,5.818,0.1939,0.32,0.0,0.0743,ma_zerophase,5.0,,0.0108,4.5598
evaluate_epoch.csv,l10.1_phys0.5,deploy,2150,2026-09-23 21:24:50,persistent,tfm_declip_cov_l10.1_anat,1.0,0.5,2500,306,0.197823,2.3e-05,23.78,99.69,9.09,1.63,3.23,0.7,99.9,0.9,0.51,1.25,0.96,0.76,0.5042,0.4016,0.0,8.92,0.0,23.65,100.0,100.0,,,,,,,0.2896,11.674,25.935,0.3891,cuda,0.9385,0.9678,0.557,0.4756,,,0.9897,0.9671,anatomical,0.575,infer,24.0,1.8,0.2,trained4,5.889,0.1963,0.32,0.0,0.0947,ma_zerophase,5.0,,0.0108,4.5627
evaluate_epoch.csv,l10.1_phys0.5,deploy,2200,2026-09-23 21:27:03,persistent,tfm_declip_cov_l10.1_anat,1.0,0.5,2500,306,0.197823,1.7e-05,23.78,99.74,9.09,1.37,3.23,0.68,99.9,0.83,0.52,1.21,0.98,0.71,0.5042,0.4025,0.0,8.92,0.0,23.65,100.0,100.0,,,,,,,0.2902,2.495,4.894,0.0832,cuda,0.9498,0.9734,0.476,0.4756,,,0.9911,0.9721,anatomical,0.575,infer,24.0,1.8,0.2,trained4,6.13,0.2043,0.34,0.0,0.0739,ma_zerophase,5.0,,0.0104,4.5635
evaluate_epoch.csv,l10.1_phys0.5,deploy,2250,2026-09-23 21:29:15,persistent,tfm_declip_cov_l10.1_anat,1.0,0.5,2500,306,0.197823,4e-06,23.78,99.84,9.09,0.93,3.23,0.43,100.0,0.9,0.5,1.23,0.96,0.75,0.5042,0.4009,0.0,8.92,0.0,23.65,100.0,100.0,,,,,,,0.2888,2.606,4.852,0.0869,cuda,0.9404,0.9684,0.551,0.4756,,,0.9896,0.9676,anatomical,0.575,infer,24.0,1.8,0.2,trained4,6.001,0.2,0.35,0.0,0.0888,ma_zerophase,5.0,,0.0101,4.5868
evaluate_epoch.csv,l10.1_phys0.5,deploy,2300,2026-09-23 21:31:28,persistent,tfm_declip_cov_l10.1_anat,1.0,0.5,2500,306,0.197823,2e-06,23.78,99.87,9.09,0.67,3.23,0.36,100.0,0.83,0.52,1.21,0.97,0.72,0.5042,0.4009,0.0,8.92,0.0,23.65,100.0,100.0,,,,,,,0.2886,2.523,4.817,0.0841,cuda,0.9484,0.9726,0.483,0.4756,,,0.9909,0.9713,anatomical,0.575,infer,24.0,1.8,0.2,trained4,6.065,0.2022,0.39,0.0,0.0712,ma_zerophase,5.0,,0.0104,4.5672
evaluate_epoch.csv,l10.1_phys0.5,deploy,2350,2026-09-23 21:33:40,persistent,tfm_declip_cov_l10.1_anat,1.0,0.5,2500,306,0.197823,5e-06,23.78,99.86,9.09,1.29,3.23,0.42,100.0,0.93,0.48,1.25,0.97,0.78,0.5042,0.4052,0.0,8.92,0.0,23.65,100.0,100.0,,,,,,,0.293,3.416,8.358,0.1139,cuda,0.9314,0.9654,0.598,0.4756,,,0.9892,0.9654,anatomical,0.575,infer,24.0,1.8,0.2,trained4,6.053,0.2018,0.35,0.0,0.087,ma_zerophase,5.0,,0.0104,4.5853
evaluate_epoch.csv,l10.1_phys0.5,deploy,2400,2026-09-23 21:35:56,persistent,tfm_declip_cov_l10.1_anat,1.0,0.5,2500,306,0.197823,8e-06,23.78,99.84,9.09,1.11,3.23,0.63,100.0,0.81,0.52,1.19,0.97,0.71,0.5042,0.4028,0.0,8.92,0.0,23.65,100.0,100.0,,,,,,,0.2905,6.946,21.013,0.2315,cuda,0.9502,0.9734,0.473,0.4756,,,0.9911,0.9721,anatomical,0.575,infer,24.0,1.8,0.2,trained4,6.008,0.2003,0.35,0.0,0.083,ma_zerophase,5.0,,0.0106,4.5715
evaluate_epoch.csv,l10.1_phys0.5,deploy,2450,2026-09-23 21:38:08,persistent,tfm_declip_cov_l10.1_anat,1.0,0.5,2500,306,0.197823,0.0,23.78,99.99,9.09,0.15,3.23,0.15,100.0,0.81,0.53,1.19,0.98,0.71,0.5042,0.4028,0.0,8.92,0.0,23.65,100.0,100.0,,,,,,,0.2904,2.565,4.763,0.0855,cuda,0.9495,0.9729,0.477,0.4756,,,0.991,0.9717,anatomical,0.575,infer,24.0,1.8,0.2,trained4,6.069,0.2023,0.35,0.0,0.1011,ma_zerophase,5.0,,0.0104,4.5782
evaluate_epoch.csv,l10.1_phys0.5,deploy,2500,2026-09-23 21:40:20,persistent,tfm_declip_cov_l10.1_anat,1.0,0.5,2500,306,0.197823,4e-06,23.78,99.79,9.09,0.63,3.23,0.36,100.0,0.8,0.54,1.18,0.98,0.71,0.5042,0.4011,0.0,8.92,0.0,23.65,100.0,100.0,,,,,,,0.289,2.443,4.776,0.0814,cuda,0.9513,0.9741,0.464,0.4756,,,0.9912,0.9727,anatomical,0.575,infer,24.0,1.8,0.2,trained4,6.141,0.2047,0.54,0.0,0.1566,ma_zerophase,5.0,,0.0104,4.5545
evaluate_epoch.csv,l10.1_phys0.5,deploy,2550,2026-09-24 17:03:05,persistent,tfm_declip_cov_l10.1_anat,1.0,0.5,3000,306,0.197823,1e-06,23.78,99.9,9.09,0.64,3.23,0.23,100.0,0.79,0.51,1.17,0.97,0.71,0.5042,0.4009,0.0,8.92,0.0,23.65,100.0,100.0,,,,,,,0.2886,3.668,3.856,0.1223,cuda,0.9511,0.974,0.458,0.4756,,,0.9913,0.9727,anatomical,0.575,infer,24.0,1.8,0.2,trained4,5.718,0.1906,0.36,0.0,0.0762,ma_zerophase,5.0,,0.0092,4.5601
evaluate_epoch.csv,l10.1_phys0.5,deploy,2600,2026-09-24 17:05:16,persistent,tfm_declip_cov_l10.1_anat,1.0,0.5,3000,306,0.197823,1e-06,23.78,99.91,9.09,0.5,3.23,0.27,100.0,0.79,0.51,1.17,0.97,0.71,0.5042,0.4008,0.0,8.92,0.0,23.65,100.0,100.0,,,,,,,0.2885,3.675,3.838,0.1225,cuda,0.9504,0.9736,0.466,0.4756,,,0.9912,0.9724,anatomical,0.575,infer,24.0,1.8,0.2,trained4,5.733,0.1911,0.39,0.0,0.0832,ma_zerophase,5.0,,0.0091,4.5698
evaluate_epoch.csv,l10.1_phys0.5,deploy,2650,2026-09-24 17:07:27,persistent,tfm_declip_cov_l10.1_anat,1.0,0.5,3000,306,0.197823,1e-06,23.78,99.88,9.09,0.49,3.23,0.23,100.0,0.79,0.52,1.17,0.97,0.71,0.5042,0.4019,0.0,8.92,0.0,23.65,100.0,100.0,,,,,,,0.2895,3.669,3.859,0.1223,cuda,0.9506,0.9737,0.467,0.4756,,,0.9912,0.9724,anatomical,0.575,infer,24.0,1.8,0.2,trained4,5.783,0.1928,0.35,0.0,0.0754,ma_zerophase,5.0,,0.0092,4.5654
evaluate_epoch.csv,l10.1_phys0.5,deploy,2700,2026-09-24 17:09:36,persistent,tfm_declip_cov_l10.1_anat,1.0,0.5,3000,306,0.197823,1e-06,23.78,99.96,9.09,0.49,3.23,0.34,100.0,0.79,0.53,1.16,0.97,0.71,0.5042,0.4021,0.0,8.92,0.0,23.65,100.0,100.0,,,,,,,0.2899,3.636,3.836,0.1212,cuda,0.9491,0.9724,0.475,0.4756,,,0.9908,0.9713,anatomical,0.575,infer,24.0,1.8,0.2,trained4,5.763,0.1921,0.33,0.0,0.1373,ma_zerophase,5.0,,0.0092,4.5635
evaluate_epoch.csv,l10.1_phys0.5,deploy,2750,2026-09-24 17:11:47,persistent,tfm_declip_cov_l10.1_anat,1.0,0.5,3000,306,0.197823,0.0,23.78,99.98,9.09,0.48,3.23,0.3,100.0,0.82,0.52,1.2,0.96,0.73,0.5042,0.4019,0.0,8.92,0.0,23.65,100.0,100.0,,,,,,,0.2898,3.653,3.856,0.1218,cuda,0.9481,0.9727,0.488,0.4756,,,0.9908,0.9713,anatomical,0.575,infer,24.0,1.8,0.2,trained4,5.673,0.1891,0.47,0.0,0.0928,ma_zerophase,5.0,,0.0092,4.569
evaluate_epoch.csv,l10.1_phys0.5,deploy,2800,2026-09-24 17:13:59,persistent,tfm_declip_cov_l10.1_anat,1.0,0.5,3000,306,0.197823,8e-06,23.78,99.87,9.09,0.61,3.23,0.53,100.0,0.95,0.52,1.25,0.96,0.78,0.5042,0.4046,0.0,8.92,0.0,23.65,100.0,100.0,,,,,,,0.2936,3.659,3.834,0.122,cuda,0.9251,0.9599,0.643,0.4756,,,0.9874,0.9605,anatomical,0.575,infer,24.0,1.8,0.2,trained4,5.712,0.1904,0.47,0.0,0.2665,ma_zerophase,5.0,,0.0091,4.5847
evaluate_epoch.csv,l10.1_phys0.5,deploy,2850,2026-09-24 17:16:12,persistent,tfm_declip_cov_l10.1_anat,1.0,0.5,3000,306,0.197823,0.0,23.78,99.97,9.09,0.45,3.23,0.19,100.0,0.82,0.53,1.22,0.98,0.75,0.5042,0.4008,0.0,8.92,0.0,23.65,100.0,100.0,,,,,,,0.289,3.498,3.841,0.1166,cuda,0.9487,0.9729,0.488,0.4756,,,0.9908,0.9712,anatomical,0.575,infer,24.0,1.8,0.2,trained4,6.005,0.2002,0.33,0.0,0.1256,ma_zerophase,5.0,,0.0096,4.5705
evaluate_epoch.csv,l10.1_phys0.5,deploy,2900,2026-09-24 17:18:32,persistent,tfm_declip_cov_l10.1_anat,1.0,0.5,3000,306,0.197823,2e-06,23.78,99.9,9.09,0.44,3.23,0.27,100.0,0.76,0.52,1.15,0.97,0.71,0.5042,0.4018,0.0,8.92,0.0,23.65,100.0,100.0,,,,,,,0.2897,3.739,3.857,0.1246,cuda,0.953,0.9752,0.452,0.4756,,,0.9915,0.9736,anatomical,0.575,infer,24.0,1.8,0.2,trained4,6.082,0.2027,0.49,0.0,0.106,ma_zerophase,5.0,,0.0096,4.5676
evaluate_epoch.csv,l10.1_phys0.5,deploy,2950,2026-09-24 17:20:51,persistent,tfm_declip_cov_l10.1_anat,1.0,0.5,3000,306,0.197823,6e-06,23.78,99.64,9.09,0.61,3.23,0.4,99.9,0.78,0.52,1.14,0.97,0.71,0.5042,0.4032,0.0,8.92,0.0,23.65,100.0,100.0,,,,,,,0.2907,3.7,3.835,0.1233,cuda,0.9495,0.9734,0.477,0.4756,,,0.9911,0.9723,anatomical,0.575,infer,24.0,1.8,0.2,trained4,6.23,0.2077,0.36,0.0,0.064,ma_zerophase,5.0,,0.0096,4.5763
evaluate_epoch.csv,l10.1_phys0.5,deploy,3000,2026-09-24 17:23:11,persistent,tfm_declip_cov_l10.1_anat,1.0,0.5,3000,306,0.197823,6e-06,23.78,99.84,9.09,0.62,3.23,0.45,100.0,0.75,0.52,1.14,0.97,0.7,0.5042,0.4,0.0,8.92,0.0,23.65,100.0,100.0,,,,,,,0.2878,3.746,3.864,0.1249,cuda,0.9546,0.9762,0.435,0.4756,,,0.9919,0.9746,anatomical,0.575,infer,24.0,1.8,0.2,trained4,6.294,0.2098,0.49,0.0,0.13,ma_zerophase,5.0,,0.0096,4.5708
evaluate_epoch.csv,l10.1_phys0.5,deploy,3050,2026-09-27 12:04:46,persistent,tfm_declip_cov_l10.1_anat,1.0,0.5,4000,306,0.197823,0.0,23.78,99.97,9.09,0.55,3.23,0.29,100.0,0.76,0.52,1.14,0.96,0.7,0.5042,0.4007,0.0,8.92,0.0,23.65,100.0,100.0,,,,,,,0.2886,3.597,3.895,0.1199,cuda,0.9523,0.9746,0.455,0.4756,,,0.9913,0.9732,anatomical,0.575,infer,24.0,1.8,0.2,trained4,5.342,0.1781,0.49,0.0,0.0656,ma_zerophase,5.0,,0.0084,4.5683
evaluate_epoch.csv,l10.1_phys0.5,deploy,3100,2026-09-27 12:06:44,persistent,tfm_declip_cov_l10.1_anat,1.0,0.5,4000,306,0.197823,0.0,23.78,99.98,9.09,0.5,3.23,0.32,100.0,0.75,0.52,1.13,0.97,0.7,0.5042,0.3997,0.0,8.92,0.0,23.65,100.0,100.0,,,,,,,0.2875,3.487,3.541,0.1162,cuda,0.9522,0.9747,0.452,0.4756,,,0.9914,0.9732,anatomical,0.575,infer,24.0,1.8,0.2,trained4,5.051,0.1684,0.46,0.0,0.0913,ma_zerophase,5.0,,0.0082,4.5752
evaluate_epoch.csv,l10.1_phys0.5,deploy,3150,2026-09-27 12:08:45,persistent,tfm_declip_cov_l10.1_anat,1.0,0.5,4000,306,0.197823,0.0,23.78,99.98,9.09,0.63,3.23,0.33,100.0,0.76,0.51,1.13,0.96,0.7,0.5042,0.4003,0.0,8.92,0.0,23.65,100.0,100.0,,,,,,,0.2879,3.547,3.846,0.1182,cuda,0.9522,0.9743,0.454,0.4756,,,0.9913,0.973,anatomical,0.575,infer,24.0,1.8,0.2,trained4,5.138,0.1713,0.34,0.0,0.0555,ma_zerophase,5.0,,0.0084,4.5665
evaluate_epoch.csv,l10.1_phys0.5,deploy,3200,2026-09-27 12:10:43,persistent,tfm_declip_cov_l10.1_anat,1.0,0.5,4000,306,0.197823,0.0,23.78,99.99,9.09,0.34,3.23,0.34,100.0,0.75,0.51,1.13,0.97,0.7,0.5042,0.4019,0.0,8.92,0.0,23.65,100.0,100.0,,,,,,,0.2897,3.346,3.806,0.1115,cuda,0.9527,0.9748,0.446,0.4756,,,0.9915,0.9734,anatomical,0.575,infer,24.0,1.8,0.2,trained4,5.286,0.1762,0.35,0.0,0.0605,ma_zerophase,5.0,,0.0084,4.5676
evaluate_epoch.csv,l10.1_phys0.5,deploy,3250,2026-09-27 12:12:41,persistent,tfm_declip_cov_l10.1_anat,1.0,0.5,4000,306,0.197823,0.0,23.78,99.99,9.09,0.51,3.23,0.51,100.0,0.74,0.51,1.13,0.97,0.7,0.5042,0.3997,0.0,8.92,0.0,23.65,100.0,100.0,,,,,,,0.2874,3.504,3.788,0.1168,cuda,0.9534,0.9753,0.44,0.4756,,,0.9916,0.9738,anatomical,0.575,infer,24.0,1.8,0.2,trained4,5.027,0.1676,0.34,0.0,0.0803,ma_zerophase,5.0,,0.0083,4.5602
evaluate_epoch.csv,l10.1_phys0.5,deploy,3300,2026-09-27 12:14:39,persistent,tfm_declip_cov_l10.1_anat,1.0,0.5,4000,306,0.197823,1e-06,23.78,99.68,9.09,0.24,3.23,0.12,100.0,0.76,0.54,1.12,0.97,0.7,0.5042,0.4007,0.0,8.92,0.0,23.65,100.0,100.0,,,,,,,0.2884,3.509,3.791,0.117,cuda,0.9514,0.9732,0.466,0.4756,,,0.9906,0.9718,anatomical,0.575,infer,24.0,1.8,0.2,trained4,5.077,0.1692,0.33,0.0,0.1208,ma_zerophase,5.0,,0.0083,4.5658
evaluate_epoch.csv,l10.1_phys0.5,deploy,3350,2026-09-27 12:16:38,persistent,tfm_declip_cov_l10.1_anat,1.0,0.5,4000,306,0.197823,0.0,23.78,99.8,9.09,0.39,3.23,0.05,100.0,0.73,0.51,1.12,0.97,0.7,0.5042,0.4017,0.0,8.92,0.0,23.65,100.0,100.0,,,,,,,0.2895,3.5,3.602,0.1167,cuda,0.9541,0.9757,0.436,0.4756,,,0.9917,0.9742,anatomical,0.575,infer,24.0,1.8,0.2,trained4,5.323,0.1774,0.35,0.0,0.0765,ma_zerophase,5.0,,0.0083,4.5605
evaluate_epoch.csv,l10.1_phys0.5,deploy,3400,2026-09-27 12:18:37,persistent,tfm_declip_cov_l10.1_anat,1.0,0.5,4000,306,0.197823,2e-06,23.78,99.65,9.09,0.55,3.23,0.2,100.0,0.74,0.52,1.12,0.97,0.7,0.5042,0.3998,0.0,8.92,0.0,23.65,100.0,100.0,,,,,,,0.2875,3.499,3.796,0.1166,cuda,0.9537,0.9753,0.439,0.4756,,,0.9916,0.9738,anatomical,0.575,infer,24.0,1.8,0.2,trained4,5.138,0.1713,0.36,0.0,0.0844,ma_zerophase,5.0,,0.0083,4.5683
evaluate_epoch.csv,l10.1_phys0.5,deploy,3450,2026-09-27 12:20:35,persistent,tfm_declip_cov_l10.1_anat,1.0,0.5,4000,306,0.197823,1e-06,23.78,99.97,9.09,0.63,3.23,0.33,100.0,0.74,0.51,1.12,0.97,0.7,0.5042,0.4001,0.0,8.92,0.0,23.65,100.0,100.0,,,,,,,0.288,3.496,3.564,0.1165,cuda,0.9528,0.9751,0.449,0.4756,,,0.9916,0.9736,anatomical,0.575,infer,24.0,1.8,0.2,trained4,5.181,0.1727,0.35,0.0,0.0539,ma_zerophase,5.0,,0.0082,4.5622
evaluate_epoch.csv,l10.1_phys0.5,deploy,3500,2026-09-27 12:22:33,persistent,tfm_declip_cov_l10.1_anat,1.0,0.5,4000,306,0.197823,2e-06,23.78,99.68,9.09,0.47,3.23,0.21,100.0,0.74,0.51,1.12,0.97,0.7,0.5042,0.3994,0.0,8.92,0.0,23.65,100.0,100.0,,,,,,,0.2874,3.498,3.793,0.1166,cuda,0.9538,0.9757,0.444,0.4756,,,0.9917,0.9739,anatomical,0.575,infer,24.0,1.8,0.2,trained4,5.263,0.1754,0.49,0.0,0.1265,ma_zerophase,5.0,,0.0083,4.5609
evaluate_epoch.csv,l10.1_phys0.5,deploy,3550,2026-09-27 12:24:32,persistent,tfm_declip_cov_l10.1_anat,1.0,0.5,4000,306,0.197823,0.0,23.78,99.99,9.09,0.54,3.23,0.54,100.0,0.74,0.51,1.12,0.97,0.7,0.5042,0.3994,0.0,8.92,0.0,23.65,100.0,100.0,,,,,,,0.2871,3.492,3.559,0.1164,cuda,0.9541,0.9758,0.436,0.4756,,,0.9918,0.9742,anatomical,0.575,infer,24.0,1.8,0.2,trained4,5.132,0.1711,0.38,0.0,0.0581,ma_zerophase,5.0,,0.0082,4.5562
evaluate_epoch.csv,l10.1_phys0.5,deploy,3600,2026-09-27 12:26:29,persistent,tfm_declip_cov_l10.1_anat,1.0,0.5,4000,306,0.197823,1e-06,23.78,99.98,9.09,0.93,3.23,0.65,100.0,0.76,0.5,1.12,0.96,0.7,0.5042,0.4002,0.0,8.92,0.0,23.65,100.0,100.0,,,,,,,0.2877,3.485,3.548,0.1162,cuda,0.9518,0.9747,0.464,0.4756,,,0.9915,0.9733,anatomical,0.575,infer,24.0,1.8,0.2,trained4,5.038,0.1679,0.5,0.0,0.1214,ma_zerophase,5.0,,0.0081,4.5783
evaluate_epoch.csv,l10.1_phys0.5,deploy,3650,2026-09-27 12:28:28,persistent,tfm_declip_cov_l10.1_anat,1.0,0.5,4000,306,0.197823,1e-06,23.78,99.65,9.09,0.61,3.23,0.16,100.0,0.72,0.52,1.11,0.97,0.69,0.5042,0.3992,0.0,8.92,0.0,23.65,100.0,100.0,,,,,,,0.2869,3.33,3.813,0.111,cuda,0.9549,0.9761,0.428,0.4756,,,0.9918,0.9745,anatomical,0.575,infer,24.0,1.8,0.2,trained4,5.256,0.1752,0.4,0.0,0.0672,ma_zerophase,5.0,,0.0084,4.564
evaluate_epoch.csv,l10.1_phys0.5,deploy,3700,2026-09-27 12:30:26,persistent,tfm_declip_cov_l10.1_anat,1.0,0.5,4000,306,0.197823,9e-06,23.78,99.6,9.09,0.65,3.23,0.44,99.9,0.74,0.53,1.11,0.97,0.69,0.5042,0.4006,0.0,8.92,0.0,23.65,100.0,100.0,,,,,,,0.2883,3.549,3.85,0.1183,cuda,0.9528,0.9746,0.442,0.4756,,,0.9914,0.9732,anatomical,0.575,infer,24.0,1.8,0.2,trained4,5.228,0.1743,0.35,0.0,0.0785,ma_zerophase,5.0,,0.0084,4.5576
evaluate_epoch.csv,l10.1_phys0.5,deploy,3750,2026-09-27 12:32:24,persistent,tfm_declip_cov_l10.1_anat,1.0,0.5,4000,306,0.197823,4e-06,23.78,99.65,9.09,0.42,3.23,0.31,100.0,0.73,0.52,1.11,0.98,0.7,0.5042,0.399,0.0,8.92,0.0,23.65,100.0,100.0,,,,,,,0.2869,3.496,3.557,0.1165,cuda,0.9546,0.9758,0.43,0.4756,,,0.9917,0.9743,anatomical,0.575,infer,24.0,1.8,0.2,trained4,5.287,0.1762,0.37,0.0,0.0523,ma_zerophase,5.0,,0.0082,4.5575
evaluate_epoch.csv,l10.1_phys0.5,deploy,3800,2026-09-27 12:34:22,persistent,tfm_declip_cov_l10.1_anat,1.0,0.5,4000,306,0.197823,1e-06,23.78,99.66,9.09,0.53,3.23,0.15,100.0,0.71,0.51,1.1,0.98,0.69,0.5042,0.399,0.0,8.92,0.0,23.65,100.0,100.0,,,,,,,0.2868,3.488,3.535,0.1163,cuda,0.9556,0.9765,0.421,0.4756,,,0.992,0.9749,anatomical,0.575,infer,24.0,1.8,0.2,trained4,5.269,0.1756,0.47,0.0,0.0755,ma_zerophase,5.0,,0.0082,4.5707
evaluate_epoch.csv,l10.1_phys0.5,deploy,3850,2026-09-27 12:36:22,persistent,tfm_declip_cov_l10.1_anat,1.0,0.5,4000,306,0.197823,1e-06,23.78,99.72,9.09,0.58,3.23,0.15,100.0,0.72,0.51,1.1,0.97,0.69,0.5042,0.3994,0.0,8.92,0.0,23.65,100.0,100.0,,,,,,,0.2872,3.496,3.569,0.1165,cuda,0.9543,0.9759,0.432,0.4756,,,0.9918,0.9744,anatomical,0.575,infer,24.0,1.8,0.2,trained4,5.204,0.1735,0.46,0.0,0.1395,ma_zerophase,5.0,,0.0083,4.5679
evaluate_epoch.csv,l10.1_phys0.5,deploy,3900,2026-09-27 12:38:21,persistent,tfm_declip_cov_l10.1_anat,1.0,0.5,4000,306,0.197823,0.0,23.78,99.97,9.09,0.48,3.23,0.27,100.0,0.72,0.52,1.11,0.97,0.7,0.5042,0.3987,0.0,8.92,0.0,23.65,100.0,100.0,,,,,,,0.2865,3.502,3.786,0.1167,cuda,0.9551,0.9763,0.428,0.4756,,,0.9919,0.9747,anatomical,0.575,infer,24.0,1.8,0.2,trained4,5.129,0.171,0.47,0.0,0.0845,ma_zerophase,5.0,,0.0083,4.5664
evaluate_epoch.csv,l10.1_phys0.5,deploy,3950,2026-09-27 12:40:19,persistent,tfm_declip_cov_l10.1_anat,1.0,0.5,4000,306,0.197823,0.0,23.78,99.93,9.09,0.55,3.23,0.17,100.0,0.72,0.51,1.1,0.97,0.69,0.5042,0.3989,0.0,8.92,0.0,23.65,100.0,100.0,,,,,,,0.2866,3.502,3.579,0.1167,cuda,0.9548,0.9761,0.427,0.4756,,,0.9919,0.9746,anatomical,0.575,infer,24.0,1.8,0.2,trained4,5.18,0.1727,0.48,0.0,0.1605,ma_zerophase,5.0,,0.0083,4.5696
evaluate_epoch.csv,l10.1_phys0.5,deploy,4000,2026-09-27 12:42:19,persistent,tfm_declip_cov_l10.1_anat,1.0,0.5,4000,306,0.197823,1e-06,23.78,99.67,9.09,0.23,3.23,0.15,100.0,0.78,0.51,1.14,0.96,0.73,0.5042,0.4006,0.0,8.92,0.0,23.65,100.0,100.0,,,,,,,0.2886,3.489,3.546,0.1163,cuda,0.9479,0.9724,0.497,0.4756,,,0.9909,0.9713,anatomical,0.575,infer,24.0,1.8,0.2,trained4,5.366,0.1789,0.47,0.0,0.1171,ma_zerophase,5.0,,0.0084,4.5565
evaluate_epoch_modelonly.csv,l10.1_phys0.5,modelonly,50,2026-09-18 23:35:11,legacy80,tfm_declip_cov_l10.1_anat,1.0,0.5,1500,306,0.065638,0.065216,75.56,69.88,8.9,8.99,2.98,2.66,-9.7,6.28,1.01,5.75,1.0,3.88,0.4466,1.3463,0.0,8.87,8.94,83.15,78.49,7.9,,,,,,,1.2022,6.821,18.477,0.2274,cuda,0.5956,0.6144,4.879,0.4756,,,0.7493,0.5691,anatomical,0.575,off,,,,,,,,,,off,,,,23.8513
evaluate_epoch_modelonly.csv,l10.1_phys0.5,modelonly,100,2026-09-11 23:43:37,legacy80,tfm_declip_cov_l10.1_anat,1.0,0.5,500,306,0.065638,0.01056,75.56,93.87,8.9,8.69,2.98,1.61,86.5,4.11,1.45,4.51,1.02,2.84,0.4466,1.1249,0.0,8.87,8.83,83.15,98.01,87.3,,,,,,,0.9566,4.082,4.614,0.1361,cuda,0.7188,0.7746,2.567,0.4756,,,0.888,0.743,anatomical,0.575,off,,,,,,,,,,off,,,,11.0892
evaluate_epoch_modelonly.csv,l10.1_phys0.5,modelonly,150,2026-09-18 23:36:15,legacy80,tfm_declip_cov_l10.1_anat,1.0,0.5,1500,306,0.065638,0.013949,75.56,95.44,8.9,8.55,2.98,2.63,83.5,3.79,1.5,3.94,1.07,2.23,0.4466,0.8054,0.0,8.87,8.77,83.15,97.72,83.6,,,,,,,0.6046,5.766,17.405,0.1922,cuda,0.7351,0.8077,2.141,0.4756,,,0.9135,0.7777,anatomical,0.575,off,,,,,,,,,,off,,,,9.0799
evaluate_epoch_modelonly.csv,l10.1_phys0.5,modelonly,200,2026-09-11 23:44:47,legacy80,tfm_declip_cov_l10.1_anat,1.0,0.5,500,306,0.065638,0.010191,75.56,90.65,8.9,8.15,2.98,1.76,77.4,3.66,1.35,3.84,1.04,2.21,0.4466,0.7612,0.0,8.87,8.56,83.15,98.21,91.8,,,,,,,0.5544,4.032,4.947,0.1344,cuda,0.7379,0.8067,2.098,0.4756,,,0.9221,0.7886,anatomical,0.575,off,,,,,,,,,,off,,,,8.345
evaluate_epoch_modelonly.csv,l10.1_phys0.5,modelonly,250,2026-09-18 23:37:20,legacy80,tfm_declip_cov_l10.1_anat,1.0,0.5,1500,306,0.065638,0.00731,75.56,95.23,8.9,6.33,2.98,2.7,82.3,3.18,1.08,3.45,0.98,1.82,0.4466,0.7641,0.0,8.87,5.43,83.15,99.35,98.6,,,,,,,0.5477,9.142,22.161,0.3047,cuda,0.794,0.8661,1.604,0.4756,,,0.9499,0.8453,anatomical,0.575,off,,,,,,,,,,off,,,,10.345
evaluate_epoch_modelonly.csv,l10.1_phys0.5,modelonly,300,2026-09-11 23:45:53,legacy80,tfm_declip_cov_l10.1_anat,1.0,0.5,500,306,0.065638,0.003901,75.56,96.1,8.9,6.32,2.98,2.36,87.4,2.92,1.33,3.14,1.16,1.49,0.4466,0.7418,0.0,8.87,5.78,83.15,99.73,99.4,,,,,,,0.5249,3.536,3.824,0.1179,cuda,0.832,0.8951,1.322,0.4756,,,0.9644,0.8887,anatomical,0.575,off,,,,,,,,,,off,,,,7.9335
evaluate_epoch_modelonly.csv,l10.1_phys0.5,modelonly,350,2026-09-18 23:38:26,legacy80,tfm_declip_cov_l10.1_anat,1.0,0.5,1500,306,0.065638,0.005367,75.56,95.42,8.9,5.98,2.98,2.53,84.1,3.38,0.92,3.23,1.05,1.59,0.4466,0.8373,0.0,8.87,3.16,83.15,99.69,99.6,,,,,,,0.6242,6.732,18.522,0.2244,cuda,0.7729,0.8326,1.926,0.4756,,,0.9303,0.8239,anatomical,0.575,off,,,,,,,,,,off,,,,12.4329
evaluate_epoch_modelonly.csv,l10.1_phys0.5,modelonly,400,2026-09-11 23:47:00,legacy80,tfm_declip_cov_l10.1_anat,1.0,0.5,500,306,0.065638,0.003708,75.56,96.23,8.9,6.06,2.98,2.35,87.9,2.38,1.21,2.74,1.17,1.09,0.4466,0.716,0.0,8.87,1.74,83.15,99.79,99.8,,,,,,,0.4921,3.535,3.832,0.1178,cuda,0.9199,0.9612,0.724,0.4756,,,0.988,0.9565,anatomical,0.575,off,,,,,,,,,,off,,,,7.057
evaluate_epoch_modelonly.csv,l10.1_phys0.5,modelonly,450,2026-09-18 23:39:29,legacy80,tfm_declip_cov_l10.1_anat,1.0,0.5,1500,306,0.065638,0.000842,75.56,98.67,8.9,5.4,2.98,2.04,96.3,2.52,1.09,2.84,1.06,1.22,0.4466,0.7519,0.0,8.87,0.0,83.15,100.0,100.0,,,,,,,0.5372,4.737,12.201,0.1579,cuda,0.881,0.9386,1.068,0.4756,,,0.9721,0.9047,anatomical,0.575,off,,,,,,,,,,off,,,,6.4079
evaluate_epoch_modelonly.csv,l10.1_phys0.5,modelonly,500,2026-09-11 23:48:07,legacy80,tfm_declip_cov_l10.1_anat,1.0,0.5,500,306,0.065638,0.001982,75.56,96.51,8.9,5.97,2.98,1.64,92.1,2.39,1.14,2.58,1.08,0.92,0.4466,0.7267,0.0,8.87,1.97,83.15,99.79,99.8,,,,,,,0.4975,3.562,3.827,0.1187,cuda,0.9103,0.9567,0.754,0.4756,,,0.9879,0.956,anatomical,0.575,off,,,,,,,,,,off,,,,6.118
evaluate_epoch_modelonly.csv,l10.1_phys0.5,modelonly,550,2026-09-18 23:40:33,legacy80,tfm_declip_cov_l10.1_anat,1.0,0.5,1500,306,0.065638,0.002605,75.56,94.28,8.9,6.29,2.98,1.37,89.3,2.66,1.16,2.75,1.12,1.15,0.4466,0.8922,0.0,8.87,3.17,83.15,99.63,99.7,,,,,,,0.6837,4.92,12.569,0.164,cuda,0.8515,0.921,1.087,0.4756,,,0.9761,0.918,anatomical,0.575,off,,,,,,,,,,off,,,,7.6524
evaluate_epoch_modelonly.csv,l10.1_phys0.5,modelonly,600,2026-09-18 23:41:38,legacy80,tfm_declip_cov_l10.1_anat,1.0,0.5,1500,306,0.065638,0.001551,75.56,96.19,8.9,4.96,2.98,1.33,93.1,3.48,0.94,2.84,0.97,1.24,0.4466,1.0116,0.0,8.87,3.41,83.15,99.4,97.8,,,,,,,0.7994,7.944,21.258,0.2648,cuda,0.7579,0.8009,2.058,0.4756,,,0.9251,0.8103,anatomical,0.575,off,,,,,,,,,,off,,,,16.6304
evaluate_epoch_modelonly.csv,l10.1_phys0.5,modelonly,650,2026-09-18 23:42:48,legacy80,tfm_declip_cov_l10.1_anat,1.0,0.5,1500,306,0.065638,0.001999,75.56,95.69,8.9,5.44,2.98,1.51,91.0,3.68,0.71,3.12,0.72,1.44,0.4466,0.9573,0.0,8.87,2.14,83.15,99.48,98.9,,,,,,,0.7394,6.557,15.064,0.2186,cuda,0.758,0.7924,2.241,0.4756,,,0.9116,0.7984,anatomical,0.575,off,,,,,,,,,,off,,,,13.9228
evaluate_epoch_modelonly.csv,l10.1_phys0.5,modelonly,700,2026-09-18 23:44:05,legacy80,tfm_declip_cov_l10.1_anat,1.0,0.5,1500,306,0.065638,0.000744,75.56,97.94,8.9,4.59,2.98,1.29,96.4,2.3,1.02,2.26,0.91,0.58,0.4466,0.736,0.0,8.87,2.15,83.15,99.61,98.9,,,,,,,0.4949,4.721,11.237,0.1574,cuda,0.9204,0.96,0.672,0.4756,,,0.9894,0.9626,anatomical,0.575,off,,,,,,,,,,off,,,,6.4513
evaluate_epoch_modelonly.csv,l10.1_phys0.5,modelonly,750,2026-09-18 23:45:22,legacy80,tfm_declip_cov_l10.1_anat,1.0,0.5,1500,306,0.065638,0.000665,75.56,97.94,8.9,4.35,2.98,1.37,96.1,2.32,0.99,2.19,0.9,0.61,0.4466,0.814,0.0,8.87,1.64,83.15,99.64,99.2,,,,,,,0.5759,5.245,16.182,0.1748,cuda,0.9007,0.9472,0.801,0.4756,,,0.9855,0.9501,anatomical,0.575,off,,,,,,,,,,off,,,,7.6727
evaluate_epoch_modelonly.csv,l10.1_phys0.5,modelonly,800,2026-09-18 23:46:39,legacy80,tfm_declip_cov_l10.1_anat,1.0,0.5,1500,306,0.065638,0.002045,75.56,96.22,8.9,4.77,2.98,1.57,91.8,2.32,0.97,2.14,0.86,0.53,0.4466,0.6946,0.0,8.87,3.96,83.15,99.08,96.6,,,,,,,0.4402,4.628,13.126,0.1543,cuda,0.9102,0.955,0.714,0.4756,,,0.9886,0.9592,anatomical,0.575,off,,,,,,,,,,off,,,,7.1618
evaluate_epoch_modelonly.csv,l10.1_phys0.5,modelonly,850,2026-09-18 23:47:58,legacy80,tfm_declip_cov_l10.1_anat,1.0,0.5,1500,306,0.065638,0.000785,75.56,97.69,8.9,3.78,2.98,1.33,95.8,2.14,1.07,1.99,0.92,0.4,0.4466,0.7005,0.0,8.87,3.06,83.15,99.41,98.0,,,,,,,0.4424,4.861,13.672,0.162,cuda,0.9401,0.9704,0.564,0.4756,,,0.9921,0.9725,anatomical,0.575,off,,,,,,,,,,off,,,,7.2508
evaluate_epoch_modelonly.csv,l10.1_phys0.5,modelonly,900,2026-09-18 23:49:12,legacy80,tfm_declip_cov_l10.1_anat,1.0,0.5,1500,306,0.065638,0.001637,75.56,96.82,8.9,5.84,2.98,1.39,93.9,2.85,0.79,2.27,0.79,0.75,0.4466,0.7672,0.0,8.87,3.5,83.15,99.04,97.8,,,,,,,0.5153,3.692,9.628,0.1231,cuda,0.8159,0.8682,1.441,0.4756,,,0.9572,0.877,anatomical,0.575,off,,,,,,,,,,off,,,,11.1566
evaluate_epoch_modelonly.csv,l10.1_phys0.5,modelonly,950,2026-09-18 23:50:28,legacy80,tfm_declip_cov_l10.1_anat,1.0,0.5,1500,306,0.065638,0.002017,75.56,96.72,8.9,5.78,2.98,1.59,92.8,2.34,0.96,2.05,0.88,0.53,0.4466,0.6127,0.0,8.87,2.05,83.15,99.56,99.4,,,,,,,0.3369,3.878,7.016,0.1293,cuda,0.8911,0.948,0.851,0.4756,,,0.9819,0.9394,anatomical,0.575,off,,,,,,,,,,off,,,,6.3618
evaluate_epoch_modelonly.csv,l10.1_phys0.5,modelonly,1000,2026-09-18 23:51:42,legacy80,tfm_declip_cov_l10.1_anat,1.0,0.5,1500,306,0.065638,0.002693,75.56,95.53,8.9,5.91,2.98,1.68,89.7,2.02,1.01,1.94,0.88,0.42,0.4466,0.624,0.0,8.87,2.56,83.15,99.12,98.4,,,,,,,0.3466,3.508,9.796,0.1169,cuda,0.9475,0.9773,0.505,0.4756,,,0.9933,0.9753,anatomical,0.575,off,,,,,,,,,,off,,,,6.8954
evaluate_epoch_modelonly.csv,l10.1_phys0.5,modelonly,1050,2026-09-18 23:52:46,legacy80,tfm_declip_cov_l10.1_anat,1.0,0.5,1500,306,0.065638,0.002028,75.56,96.54,8.9,5.11,2.98,1.6,92.4,1.9,1.02,1.85,0.89,0.29,0.4466,0.5834,0.0,8.87,2.17,83.15,99.54,99.4,,,,,,,0.291,3.889,12.951,0.1296,cuda,0.9727,0.9882,0.329,0.4756,,,0.9968,0.9883,anatomical,0.575,off,,,,,,,,,,off,,,,6.7029
evaluate_epoch_modelonly.csv,l10.1_phys0.5,modelonly,1100,2026-09-18 23:53:50,legacy80,tfm_declip_cov_l10.1_anat,1.0,0.5,1500,306,0.065638,0.000995,75.56,97.16,8.9,4.74,2.98,1.08,95.8,2.44,1.15,2.0,0.96,0.48,0.4466,0.6462,0.0,8.87,1.72,83.15,99.87,99.9,,,,,,,0.3624,4.276,10.092,0.1425,cuda,0.8657,0.9226,0.961,0.4756,,,0.9785,0.932,anatomical,0.575,off,,,,,,,,,,off,,,,8.5885
evaluate_epoch_modelonly.csv,l10.1_phys0.5,modelonly,1150,2026-09-18 23:54:56,legacy80,tfm_declip_cov_l10.1_anat,1.0,0.5,1500,306,0.065638,0.001584,75.56,96.84,8.9,4.79,2.98,1.5,93.5,1.99,0.97,1.88,0.87,0.32,0.4466,0.5571,0.0,8.87,2.32,83.15,99.58,99.6,,,,,,,0.2543,3.601,9.448,0.12,cuda,0.9621,0.9842,0.403,0.4756,,,0.9943,0.979,anatomical,0.575,off,,,,,,,,,,off,,,,6.4129
evaluate_epoch_modelonly.csv,l10.1_phys0.5,modelonly,1200,2026-09-18 23:55:59,legacy80,tfm_declip_cov_l10.1_anat,1.0,0.5,1500,306,0.065638,0.00129,75.56,97.16,8.9,5.32,2.98,1.47,94.3,1.9,1.02,1.78,0.92,0.22,0.4466,0.556,0.0,8.87,1.62,83.15,99.83,99.9,,,,,,,0.2518,4.588,13.785,0.1529,cuda,0.9718,0.9882,0.347,0.4756,,,0.9971,0.9889,anatomical,0.575,off,,,,,,,,,,off,,,,6.3946
evaluate_epoch_modelonly.csv,l10.1_phys0.5,modelonly,1250,2026-09-18 23:57:03,legacy80,tfm_declip_cov_l10.1_anat,1.0,0.5,1500,306,0.065638,0.002459,75.56,96.01,8.9,5.67,2.98,1.54,91.6,1.88,0.99,1.77,0.91,0.18,0.4466,0.5399,0.0,8.87,2.09,83.15,99.19,98.9,,,,,,,0.2309,3.638,9.328,0.1213,cuda,0.9811,0.9916,0.258,0.4756,,,0.998,0.9925,anatomical,0.575,off,,,,,,,,,,off,,,,6.446
evaluate_epoch_modelonly.csv,l10.1_phys0.5,modelonly,1300,2026-09-18 23:58:11,legacy80,tfm_declip_cov_l10.1_anat,1.0,0.5,1500,306,0.065638,0.002171,75.56,94.05,8.9,4.76,2.98,1.28,89.5,2.18,0.91,1.92,0.87,0.35,0.4466,0.5807,0.0,8.87,2.2,83.15,96.73,93.4,,,,,,,0.2768,4.212,12.161,0.1404,cuda,0.9233,0.961,0.638,0.4756,,,0.9904,0.9655,anatomical,0.575,off,,,,,,,,,,off,,,,7.3964
evaluate_epoch_modelonly.csv,l10.1_phys0.5,modelonly,1350,2026-09-18 23:59:18,legacy80,tfm_declip_cov_l10.1_anat,1.0,0.5,1500,306,0.065638,0.000903,75.56,97.86,8.9,4.41,2.98,1.28,96.2,1.97,1.01,1.81,0.93,0.24,0.4466,0.5519,0.0,8.87,1.34,83.15,99.92,99.9,,,,,,,0.2425,3.885,12.559,0.1295,cuda,0.9608,0.9822,0.403,0.4756,,,0.9954,0.9833,anatomical,0.575,off,,,,,,,,,,off,,,,6.6559
evaluate_epoch_modelonly.csv,l10.1_phys0.5,modelonly,1400,2026-09-19 00:00:22,legacy80,tfm_declip_cov_l10.1_anat,1.0,0.5,1500,306,0.065638,0.001137,75.56,97.4,8.9,4.93,2.98,1.37,95.1,2.0,1.0,1.79,0.9,0.25,0.4466,0.5438,0.0,8.87,1.56,83.15,99.91,99.9,,,,,,,0.2339,4.518,10.48,0.1506,cuda,0.9477,0.9776,0.472,0.4756,,,0.9946,0.9798,anatomical,0.575,off,,,,,,,,,,off,,,,6.5243
evaluate_epoch_modelonly.csv,l10.1_phys0.5,modelonly,1450,2026-09-19 00:01:25,legacy80,tfm_declip_cov_l10.1_anat,1.0,0.5,1500,306,0.065638,0.000924,75.56,97.69,8.9,4.57,2.98,1.15,96.4,2.54,1.03,2.09,0.93,0.52,0.4466,0.6105,0.0,8.87,1.91,83.15,99.91,99.9,,,,,,,0.3056,4.246,13.373,0.1415,cuda,0.852,0.9101,1.033,0.4756,,,0.9763,0.9218,anatomical,0.575,off,,,,,,,,,,off,,,,10.0947
evaluate_epoch_modelonly.csv,l10.1_phys0.5,modelonly,1500,2026-09-19 00:02:28,legacy80,tfm_declip_cov_l10.1_anat,1.0,0.5,1500,306,0.065638,0.000576,75.56,97.55,8.9,3.76,2.98,0.81,97.3,1.86,1.02,1.77,0.92,0.2,0.4466,0.527,0.0,8.87,1.59,83.15,99.89,99.9,,,,,,,0.2091,4.09,12.633,0.1363,cuda,0.9813,0.9928,0.265,0.4756,,,0.9982,0.9931,anatomical,0.575,off,,,,,,,,,,off,,,,6.4451
evaluate_epoch_modelonly.csv,l10.1_phys0.5,modelonly,1550,2026-09-23 21:40:52,legacy80,tfm_declip_cov_l10.1_anat,1.0,0.5,2500,306,0.065638,0.000841,75.56,97.96,8.9,4.69,2.98,1.27,96.4,1.93,0.93,1.77,0.91,0.21,0.4466,0.5385,0.0,8.87,1.42,83.15,99.95,99.9,,,,,,,0.2232,4.665,13.785,0.1555,cuda,0.9653,0.9858,0.369,0.4756,,,0.9967,0.9875,anatomical,0.575,off,,,,,,,,,,off,,,,6.74
evaluate_epoch_modelonly.csv,l10.1_phys0.5,modelonly,1600,2026-09-23 21:41:58,legacy80,tfm_declip_cov_l10.1_anat,1.0,0.5,2500,306,0.065638,0.000788,75.56,98.25,8.9,4.8,2.98,1.3,96.9,1.74,0.99,1.67,0.93,0.13,0.4466,0.5102,0.0,8.87,0.81,83.15,99.96,100.0,,,,,,,0.1855,2.556,4.847,0.0852,cuda,0.9921,0.9969,0.175,0.4756,,,0.9992,0.9969,anatomical,0.575,off,,,,,,,,,,off,,,,6.3852
evaluate_epoch_modelonly.csv,l10.1_phys0.5,modelonly,1650,2026-09-23 21:43:04,legacy80,tfm_declip_cov_l10.1_anat,1.0,0.5,2500,306,0.065638,0.000658,75.56,98.37,8.9,4.28,2.98,1.13,97.5,2.08,0.93,1.85,0.88,0.28,0.4466,0.5545,0.0,8.87,1.57,83.15,99.9,99.9,,,,,,,0.2451,9.65,21.802,0.3217,cuda,0.9403,0.9719,0.517,0.4756,,,0.9931,0.9745,anatomical,0.575,off,,,,,,,,,,off,,,,6.9346
evaluate_epoch_modelonly.csv,l10.1_phys0.5,modelonly,1700,2026-09-23 21:44:09,legacy80,tfm_declip_cov_l10.1_anat,1.0,0.5,2500,306,0.065638,0.000407,75.56,98.95,8.9,4.34,2.98,1.29,98.2,1.86,1.04,1.74,0.95,0.22,0.4466,0.533,0.0,8.87,0.91,83.15,99.98,100.0,,,,,,,0.2152,2.512,4.776,0.0837,cuda,0.9709,0.9875,0.34,0.4756,,,0.9969,0.9883,anatomical,0.575,off,,,,,,,,,,off,,,,6.4493
evaluate_epoch_modelonly.csv,l10.1_phys0.5,modelonly,1750,2026-09-23 21:45:21,legacy80,tfm_declip_cov_l10.1_anat,1.0,0.5,2500,306,0.065638,0.000179,75.56,99.51,8.9,3.39,2.98,1.22,99.2,1.81,1.03,1.71,0.95,0.17,0.4466,0.538,0.0,8.87,0.07,83.15,99.98,100.0,,,,,,,0.2208,4.204,11.025,0.1401,cuda,0.9814,0.9924,0.263,0.4756,,,0.9982,0.9933,anatomical,0.575,off,,,,,,,,,,off,,,,6.8586
evaluate_epoch_modelonly.csv,l10.1_phys0.5,modelonly,1800,2026-09-23 21:46:37,legacy80,tfm_declip_cov_l10.1_anat,1.0,0.5,2500,306,0.065638,0.000569,75.56,98.76,8.9,4.66,2.98,1.28,97.8,1.84,0.99,1.72,0.93,0.17,0.4466,0.527,0.0,8.87,0.48,83.15,99.95,100.0,,,,,,,0.209,2.718,5.053,0.0906,cuda,0.9779,0.9908,0.28,0.4756,,,0.9979,0.992,anatomical,0.575,off,,,,,,,,,,off,,,,6.5189
evaluate_epoch_modelonly.csv,l10.1_phys0.5,modelonly,1850,2026-09-23 21:47:45,legacy80,tfm_declip_cov_l10.1_anat,1.0,0.5,2500,306,0.065638,0.00049,75.56,98.98,8.9,4.98,2.98,1.28,98.2,1.96,1.02,1.73,0.95,0.22,0.4466,0.5365,0.0,8.87,0.56,83.15,99.97,100.0,,,,,,,0.2212,2.616,4.971,0.0872,cuda,0.9509,0.9797,0.443,0.4756,,,0.9956,0.9829,anatomical,0.575,off,,,,,,,,,,off,,,,6.5229
evaluate_epoch_modelonly.csv,l10.1_phys0.5,modelonly,1900,2026-09-23 21:48:50,legacy80,tfm_declip_cov_l10.1_anat,1.0,0.5,2500,306,0.065638,0.000442,75.56,99.14,8.9,4.64,2.98,1.31,98.4,1.74,1.0,1.68,0.95,0.13,0.4466,0.5122,0.0,8.87,1.01,83.15,99.96,100.0,,,,,,,0.1875,2.574,4.942,0.0858,cuda,0.9922,0.9969,0.164,0.4756,,,0.9992,0.9969,anatomical,0.575,off,,,,,,,,,,off,,,,6.4235
evaluate_epoch_modelonly.csv,l10.1_phys0.5,modelonly,1950,2026-09-23 21:49:54,legacy80,tfm_declip_cov_l10.1_anat,1.0,0.5,2500,306,0.065638,0.000211,75.56,99.58,8.9,3.59,2.98,1.39,99.2,1.82,1.0,1.7,0.94,0.15,0.4466,0.5222,0.0,8.87,1.21,83.15,99.95,100.0,,,,,,,0.1968,2.474,4.843,0.0825,cuda,0.9846,0.9939,0.241,0.4756,,,0.9986,0.9946,anatomical,0.575,off,,,,,,,,,,off,,,,6.4422
evaluate_epoch_modelonly.csv,l10.1_phys0.5,modelonly,2000,2026-09-23 21:51:00,legacy80,tfm_declip_cov_l10.1_anat,1.0,0.5,2500,306,0.065638,0.000397,75.56,99.41,8.9,5.08,2.98,1.5,98.8,1.95,1.02,1.77,0.96,0.24,0.4466,0.5516,0.0,8.87,0.41,83.15,99.97,100.0,,,,,,,0.2377,6.202,19.9,0.2067,cuda,0.9603,0.9819,0.398,0.4756,,,0.9955,0.9839,anatomical,0.575,off,,,,,,,,,,off,,,,7.0426
evaluate_epoch_modelonly.csv,l10.1_phys0.5,modelonly,2050,2026-09-23 21:52:05,legacy80,tfm_declip_cov_l10.1_anat,1.0,0.5,2500,306,0.065638,0.000287,75.56,99.55,8.9,4.46,2.98,1.45,99.1,1.77,0.99,1.69,0.95,0.14,0.4466,0.5233,0.0,8.87,0.92,83.15,99.97,100.0,,,,,,,0.2012,6.394,18.197,0.2131,cuda,0.9886,0.9954,0.198,0.4756,,,0.9989,0.9957,anatomical,0.575,off,,,,,,,,,,off,,,,6.5065
evaluate_epoch_modelonly.csv,l10.1_phys0.5,modelonly,2100,2026-09-23 21:53:13,legacy80,tfm_declip_cov_l10.1_anat,1.0,0.5,2500,306,0.065638,0.000387,75.56,99.4,8.9,5.14,2.98,1.4,98.8,1.69,1.0,1.65,0.94,0.11,0.4466,0.506,0.0,8.87,1.92,83.15,99.95,99.9,,,,,,,0.177,8.511,20.835,0.2837,cuda,0.9944,0.9978,0.14,0.4756,,,0.9994,0.9979,anatomical,0.575,off,,,,,,,,,,off,,,,6.4231
evaluate_epoch_modelonly.csv,l10.1_phys0.5,modelonly,2150,2026-09-23 21:54:24,legacy80,tfm_declip_cov_l10.1_anat,1.0,0.5,2500,306,0.065638,0.000241,75.56,99.68,8.9,4.67,2.98,1.71,99.3,1.76,1.01,1.69,0.94,0.18,0.4466,0.5204,0.0,8.87,0.79,83.15,99.97,100.0,,,,,,,0.1972,2.766,5.113,0.0922,cuda,0.9851,0.9939,0.228,0.4756,,,0.9986,0.9947,anatomical,0.575,off,,,,,,,,,,off,,,,6.4326
evaluate_epoch_modelonly.csv,l10.1_phys0.5,modelonly,2200,2026-09-23 21:55:39,legacy80,tfm_declip_cov_l10.1_anat,1.0,0.5,2500,306,0.065638,0.000196,75.56,99.69,8.9,4.55,2.98,1.61,99.3,1.68,1.0,1.65,0.94,0.12,0.4466,0.5125,0.0,8.87,1.52,83.15,99.98,100.0,,,,,,,0.1837,3.967,12.087,0.1322,cuda,0.9946,0.9978,0.139,0.4756,,,0.9993,0.9975,anatomical,0.575,off,,,,,,,,,,off,,,,6.623
evaluate_epoch_modelonly.csv,l10.1_phys0.5,modelonly,2250,2026-09-23 21:56:57,legacy80,tfm_declip_cov_l10.1_anat,1.0,0.5,2500,306,0.065638,0.00038,75.56,99.42,8.9,5.11,2.98,1.49,98.8,1.8,1.03,1.71,0.94,0.14,0.4466,0.5162,0.0,8.87,2.02,83.15,99.95,99.9,,,,,,,0.1883,9.055,24.381,0.3018,cuda,0.9846,0.9939,0.232,0.4756,,,0.9986,0.9947,anatomical,0.575,off,,,,,,,,,,off,,,,6.505
evaluate_epoch_modelonly.csv,l10.1_phys0.5,modelonly,2300,2026-09-23 21:58:15,legacy80,tfm_declip_cov_l10.1_anat,1.0,0.5,2500,306,0.065638,0.000366,75.56,98.15,8.9,5.06,2.98,0.68,98.3,1.74,0.99,1.71,0.93,0.14,0.4466,0.513,0.0,8.87,1.25,83.15,99.92,99.9,,,,,,,0.1827,9.474,24.958,0.3158,cuda,0.9899,0.9962,0.18,0.4756,,,0.9988,0.9953,anatomical,0.575,off,,,,,,,,,,off,,,,6.4423
evaluate_epoch_modelonly.csv,l10.1_phys0.5,modelonly,2350,2026-09-23 21:59:32,legacy80,tfm_declip_cov_l10.1_anat,1.0,0.5,2500,306,0.065638,0.000366,75.56,99.54,8.9,6.19,2.98,1.68,98.9,1.87,1.04,1.71,0.97,0.21,0.4466,0.5285,0.0,8.87,3.66,83.15,99.92,99.8,,,,,,,0.2079,2.818,4.955,0.0939,cuda,0.9628,0.9852,0.38,0.4756,,,0.9967,0.9874,anatomical,0.575,off,,,,,,,,,,off,,,,6.4908
evaluate_epoch_modelonly.csv,l10.1_phys0.5,modelonly,2400,2026-09-23 22:00:47,legacy80,tfm_declip_cov_l10.1_anat,1.0,0.5,2500,306,0.065638,0.000247,75.56,99.69,8.9,5.83,2.98,1.77,99.3,1.67,0.99,1.61,0.95,0.11,0.4466,0.515,0.0,8.87,2.29,83.15,99.96,99.9,,,,,,,0.1864,2.693,5.001,0.0898,cuda,0.9938,0.9976,0.147,0.4756,,,0.9994,0.9976,anatomical,0.575,off,,,,,,,,,,off,,,,6.4136
evaluate_epoch_modelonly.csv,l10.1_phys0.5,modelonly,2450,2026-09-23 22:02:01,legacy80,tfm_declip_cov_l10.1_anat,1.0,0.5,2500,306,0.065638,0.000353,75.56,99.59,8.9,5.68,2.98,1.68,99.0,1.67,1.01,1.62,0.96,0.11,0.4466,0.5147,0.0,8.87,1.57,83.15,99.92,99.9,,,,,,,0.1859,2.85,5.095,0.095,cuda,0.9934,0.9974,0.147,0.4756,,,0.9994,0.9976,anatomical,0.575,off,,,,,,,,,,off,,,,6.4428
evaluate_epoch_modelonly.csv,l10.1_phys0.5,modelonly,2500,2026-09-23 22:03:15,legacy80,tfm_declip_cov_l10.1_anat,1.0,0.5,2500,306,0.065638,0.000448,75.56,99.38,8.9,4.78,2.98,1.59,98.7,1.62,1.01,1.58,0.96,0.1,0.4466,0.5192,0.0,8.87,2.15,83.15,99.88,99.8,,,,,,,0.1884,2.714,5.014,0.0905,cuda,0.9953,0.9982,0.122,0.4756,,,0.9995,0.9982,anatomical,0.575,off,,,,,,,,,,off,,,,6.423
evaluate_epoch_modelonly.csv,l10.1_phys0.5,modelonly,2550,2026-09-24 17:23:43,legacy80,tfm_declip_cov_l10.1_anat,1.0,0.5,3000,306,0.065638,0.000264,75.56,99.54,8.9,4.2,2.98,1.49,99.1,1.62,1.01,1.58,0.97,0.1,0.4466,0.5266,0.0,8.87,1.94,83.15,99.92,99.9,,,,,,,0.196,3.083,3.796,0.1028,cuda,0.9944,0.9978,0.127,0.4756,,,0.9995,0.998,anatomical,0.575,off,,,,,,,,,,off,,,,6.5168
evaluate_epoch_modelonly.csv,l10.1_phys0.5,modelonly,2600,2026-09-24 17:24:51,legacy80,tfm_declip_cov_l10.1_anat,1.0,0.5,3000,306,0.065638,0.000258,75.56,99.56,8.9,4.2,2.98,1.5,99.1,1.61,1.02,1.56,0.98,0.1,0.4466,0.5237,0.0,8.87,1.74,83.15,99.92,99.9,,,,,,,0.1933,3.556,3.807,0.1185,cuda,0.9948,0.998,0.124,0.4756,,,0.9995,0.9981,anatomical,0.575,off,,,,,,,,,,off,,,,6.4862
evaluate_epoch_modelonly.csv,l10.1_phys0.5,modelonly,2650,2026-09-24 17:25:59,legacy80,tfm_declip_cov_l10.1_anat,1.0,0.5,3000,306,0.065638,0.000164,75.56,99.51,8.9,4.17,2.98,1.08,99.3,1.62,1.0,1.55,0.97,0.11,0.4466,0.5291,0.0,8.87,1.62,83.15,99.93,99.9,,,,,,,0.1998,3.58,3.81,0.1193,cuda,0.9909,0.9964,0.169,0.4756,,,0.9991,0.9967,anatomical,0.575,off,,,,,,,,,,off,,,,6.6223
evaluate_epoch_modelonly.csv,l10.1_phys0.5,modelonly,2700,2026-09-24 17:27:08,legacy80,tfm_declip_cov_l10.1_anat,1.0,0.5,3000,306,0.065638,0.000449,75.56,99.36,8.9,5.09,2.98,1.52,98.7,1.6,1.03,1.55,0.99,0.1,0.4466,0.5279,0.0,8.87,3.16,83.15,99.89,99.7,,,,,,,0.1959,3.58,3.822,0.1193,cuda,0.9941,0.9977,0.137,0.4756,,,0.9994,0.9978,anatomical,0.575,off,,,,,,,,,,off,,,,6.5924
evaluate_epoch_modelonly.csv,l10.1_phys0.5,modelonly,2750,2026-09-24 17:28:15,legacy80,tfm_declip_cov_l10.1_anat,1.0,0.5,3000,306,0.065638,0.000259,75.56,99.14,8.9,4.49,2.98,1.04,98.8,1.5,1.07,1.48,1.02,0.13,0.4466,0.535,0.0,8.87,2.25,83.15,99.89,99.8,,,,,,,0.2048,3.55,3.816,0.1183,cuda,0.9923,0.9971,0.152,0.4756,,,0.9992,0.997,anatomical,0.575,off,,,,,,,,,,off,,,,6.7218
evaluate_epoch_modelonly.csv,l10.1_phys0.5,modelonly,2800,2026-09-24 17:29:24,legacy80,tfm_declip_cov_l10.1_anat,1.0,0.5,3000,306,0.065638,0.000122,75.56,99.49,8.9,2.91,2.98,0.96,99.3,1.69,1.06,1.54,1.01,0.23,0.4466,0.5567,0.0,8.87,1.32,83.15,99.95,99.9,,,,,,,0.2387,3.584,3.799,0.1195,cuda,0.9522,0.9794,0.426,0.4756,,,0.9954,0.9827,anatomical,0.575,off,,,,,,,,,,off,,,,6.8513
evaluate_epoch_modelonly.csv,l10.1_phys0.5,modelonly,2850,2026-09-24 17:30:32,legacy80,tfm_declip_cov_l10.1_anat,1.0,0.5,3000,306,0.065638,0.000235,75.56,99.54,8.9,5.14,2.98,1.23,99.2,1.71,1.0,1.63,0.99,0.19,0.4466,0.5408,0.0,8.87,2.76,83.15,99.91,99.7,,,,,,,0.2173,3.547,3.802,0.1182,cuda,0.9793,0.9918,0.264,0.4756,,,0.9978,0.9917,anatomical,0.575,off,,,,,,,,,,off,,,,6.7251
evaluate_epoch_modelonly.csv,l10.1_phys0.5,modelonly,2900,2026-09-24 17:31:40,legacy80,tfm_declip_cov_l10.1_anat,1.0,0.5,3000,306,0.065638,0.000202,75.56,99.25,8.9,3.76,2.98,0.91,99.1,1.53,1.05,1.49,1.03,0.13,0.4466,0.5333,0.0,8.87,1.45,83.15,99.86,99.8,,,,,,,0.2015,3.567,3.807,0.1189,cuda,0.9913,0.9967,0.17,0.4756,,,0.9992,0.9968,anatomical,0.575,off,,,,,,,,,,off,,,,6.6717
evaluate_epoch_modelonly.csv,l10.1_phys0.5,modelonly,2950,2026-09-24 17:32:48,legacy80,tfm_declip_cov_l10.1_anat,1.0,0.5,3000,306,0.065638,0.000437,75.56,98.93,8.9,4.51,2.98,1.2,98.2,1.53,1.05,1.48,1.02,0.13,0.4466,0.537,0.0,8.87,2.2,83.15,99.84,99.6,,,,,,,0.2101,3.619,3.813,0.1206,cuda,0.9875,0.9948,0.188,0.4756,,,0.9988,0.9955,anatomical,0.575,off,,,,,,,,,,off,,,,6.5754
evaluate_epoch_modelonly.csv,l10.1_phys0.5,modelonly,3000,2026-09-24 17:33:56,legacy80,tfm_declip_cov_l10.1_anat,1.0,0.5,3000,306,0.065638,0.000222,75.56,99.13,8.9,4.02,2.98,1.04,98.8,1.46,1.08,1.44,1.05,0.1,0.4466,0.5261,0.0,8.87,1.09,83.15,99.83,99.8,,,,,,,0.1886,3.668,3.82,0.1223,cuda,0.9945,0.9979,0.133,0.4756,,,0.9995,0.9979,anatomical,0.575,off,,,,,,,,,,off,,,,6.5348
evaluate_epoch_modelonly.csv,l10.1_phys0.5,modelonly,3050,2026-09-27 12:43:01,legacy80,tfm_declip_cov_l10.1_anat,1.0,0.5,4000,306,0.065638,0.000103,75.56,99.55,8.9,3.56,2.98,0.88,99.5,1.44,1.08,1.43,1.04,0.1,0.4466,0.5271,0.0,8.87,1.66,83.15,99.92,99.9,,,,,,,0.1918,2.992,3.537,0.0997,cuda,0.9943,0.9978,0.126,0.4756,,,0.9995,0.998,anatomical,0.575,off,,,,,,,,,,off,,,,6.5575
evaluate_epoch_modelonly.csv,l10.1_phys0.5,modelonly,3100,2026-09-27 12:44:02,legacy80,tfm_declip_cov_l10.1_anat,1.0,0.5,4000,306,0.065638,0.000152,75.56,99.28,8.9,3.23,2.98,0.95,99.1,1.45,1.08,1.43,1.05,0.12,0.4466,0.5307,0.0,8.87,1.62,83.15,99.86,99.8,,,,,,,0.1966,3.35,3.976,0.1117,cuda,0.9908,0.9966,0.172,0.4756,,,0.999,0.9963,anatomical,0.575,off,,,,,,,,,,off,,,,6.6207
evaluate_epoch_modelonly.csv,l10.1_phys0.5,modelonly,3150,2026-09-27 12:45:16,legacy80,tfm_declip_cov_l10.1_anat,1.0,0.5,4000,306,0.065638,0.000119,75.56,99.42,8.9,3.29,2.98,0.93,99.3,1.41,1.1,1.4,1.06,0.11,0.4466,0.5361,0.0,8.87,2.31,83.15,99.88,99.8,,,,,,,0.2064,5.028,12.487,0.1676,cuda,0.9931,0.9973,0.14,0.4756,,,0.9993,0.9975,anatomical,0.575,off,,,,,,,,,,off,,,,6.8002
evaluate_epoch_modelonly.csv,l10.1_phys0.5,modelonly,3200,2026-09-27 12:46:26,legacy80,tfm_declip_cov_l10.1_anat,1.0,0.5,4000,306,0.065638,0.000127,75.56,99.24,8.9,3.33,2.98,0.83,99.1,1.36,1.1,1.37,1.05,0.1,0.4466,0.5273,0.0,8.87,3.33,83.15,99.87,99.6,,,,,,,0.1927,3.675,3.858,0.1225,cuda,0.9957,0.9983,0.112,0.4756,,,0.9996,0.9984,anatomical,0.575,off,,,,,,,,,,off,,,,6.665
evaluate_epoch_modelonly.csv,l10.1_phys0.5,modelonly,3250,2026-09-27 12:47:27,legacy80,tfm_declip_cov_l10.1_anat,1.0,0.5,4000,306,0.065638,0.000239,75.56,98.95,8.9,3.1,2.98,1.21,98.3,1.37,1.11,1.37,1.06,0.09,0.4466,0.5251,0.0,8.87,3.1,83.15,99.85,99.7,,,,,,,0.1889,3.486,3.525,0.1162,cuda,0.9956,0.9983,0.115,0.4756,,,0.9996,0.9984,anatomical,0.575,off,,,,,,,,,,off,,,,6.631
evaluate_epoch_modelonly.csv,l10.1_phys0.5,modelonly,3300,2026-09-27 12:48:26,legacy80,tfm_declip_cov_l10.1_anat,1.0,0.5,4000,306,0.065638,0.000155,75.56,99.36,8.9,4.03,2.98,0.83,99.3,1.43,1.1,1.42,1.05,0.1,0.4466,0.5331,0.0,8.87,1.8,83.15,99.87,99.8,,,,,,,0.2015,3.503,3.788,0.1168,cuda,0.9927,0.997,0.14,0.4756,,,0.9993,0.9973,anatomical,0.575,off,,,,,,,,,,off,,,,6.7061
evaluate_epoch_modelonly.csv,l10.1_phys0.5,modelonly,3350,2026-09-27 12:49:27,legacy80,tfm_declip_cov_l10.1_anat,1.0,0.5,4000,306,0.065638,0.000125,75.56,99.25,8.9,3.67,2.98,0.89,99.1,1.33,1.11,1.36,1.06,0.1,0.4466,0.5312,0.0,8.87,3.67,83.15,99.88,99.6,,,,,,,0.197,3.835,5.247,0.1278,cuda,0.9958,0.9984,0.107,0.4756,,,0.9996,0.9985,anatomical,0.575,off,,,,,,,,,,off,,,,6.8269
evaluate_epoch_modelonly.csv,l10.1_phys0.5,modelonly,3400,2026-09-27 12:50:38,legacy80,tfm_declip_cov_l10.1_anat,1.0,0.5,4000,306,0.065638,0.000159,75.56,99.1,8.9,3.11,2.98,0.94,98.8,1.4,1.1,1.39,1.06,0.1,0.4466,0.5342,0.0,8.87,3.11,83.15,99.85,99.7,,,,,,,0.2032,2.856,6.883,0.0952,cuda,0.9934,0.9974,0.135,0.4756,,,0.9994,0.9976,anatomical,0.575,off,,,,,,,,,,off,,,,6.7971
evaluate_epoch_modelonly.csv,l10.1_phys0.5,modelonly,3450,2026-09-27 12:51:52,legacy80,tfm_declip_cov_l10.1_anat,1.0,0.5,4000,306,0.065638,0.000228,75.56,99.13,8.9,3.55,2.98,1.15,98.6,1.39,1.11,1.39,1.06,0.1,0.4466,0.5311,0.0,8.87,3.16,83.15,99.85,99.6,,,,,,,0.1983,2.838,7.647,0.0946,cuda,0.9938,0.9976,0.132,0.4756,,,0.9994,0.9978,anatomical,0.575,off,,,,,,,,,,off,,,,6.691
evaluate_epoch_modelonly.csv,l10.1_phys0.5,modelonly,3500,2026-09-27 12:53:06,legacy80,tfm_declip_cov_l10.1_anat,1.0,0.5,4000,306,0.065638,0.000117,75.56,99.35,8.9,3.4,2.98,0.84,99.2,1.36,1.12,1.38,1.07,0.1,0.4466,0.529,0.0,8.87,2.47,83.15,99.86,99.7,,,,,,,0.1939,2.88,7.85,0.096,cuda,0.9959,0.9984,0.119,0.4756,,,0.9996,0.9984,anatomical,0.575,off,,,,,,,,,,off,,,,6.7204
evaluate_epoch_modelonly.csv,l10.1_phys0.5,modelonly,3550,2026-09-27 12:54:20,legacy80,tfm_declip_cov_l10.1_anat,1.0,0.5,4000,306,0.065638,0.000217,75.56,99.1,8.9,4.06,2.98,1.02,98.7,1.38,1.11,1.37,1.07,0.09,0.4466,0.5312,0.0,8.87,2.25,83.15,99.85,99.7,,,,,,,0.1948,3.007,7.894,0.1002,cuda,0.9954,0.9983,0.119,0.4756,,,0.9996,0.9983,anatomical,0.575,off,,,,,,,,,,off,,,,6.845
evaluate_epoch_modelonly.csv,l10.1_phys0.5,modelonly,3600,2026-09-27 12:55:35,legacy80,tfm_declip_cov_l10.1_anat,1.0,0.5,4000,306,0.065638,0.000279,75.56,98.76,8.9,3.86,2.98,0.93,98.4,1.44,1.12,1.39,1.07,0.12,0.4466,0.5379,0.0,8.87,3.09,83.15,99.83,99.6,,,,,,,0.2055,2.673,7.326,0.0891,cuda,0.9863,0.9947,0.209,0.4756,,,0.9988,0.9953,anatomical,0.575,off,,,,,,,,,,off,,,,6.6996
evaluate_epoch_modelonly.csv,l10.1_phys0.5,modelonly,3650,2026-09-27 12:56:49,legacy80,tfm_declip_cov_l10.1_anat,1.0,0.5,4000,306,0.065638,0.000337,75.56,98.89,8.9,4.29,2.98,1.3,98.0,1.35,1.12,1.35,1.07,0.09,0.4466,0.5272,0.0,8.87,3.76,83.15,99.86,99.5,,,,,,,0.193,2.883,7.87,0.0961,cuda,0.995,0.998,0.114,0.4756,,,0.9995,0.9981,anatomical,0.575,off,,,,,,,,,,off,,,,6.6246
evaluate_epoch_modelonly.csv,l10.1_phys0.5,modelonly,3700,2026-09-27 12:58:04,legacy80,tfm_declip_cov_l10.1_anat,1.0,0.5,4000,306,0.065638,0.000146,75.56,99.39,8.9,3.42,2.98,0.93,99.2,1.37,1.11,1.37,1.07,0.1,0.4466,0.534,0.0,8.87,3.0,83.15,99.87,99.7,,,,,,,0.2006,3.515,7.905,0.1172,cuda,0.9943,0.9977,0.123,0.4756,,,0.9994,0.9979,anatomical,0.575,off,,,,,,,,,,off,,,,6.669
evaluate_epoch_modelonly.csv,l10.1_phys0.5,modelonly,3750,2026-09-27 12:59:13,legacy80,tfm_declip_cov_l10.1_anat,1.0,0.5,4000,306,0.065638,0.000194,75.56,99.18,8.9,3.69,2.98,0.94,98.9,1.35,1.12,1.37,1.08,0.09,0.4466,0.5262,0.0,8.87,2.84,83.15,99.85,99.6,,,,,,,0.1893,2.554,7.338,0.0851,cuda,0.9957,0.9983,0.104,0.4756,,,0.9996,0.9984,anatomical,0.575,off,,,,,,,,,,off,,,,6.5791
evaluate_epoch_modelonly.csv,l10.1_phys0.5,modelonly,3800,2026-09-27 13:00:20,legacy80,tfm_declip_cov_l10.1_anat,1.0,0.5,4000,306,0.065638,0.000197,75.56,98.65,8.9,3.8,2.98,0.72,98.7,1.36,1.12,1.35,1.08,0.09,0.4466,0.529,0.0,8.87,3.8,83.15,99.85,99.5,,,,,,,0.1908,2.782,7.791,0.0927,cuda,0.9947,0.998,0.118,0.4756,,,0.9995,0.998,anatomical,0.575,off,,,,,,,,,,off,,,,6.6588
evaluate_epoch_modelonly.csv,l10.1_phys0.5,modelonly,3850,2026-09-27 13:01:29,legacy80,tfm_declip_cov_l10.1_anat,1.0,0.5,4000,306,0.065638,0.00014,75.56,99.32,8.9,3.65,2.98,0.86,99.2,1.42,1.1,1.39,1.07,0.1,0.4466,0.537,0.0,8.87,2.85,83.15,99.87,99.7,,,,,,,0.2033,2.718,7.7,0.0906,cuda,0.9904,0.9962,0.165,0.4756,,,0.9991,0.9967,anatomical,0.575,off,,,,,,,,,,off,,,,6.6942
evaluate_epoch_modelonly.csv,l10.1_phys0.5,modelonly,3900,2026-09-27 13:02:39,legacy80,tfm_declip_cov_l10.1_anat,1.0,0.5,4000,306,0.065638,0.00011,75.56,99.44,8.9,3.55,2.98,0.88,99.3,1.34,1.14,1.34,1.08,0.09,0.4466,0.5261,0.0,8.87,3.55,83.15,99.85,99.6,,,,,,,0.1901,2.703,7.429,0.0901,cuda,0.9955,0.9983,0.111,0.4756,,,0.9995,0.9983,anatomical,0.575,off,,,,,,,,,,off,,,,6.482
evaluate_epoch_modelonly.csv,l10.1_phys0.5,modelonly,3950,2026-09-27 13:03:49,legacy80,tfm_declip_cov_l10.1_anat,1.0,0.5,4000,306,0.065638,0.00015,75.56,99.23,8.9,3.42,2.98,0.84,99.1,1.35,1.12,1.34,1.08,0.08,0.4466,0.524,0.0,8.87,3.11,83.15,99.85,99.6,,,,,,,0.1862,2.918,7.665,0.0973,cuda,0.9946,0.998,0.123,0.4756,,,0.9995,0.9981,anatomical,0.575,off,,,,,,,,,,off,,,,6.6402
evaluate_epoch_modelonly.csv,l10.1_phys0.5,modelonly,4000,2026-09-27 13:04:58,legacy80,tfm_declip_cov_l10.1_anat,1.0,0.5,4000,306,0.065638,0.000117,75.56,99.32,8.9,3.73,2.98,0.93,99.1,1.38,1.14,1.37,1.09,0.13,0.4466,0.5363,0.0,8.87,3.73,83.15,99.85,99.5,,,,,,,0.2056,2.819,7.839,0.094,cuda,0.9894,0.9959,0.193,0.4756,,,0.9991,0.9964,anatomical,0.575,off,,,,,,,,,,off,,,,6.636
evaluate_epoch_modelonly.csv,l10.1_phys0.5,modelonly,50,2026-09-18 23:35:46,persistent,tfm_declip_cov_l10.1_anat,1.0,0.5,1500,306,0.197823,0.005162,23.78,95.44,9.09,6.32,3.23,2.04,96.2,4.94,1.01,4.38,1.15,3.44,0.5042,1.2381,0.0,8.92,4.95,23.65,97.56,97.8,,,,,,,1.0511,5.903,17.592,0.1968,cuda,0.6153,0.6528,4.162,0.4756,,,0.7842,0.6076,anatomical,0.575,off,,,,,,,,,,off,,,,21.487
evaluate_epoch_modelonly.csv,l10.1_phys0.5,modelonly,100,2026-09-11 23:43:04,persistent,tfm_declip_cov_l10.1_anat,1.0,0.5,500,306,0.197823,0.00635,23.78,96.88,9.09,6.95,3.23,2.9,96.3,3.69,1.23,3.24,1.0,2.37,0.5042,1.0551,0.0,8.92,5.12,23.65,98.12,97.7,,,,,,,0.8353,3.837,4.723,0.1279,cuda,0.7008,0.7592,2.794,0.4756,,,0.8686,0.7205,anatomical,0.575,off,,,,,,,,,,off,,,,13.7718
evaluate_epoch_modelonly.csv,l10.1_phys0.5,modelonly,150,2026-09-18 23:36:50,persistent,tfm_declip_cov_l10.1_anat,1.0,0.5,1500,306,0.197823,0.000776,23.78,98.56,9.09,4.78,3.23,1.39,99.2,3.32,1.0,2.77,0.92,1.94,0.5042,0.8702,0.0,8.92,4.01,23.65,99.6,99.7,,,,,,,0.6246,6.325,17.267,0.2108,cuda,0.7141,0.7758,2.543,0.4756,,,0.8894,0.7437,anatomical,0.575,off,,,,,,,,,,off,,,,13.0042
evaluate_epoch_modelonly.csv,l10.1_phys0.5,modelonly,200,2026-09-11 23:44:15,persistent,tfm_declip_cov_l10.1_anat,1.0,0.5,500,306,0.197823,0.000894,23.78,97.88,9.09,5.97,3.23,1.24,98.9,2.97,0.8,2.6,0.91,1.86,0.5042,0.8543,0.0,8.92,4.98,23.65,99.74,99.9,,,,,,,0.6038,4.488,7.419,0.1496,cuda,0.7285,0.7878,2.337,0.4756,,,0.904,0.7674,anatomical,0.575,off,,,,,,,,,,off,,,,15.4025
evaluate_epoch_modelonly.csv,l10.1_phys0.5,modelonly,250,2026-09-18 23:37:56,persistent,tfm_declip_cov_l10.1_anat,1.0,0.5,1500,306,0.197823,0.001881,23.78,97.97,9.09,5.39,3.23,1.91,98.4,2.66,0.85,2.35,0.86,1.61,0.5042,0.8076,0.0,8.92,4.84,23.65,98.88,99.0,,,,,,,0.5457,7.607,20.364,0.2536,cuda,0.7577,0.8246,1.98,0.4756,,,0.9234,0.8082,anatomical,0.575,off,,,,,,,,,,off,,,,11.7356
evaluate_epoch_modelonly.csv,l10.1_phys0.5,modelonly,300,2026-09-11 23:45:23,persistent,tfm_declip_cov_l10.1_anat,1.0,0.5,500,306,0.197823,0.000894,23.78,97.94,9.09,5.64,3.23,1.18,99.0,2.43,0.96,1.99,0.82,1.27,0.5042,0.8189,0.0,8.92,5.02,23.65,99.75,99.7,,,,,,,0.5519,3.62,3.839,0.1207,cuda,0.8057,0.8627,1.674,0.4756,,,0.942,0.8521,anatomical,0.575,off,,,,,,,,,,off,,,,10.4606
evaluate_epoch_modelonly.csv,l10.1_phys0.5,modelonly,350,2026-09-18 23:39:00,persistent,tfm_declip_cov_l10.1_anat,1.0,0.5,1500,306,0.197823,0.001952,23.78,98.19,9.09,6.3,3.23,2.03,98.5,2.4,0.82,1.98,0.81,1.27,0.5042,0.8548,0.0,8.92,4.85,23.65,99.65,99.7,,,,,,,0.5907,5.353,13.219,0.1784,cuda,0.7941,0.8531,1.725,0.4756,,,0.9393,0.8423,anatomical,0.575,off,,,,,,,,,,off,,,,13.9811
evaluate_epoch_modelonly.csv,l10.1_phys0.5,modelonly,400,2026-09-11 23:46:30,persistent,tfm_declip_cov_l10.1_anat,1.0,0.5,500,306,0.197823,0.001487,23.78,96.66,9.09,4.93,3.23,1.31,98.2,1.96,0.85,1.64,0.77,0.97,0.5042,0.8199,0.0,8.92,4.93,23.65,99.64,99.7,,,,,,,0.5449,3.613,3.844,0.1204,cuda,0.8496,0.8992,1.266,0.4756,,,0.9626,0.8979,anatomical,0.575,off,,,,,,,,,,off,,,,10.1535
evaluate_epoch_modelonly.csv,l10.1_phys0.5,modelonly,450,2026-09-18 23:40:04,persistent,tfm_declip_cov_l10.1_anat,1.0,0.5,1500,306,0.197823,0.000658,23.78,98.45,9.09,6.37,3.23,1.16,99.3,2.21,0.85,1.94,0.81,1.23,0.5042,0.8573,0.0,8.92,5.13,23.65,99.61,99.7,,,,,,,0.5986,5.569,12.599,0.1856,cuda,0.8209,0.8791,1.542,0.4756,,,0.9455,0.857,anatomical,0.575,off,,,,,,,,,,off,,,,9.4721
evaluate_epoch_modelonly.csv,l10.1_phys0.5,modelonly,500,2026-09-11 23:47:36,persistent,tfm_declip_cov_l10.1_anat,1.0,0.5,500,306,0.197823,0.001327,23.78,97.86,9.09,6.33,3.23,1.6,98.6,1.81,0.89,1.54,0.74,0.9,0.5042,0.8557,0.0,8.92,5.14,23.65,99.73,99.7,,,,,,,0.5829,3.613,3.831,0.1204,cuda,0.8681,0.9105,1.173,0.4756,,,0.9657,0.9094,anatomical,0.575,off,,,,,,,,,,off,,,,8.6973
evaluate_epoch_modelonly.csv,l10.1_phys0.5,modelonly,550,2026-09-18 23:41:08,persistent,tfm_declip_cov_l10.1_anat,1.0,0.5,1500,306,0.197823,0.003026,23.78,96.69,9.09,5.45,3.23,1.68,97.7,1.9,0.66,1.71,0.87,1.11,0.5042,1.0327,0.0,8.92,5.13,23.65,99.38,99.4,,,,,,,0.7895,6.266,14.191,0.2089,cuda,0.8356,0.8897,1.355,0.4756,,,0.9592,0.8872,anatomical,0.575,off,,,,,,,,,,off,,,,11.4858
evaluate_epoch_modelonly.csv,l10.1_phys0.5,modelonly,600,2026-09-18 23:42:15,persistent,tfm_declip_cov_l10.1_anat,1.0,0.5,1500,306,0.197823,0.000653,23.78,97.51,9.09,4.18,3.23,0.96,99.0,2.01,0.59,1.62,0.78,1.05,0.5042,1.0818,0.0,8.92,2.36,23.65,99.91,100.0,,,,,,,0.851,8.593,21.982,0.2864,cuda,0.8103,0.863,1.58,0.4756,,,0.9484,0.8623,anatomical,0.575,off,,,,,,,,,,off,,,,13.7611
evaluate_epoch_modelonly.csv,l10.1_phys0.5,modelonly,650,2026-09-18 23:43:29,persistent,tfm_declip_cov_l10.1_anat,1.0,0.5,1500,306,0.197823,0.000384,23.78,98.52,9.09,3.0,3.23,0.96,99.4,1.74,0.64,1.52,0.74,0.99,0.5042,0.9459,0.0,8.92,0.99,23.65,99.79,100.0,,,,,,,0.6988,6.075,13.522,0.2025,cuda,0.8299,0.8889,1.351,0.4756,,,0.9594,0.8855,anatomical,0.575,off,,,,,,,,,,off,,,,10.017
evaluate_epoch_modelonly.csv,l10.1_phys0.5,modelonly,700,2026-09-18 23:44:46,persistent,tfm_declip_cov_l10.1_anat,1.0,0.5,1500,306,0.197823,0.000585,23.78,98.19,9.09,4.21,3.23,1.12,99.2,1.43,0.56,1.24,0.66,0.68,0.5042,0.8801,0.0,8.92,2.32,23.65,99.73,99.9,,,,,,,0.6176,3.478,10.777,0.1159,cuda,0.8794,0.9227,1.006,0.4756,,,0.9737,0.9262,anatomical,0.575,off,,,,,,,,,,off,,,,8.834
evaluate_epoch_modelonly.csv,l10.1_phys0.5,modelonly,750,2026-09-18 23:46:03,persistent,tfm_declip_cov_l10.1_anat,1.0,0.5,1500,306,0.197823,0.000241,23.78,98.29,9.09,2.92,3.23,0.75,99.5,1.5,0.58,1.25,0.71,0.73,0.5042,0.99,0.0,8.92,0.95,23.65,99.92,100.0,,,,,,,0.7384,3.698,7.923,0.1233,cuda,0.8674,0.9179,1.082,0.4756,,,0.9721,0.9192,anatomical,0.575,off,,,,,,,,,,off,,,,10.4668
evaluate_epoch_modelonly.csv,l10.1_phys0.5,modelonly,800,2026-09-18 23:47:22,persistent,tfm_declip_cov_l10.1_anat,1.0,0.5,1500,306,0.197823,0.000381,23.78,98.25,9.09,3.91,3.23,1.05,99.3,1.18,0.54,1.05,0.62,0.57,0.5042,0.7711,0.0,8.92,1.66,23.65,99.84,99.9,,,,,,,0.4909,4.258,11.005,0.1419,cuda,0.9111,0.9494,0.764,0.4756,,,0.9835,0.9511,anatomical,0.575,off,,,,,,,,,,off,,,,7.9881
evaluate_epoch_modelonly.csv,l10.1_phys0.5,modelonly,850,2026-09-18 23:48:36,persistent,tfm_declip_cov_l10.1_anat,1.0,0.5,1500,306,0.197823,0.00036,23.78,99.01,9.09,3.38,3.23,1.33,99.5,1.11,0.49,0.98,0.58,0.48,0.5042,0.8181,0.0,8.92,1.93,23.65,99.73,99.9,,,,,,,0.5382,3.898,9.666,0.1299,cuda,0.9203,0.9546,0.687,0.4756,,,0.9861,0.9571,anatomical,0.575,off,,,,,,,,,,off,,,,8.3368
evaluate_epoch_modelonly.csv,l10.1_phys0.5,modelonly,900,2026-09-18 23:49:54,persistent,tfm_declip_cov_l10.1_anat,1.0,0.5,1500,306,0.197823,0.000285,23.78,99.24,9.09,3.13,3.23,1.01,99.7,1.32,0.62,1.08,0.62,0.6,0.5042,0.8232,0.0,8.92,2.93,23.65,99.75,99.9,,,,,,,0.5529,3.81,9.546,0.127,cuda,0.8897,0.9314,0.908,0.4756,,,0.9777,0.9344,anatomical,0.575,off,,,,,,,,,,off,,,,9.6728
evaluate_epoch_modelonly.csv,l10.1_phys0.5,modelonly,950,2026-09-18 23:51:11,persistent,tfm_declip_cov_l10.1_anat,1.0,0.5,1500,306,0.197823,0.000539,23.78,99.14,9.09,4.9,3.23,1.53,99.5,1.07,0.49,0.91,0.55,0.45,0.5042,0.6934,0.0,8.92,2.14,23.65,99.73,99.9,,,,,,,0.3935,3.629,7.704,0.121,cuda,0.9205,0.9571,0.663,0.4756,,,0.9869,0.959,anatomical,0.575,off,,,,,,,,,,off,,,,7.2831
evaluate_epoch_modelonly.csv,l10.1_phys0.5,modelonly,1000,2026-09-18 23:52:17,persistent,tfm_declip_cov_l10.1_anat,1.0,0.5,1500,306,0.197823,0.000422,23.78,98.5,9.09,3.42,3.23,1.12,99.3,1.05,0.5,0.94,0.57,0.47,0.5042,0.7141,0.0,8.92,2.63,23.65,99.8,99.9,,,,,,,0.4198,4.055,13.67,0.1352,cuda,0.9296,0.9621,0.624,0.4756,,,0.9883,0.9634,anatomical,0.575,off,,,,,,,,,,off,,,,7.7197
evaluate_epoch_modelonly.csv,l10.1_phys0.5,modelonly,1050,2026-09-18 23:53:20,persistent,tfm_declip_cov_l10.1_anat,1.0,0.5,1500,306,0.197823,0.000175,23.78,99.5,9.09,3.74,3.23,1.49,99.7,0.87,0.5,0.83,0.51,0.39,0.5042,0.6546,0.0,8.92,2.37,23.65,99.83,99.9,,,,,,,0.3448,3.679,9.625,0.1226,cuda,0.952,0.9752,0.464,0.4756,,,0.9921,0.9755,anatomical,0.575,off,,,,,,,,,,off,,,,7.0706
evaluate_epoch_modelonly.csv,l10.1_phys0.5,modelonly,1100,2026-09-18 23:54:24,persistent,tfm_declip_cov_l10.1_anat,1.0,0.5,1500,306,0.197823,0.000136,23.78,98.85,9.09,2.74,3.23,0.91,99.6,1.52,0.54,1.04,0.53,0.59,0.5042,0.7797,0.0,8.92,2.15,23.65,99.81,99.9,,,,,,,0.4989,3.992,13.485,0.1331,cuda,0.8574,0.904,1.147,0.4756,,,0.9671,0.9111,anatomical,0.575,off,,,,,,,,,,off,,,,10.1903
evaluate_epoch_modelonly.csv,l10.1_phys0.5,modelonly,1150,2026-09-18 23:55:30,persistent,tfm_declip_cov_l10.1_anat,1.0,0.5,1500,306,0.197823,0.000287,23.78,99.17,9.09,4.35,3.23,1.33,99.6,0.82,0.52,0.73,0.55,0.29,0.5042,0.618,0.0,8.92,1.69,23.65,99.65,99.8,,,,,,,0.294,3.746,13.179,0.1249,cuda,0.9602,0.978,0.41,0.4756,,,0.9928,0.979,anatomical,0.575,off,,,,,,,,,,off,,,,6.8858
evaluate_epoch_modelonly.csv,l10.1_phys0.5,modelonly,1200,2026-09-18 23:56:33,persistent,tfm_declip_cov_l10.1_anat,1.0,0.5,1500,306,0.197823,0.000278,23.78,99.32,9.09,4.76,3.23,1.4,99.6,0.9,0.51,0.76,0.53,0.32,0.5042,0.6545,0.0,8.92,1.63,23.65,99.81,99.9,,,,,,,0.3374,3.727,10.831,0.1242,cuda,0.9467,0.9705,0.493,0.4756,,,0.9909,0.9731,anatomical,0.575,off,,,,,,,,,,off,,,,7.1227
evaluate_epoch_modelonly.csv,l10.1_phys0.5,modelonly,1250,2026-09-18 23:57:37,persistent,tfm_declip_cov_l10.1_anat,1.0,0.5,1500,306,0.197823,0.001167,23.78,99.08,9.09,5.99,3.23,1.8,99.3,0.78,0.52,0.7,0.56,0.26,0.5042,0.6034,0.0,8.92,5.05,23.65,99.5,99.5,,,,,,,0.2743,3.717,9.533,0.1239,cuda,0.9649,0.9816,0.36,0.4756,,,0.9945,0.9834,anatomical,0.575,off,,,,,,,,,,off,,,,7.0357
evaluate_epoch_modelonly.csv,l10.1_phys0.5,modelonly,1300,2026-09-18 23:58:49,persistent,tfm_declip_cov_l10.1_anat,1.0,0.5,1500,306,0.197823,0.000159,23.78,99.29,9.09,3.36,3.23,1.15,99.7,1.02,0.53,0.81,0.54,0.36,0.5042,0.6562,0.0,8.92,2.26,23.65,99.66,99.9,,,,,,,0.34,5.358,13.914,0.1786,cuda,0.923,0.9562,0.639,0.4756,,,0.987,0.9609,anatomical,0.575,off,,,,,,,,,,off,,,,7.6854
evaluate_epoch_modelonly.csv,l10.1_phys0.5,modelonly,1350,2026-09-18 23:59:53,persistent,tfm_declip_cov_l10.1_anat,1.0,0.5,1500,306,0.197823,0.000773,23.78,98.81,9.09,4.67,3.23,1.42,99.3,0.83,0.49,0.69,0.51,0.26,0.5042,0.6342,0.0,8.92,4.67,23.65,99.51,99.5,,,,,,,0.3125,3.979,10.642,0.1326,cuda,0.9557,0.9754,0.423,0.4756,,,0.9926,0.9779,anatomical,0.575,off,,,,,,,,,,off,,,,7.057
evaluate_epoch_modelonly.csv,l10.1_phys0.5,modelonly,1400,2026-09-19 00:00:56,persistent,tfm_declip_cov_l10.1_anat,1.0,0.5,1500,306,0.197823,0.000145,23.78,99.25,9.09,2.96,3.23,1.12,99.7,0.84,0.46,0.7,0.52,0.27,0.5042,0.6043,0.0,8.92,2.19,23.65,99.66,99.8,,,,,,,0.2736,3.591,11.917,0.1197,cuda,0.9532,0.9767,0.434,0.4756,,,0.9935,0.9792,anatomical,0.575,off,,,,,,,,,,off,,,,6.9334
evaluate_epoch_modelonly.csv,l10.1_phys0.5,modelonly,1450,2026-09-19 00:01:59,persistent,tfm_declip_cov_l10.1_anat,1.0,0.5,1500,306,0.197823,7.9e-05,23.78,99.39,9.09,2.43,3.23,0.78,99.8,1.36,0.51,0.96,0.54,0.53,0.5042,0.6678,0.0,8.92,1.71,23.65,99.78,99.9,,,,,,,0.3556,3.903,13.303,0.1301,cuda,0.8654,0.915,0.992,0.4756,,,0.9744,0.9245,anatomical,0.575,off,,,,,,,,,,off,,,,9.015
evaluate_epoch_modelonly.csv,l10.1_phys0.5,modelonly,1500,2026-09-19 00:03:02,persistent,tfm_declip_cov_l10.1_anat,1.0,0.5,1500,306,0.197823,0.000182,23.78,98.93,9.09,3.0,3.23,0.99,99.6,0.8,0.51,0.71,0.67,0.29,0.5042,0.5928,0.0,8.92,2.34,23.65,99.63,99.7,,,,,,,0.2612,3.835,9.564,0.1278,cuda,0.9636,0.9808,0.384,0.4756,,,0.9937,0.9808,anatomical,0.575,off,,,,,,,,,,off,,,,6.8576
evaluate_epoch_modelonly.csv,l10.1_phys0.5,modelonly,1550,2026-09-23 21:41:28,persistent,tfm_declip_cov_l10.1_anat,1.0,0.5,2500,306,0.197823,0.000332,23.78,98.75,9.09,3.82,3.23,1.07,99.5,0.74,0.51,0.63,0.52,0.22,0.5042,0.5964,0.0,8.92,3.82,23.65,99.53,99.7,,,,,,,0.2562,8.714,22.122,0.2905,cuda,0.9674,0.9808,0.342,0.4756,,,0.9939,0.9826,anatomical,0.575,off,,,,,,,,,,off,,,,6.8642
evaluate_epoch_modelonly.csv,l10.1_phys0.5,modelonly,1600,2026-09-23 21:42:33,persistent,tfm_declip_cov_l10.1_anat,1.0,0.5,2500,306,0.197823,0.000756,23.78,99.14,9.09,4.94,3.23,1.54,99.5,0.65,0.48,0.61,0.59,0.2,0.5042,0.5753,0.0,8.92,4.94,23.65,99.53,99.5,,,,,,,0.2298,2.463,4.658,0.0821,cuda,0.9804,0.9898,0.24,0.4756,,,0.9967,0.9905,anatomical,0.575,off,,,,,,,,,,off,,,,6.7592
evaluate_epoch_modelonly.csv,l10.1_phys0.5,modelonly,1650,2026-09-23 21:43:39,persistent,tfm_declip_cov_l10.1_anat,1.0,0.5,2500,306,0.197823,8.7e-05,23.78,99.66,9.09,2.67,3.23,0.87,99.9,0.87,0.49,0.7,0.52,0.29,0.5042,0.6149,0.0,8.92,2.39,23.65,99.77,99.9,,,,,,,0.2883,2.587,4.914,0.0862,cuda,0.951,0.9739,0.487,0.4756,,,0.9918,0.9753,anatomical,0.575,off,,,,,,,,,,off,,,,7.1037
evaluate_epoch_modelonly.csv,l10.1_phys0.5,modelonly,1700,2026-09-23 21:44:47,persistent,tfm_declip_cov_l10.1_anat,1.0,0.5,2500,306,0.197823,0.000766,23.78,99.43,9.09,4.86,3.23,1.65,99.6,0.77,0.48,0.66,0.49,0.26,0.5042,0.5892,0.0,8.92,4.22,23.65,99.73,99.7,,,,,,,0.2538,4.522,14.605,0.1507,cuda,0.9625,0.981,0.388,0.4756,,,0.9942,0.9825,anatomical,0.575,off,,,,,,,,,,off,,,,6.7763
evaluate_epoch_modelonly.csv,l10.1_phys0.5,modelonly,1750,2026-09-23 21:46:03,persistent,tfm_declip_cov_l10.1_anat,1.0,0.5,2500,306,0.197823,0.000124,23.78,99.23,9.09,2.56,3.23,1.06,99.7,0.72,0.45,0.63,0.48,0.22,0.5042,0.5975,0.0,8.92,1.74,23.65,99.64,99.8,,,,,,,0.2635,2.776,4.948,0.0925,cuda,0.9692,0.9846,0.34,0.4756,,,0.9954,0.986,anatomical,0.575,off,,,,,,,,,,off,,,,6.926
evaluate_epoch_modelonly.csv,l10.1_phys0.5,modelonly,1800,2026-09-23 21:47:16,persistent,tfm_declip_cov_l10.1_anat,1.0,0.5,2500,306,0.197823,0.000955,23.78,99.3,9.09,5.12,3.23,2.02,99.4,0.69,0.47,0.6,0.52,0.2,0.5042,0.5795,0.0,8.92,5.12,23.65,99.5,99.4,,,,,,,0.2373,2.702,4.927,0.0901,cuda,0.9727,0.9863,0.3,0.4756,,,0.996,0.9878,anatomical,0.575,off,,,,,,,,,,off,,,,6.7716
evaluate_epoch_modelonly.csv,l10.1_phys0.5,modelonly,1850,2026-09-23 21:48:20,persistent,tfm_declip_cov_l10.1_anat,1.0,0.5,2500,306,0.197823,9.8e-05,23.78,99.37,9.09,2.63,3.23,0.93,99.8,0.84,0.49,0.66,0.53,0.27,0.5042,0.5967,0.0,8.92,2.63,23.65,99.64,99.8,,,,,,,0.2629,2.483,4.728,0.0828,cuda,0.9471,0.9722,0.473,0.4756,,,0.9916,0.9754,anatomical,0.575,off,,,,,,,,,,off,,,,6.995
evaluate_epoch_modelonly.csv,l10.1_phys0.5,modelonly,1900,2026-09-23 21:49:25,persistent,tfm_declip_cov_l10.1_anat,1.0,0.5,2500,306,0.197823,0.000189,23.78,99.27,9.09,2.77,3.23,1.33,99.6,0.64,0.48,0.6,0.59,0.21,0.5042,0.5582,0.0,8.92,2.77,23.65,99.67,99.7,,,,,,,0.21,2.463,4.599,0.0821,cuda,0.9813,0.9899,0.241,0.4756,,,0.9965,0.9898,anatomical,0.575,off,,,,,,,,,,off,,,,6.6371
evaluate_epoch_modelonly.csv,l10.1_phys0.5,modelonly,1950,2026-09-23 21:50:29,persistent,tfm_declip_cov_l10.1_anat,1.0,0.5,2500,306,0.197823,0.000127,23.78,99.44,9.09,2.7,3.23,1.23,99.7,0.68,0.47,0.57,0.49,0.19,0.5042,0.5786,0.0,8.92,2.7,23.65,99.63,99.7,,,,,,,0.2385,2.63,5.15,0.0877,cuda,0.9753,0.9863,0.299,0.4756,,,0.9954,0.9874,anatomical,0.575,off,,,,,,,,,,off,,,,6.7359
evaluate_epoch_modelonly.csv,l10.1_phys0.5,modelonly,2000,2026-09-23 21:51:35,persistent,tfm_declip_cov_l10.1_anat,1.0,0.5,2500,306,0.197823,0.000572,23.78,98.89,9.09,3.62,3.23,1.4,99.4,0.75,0.52,0.62,0.48,0.25,0.5042,0.5848,0.0,8.92,3.62,23.65,99.52,99.6,,,,,,,0.2478,2.591,5.031,0.0864,cuda,0.965,0.9802,0.358,0.4756,,,0.9937,0.9821,anatomical,0.575,off,,,,,,,,,,off,,,,6.6988
evaluate_epoch_modelonly.csv,l10.1_phys0.5,modelonly,2050,2026-09-23 21:52:42,persistent,tfm_declip_cov_l10.1_anat,1.0,0.5,2500,306,0.197823,0.000131,23.78,99.47,9.09,2.72,3.23,1.27,99.7,0.61,0.47,0.53,0.49,0.17,0.5042,0.5619,0.0,8.92,2.72,23.65,99.64,99.7,,,,,,,0.2153,9.782,21.681,0.3261,cuda,0.9797,0.9889,0.245,0.4756,,,0.9964,0.99,anatomical,0.575,off,,,,,,,,,,off,,,,6.6339
evaluate_epoch_modelonly.csv,l10.1_phys0.5,modelonly,2100,2026-09-23 21:53:50,persistent,tfm_declip_cov_l10.1_anat,1.0,0.5,2500,306,0.197823,0.00012,23.78,99.51,9.09,2.72,3.23,1.27,99.7,0.58,0.46,0.53,0.52,0.14,0.5042,0.5504,0.0,8.92,2.72,23.65,99.66,99.7,,,,,,,0.1968,3.747,10.1,0.1249,cuda,0.986,0.9923,0.188,0.4756,,,0.9974,0.9929,anatomical,0.575,off,,,,,,,,,,off,,,,6.6029
evaluate_epoch_modelonly.csv,l10.1_phys0.5,modelonly,2150,2026-09-23 21:55:05,persistent,tfm_declip_cov_l10.1_anat,1.0,0.5,2500,306,0.197823,8.8e-05,23.78,99.29,9.09,1.81,3.23,0.96,99.7,0.67,0.45,0.58,0.48,0.22,0.5042,0.5546,0.0,8.92,1.81,23.65,99.64,99.8,,,,,,,0.2094,2.752,4.906,0.0917,cuda,0.972,0.9862,0.313,0.4756,,,0.996,0.9874,anatomical,0.575,off,,,,,,,,,,off,,,,6.612
evaluate_epoch_modelonly.csv,l10.1_phys0.5,modelonly,2200,2026-09-23 21:56:21,persistent,tfm_declip_cov_l10.1_anat,1.0,0.5,2500,306,0.197823,0.000171,23.78,99.38,9.09,2.95,3.23,1.36,99.7,0.56,0.46,0.5,0.5,0.14,0.5042,0.5446,0.0,8.92,2.95,23.65,99.64,99.7,,,,,,,0.1884,9.983,26.469,0.3328,cuda,0.9857,0.9922,0.19,0.4756,,,0.9975,0.9929,anatomical,0.575,off,,,,,,,,,,off,,,,6.5729
evaluate_epoch_modelonly.csv,l10.1_phys0.5,modelonly,2250,2026-09-23 21:57:39,persistent,tfm_declip_cov_l10.1_anat,1.0,0.5,2500,306,0.197823,0.000144,23.78,99.52,9.09,2.84,3.23,1.44,99.7,0.65,0.46,0.54,0.47,0.18,0.5042,0.5489,0.0,8.92,2.84,23.65,99.64,99.7,,,,,,,0.199,9.862,26.403,0.3287,cuda,0.9755,0.987,0.283,0.4756,,,0.996,0.9884,anatomical,0.575,off,,,,,,,,,,off,,,,6.6206
evaluate_epoch_modelonly.csv,l10.1_phys0.5,modelonly,2300,2026-09-23 21:58:57,persistent,tfm_declip_cov_l10.1_anat,1.0,0.5,2500,306,0.197823,0.000168,23.78,99.41,9.09,3.0,3.23,1.21,99.7,0.57,0.46,0.5,0.49,0.15,0.5042,0.5466,0.0,8.92,3.0,23.65,99.58,99.7,,,,,,,0.1922,8.319,22.277,0.2773,cuda,0.9843,0.9916,0.2,0.4756,,,0.9972,0.9921,anatomical,0.575,off,,,,,,,,,,off,,,,6.5834
evaluate_epoch_modelonly.csv,l10.1_phys0.5,modelonly,2350,2026-09-23 22:00:13,persistent,tfm_declip_cov_l10.1_anat,1.0,0.5,2500,306,0.197823,0.000153,23.78,99.41,9.09,3.18,3.23,1.21,99.7,0.73,0.43,0.59,0.51,0.23,0.5042,0.5607,0.0,8.92,3.18,23.65,99.63,99.7,,,,,,,0.2165,2.817,4.852,0.0939,cuda,0.9604,0.9816,0.376,0.4756,,,0.995,0.984,anatomical,0.575,off,,,,,,,,,,off,,,,6.7931
evaluate_epoch_modelonly.csv,l10.1_phys0.5,modelonly,2400,2026-09-23 22:01:27,persistent,tfm_declip_cov_l10.1_anat,1.0,0.5,2500,306,0.197823,0.000138,23.78,99.48,9.09,2.75,3.23,1.33,99.7,0.55,0.45,0.48,0.48,0.14,0.5042,0.5462,0.0,8.92,2.75,23.65,99.65,99.7,,,,,,,0.1929,2.873,5.122,0.0958,cuda,0.9861,0.9925,0.191,0.4756,,,0.9975,0.9931,anatomical,0.575,off,,,,,,,,,,off,,,,6.6077
evaluate_epoch_modelonly.csv,l10.1_phys0.5,modelonly,2450,2026-09-23 22:02:41,persistent,tfm_declip_cov_l10.1_anat,1.0,0.5,2500,306,0.197823,0.000152,23.78,99.58,9.09,3.03,3.23,1.56,99.7,0.55,0.46,0.48,0.48,0.14,0.5042,0.5471,0.0,8.92,3.03,23.65,99.65,99.7,,,,,,,0.1941,2.69,4.812,0.0897,cuda,0.9853,0.992,0.192,0.4756,,,0.9974,0.9927,anatomical,0.575,off,,,,,,,,,,off,,,,6.6037
evaluate_epoch_modelonly.csv,l10.1_phys0.5,modelonly,2500,2026-09-23 22:03:55,persistent,tfm_declip_cov_l10.1_anat,1.0,0.5,2500,306,0.197823,0.000814,23.78,99.42,9.09,4.21,3.23,2.07,99.5,0.53,0.47,0.47,0.49,0.14,0.5042,0.5458,0.0,8.92,4.21,23.65,99.47,99.4,,,,,,,0.1912,2.712,4.951,0.0904,cuda,0.9874,0.9931,0.176,0.4756,,,0.9976,0.9936,anatomical,0.575,off,,,,,,,,,,off,,,,6.5562
evaluate_epoch_modelonly.csv,l10.1_phys0.5,modelonly,2550,2026-09-24 17:24:20,persistent,tfm_declip_cov_l10.1_anat,1.0,0.5,3000,306,0.197823,0.000129,23.78,99.52,9.09,2.68,3.23,1.33,99.7,0.51,0.45,0.46,0.48,0.12,0.5042,0.5467,0.0,8.92,2.68,23.65,99.61,99.7,,,,,,,0.1894,3.66,3.831,0.122,cuda,0.9875,0.9931,0.163,0.4756,,,0.9977,0.9937,anatomical,0.575,off,,,,,,,,,,off,,,,6.6044
evaluate_epoch_modelonly.csv,l10.1_phys0.5,modelonly,2600,2026-09-24 17:25:28,persistent,tfm_declip_cov_l10.1_anat,1.0,0.5,3000,306,0.197823,0.000129,23.78,99.51,9.09,2.85,3.23,1.28,99.7,0.52,0.45,0.46,0.49,0.13,0.5042,0.5451,0.0,8.92,2.85,23.65,99.61,99.7,,,,,,,0.1883,3.663,3.843,0.1221,cuda,0.9863,0.9925,0.177,0.4756,,,0.9975,0.9932,anatomical,0.575,off,,,,,,,,,,off,,,,6.5247
evaluate_epoch_modelonly.csv,l10.1_phys0.5,modelonly,2650,2026-09-24 17:26:36,persistent,tfm_declip_cov_l10.1_anat,1.0,0.5,3000,306,0.197823,0.000131,23.78,99.55,9.09,2.86,3.23,1.37,99.8,0.52,0.46,0.46,0.48,0.13,0.5042,0.5499,0.0,8.92,2.86,23.65,99.64,99.7,,,,,,,0.1928,3.683,3.833,0.1228,cuda,0.9864,0.9925,0.176,0.4756,,,0.9975,0.9931,anatomical,0.575,off,,,,,,,,,,off,,,,6.588
evaluate_epoch_modelonly.csv,l10.1_phys0.5,modelonly,2700,2026-09-24 17:27:44,persistent,tfm_declip_cov_l10.1_anat,1.0,0.5,3000,306,0.197823,0.000131,23.78,99.58,9.09,2.86,3.23,1.47,99.7,0.53,0.46,0.45,0.47,0.13,0.5042,0.5565,0.0,8.92,2.86,23.65,99.64,99.7,,,,,,,0.2053,3.663,3.836,0.1221,cuda,0.9844,0.9911,0.19,0.4756,,,0.9971,0.992,anatomical,0.575,off,,,,,,,,,,off,,,,6.621
evaluate_epoch_modelonly.csv,l10.1_phys0.5,modelonly,2750,2026-09-24 17:28:52,persistent,tfm_declip_cov_l10.1_anat,1.0,0.5,3000,306,0.197823,0.000202,23.78,99.49,9.09,4.06,3.23,1.25,99.7,0.56,0.46,0.51,0.48,0.17,0.5042,0.5528,0.0,8.92,3.81,23.65,99.52,99.7,,,,,,,0.1985,3.691,3.842,0.123,cuda,0.984,0.9916,0.21,0.4756,,,0.9972,0.9921,anatomical,0.575,off,,,,,,,,,,off,,,,6.5482
evaluate_epoch_modelonly.csv,l10.1_phys0.5,modelonly,2800,2026-09-24 17:30:01,persistent,tfm_declip_cov_l10.1_anat,1.0,0.5,3000,306,0.197823,0.001029,23.78,99.47,9.09,5.03,3.23,2.28,99.5,0.75,0.45,0.58,0.49,0.23,0.5042,0.5777,0.0,8.92,5.03,23.65,99.5,99.4,,,,,,,0.2416,3.67,3.819,0.1223,cuda,0.9508,0.9752,0.428,0.4756,,,0.9932,0.9785,anatomical,0.575,off,,,,,,,,,,off,,,,7.1373
evaluate_epoch_modelonly.csv,l10.1_phys0.5,modelonly,2850,2026-09-24 17:31:09,persistent,tfm_declip_cov_l10.1_anat,1.0,0.5,3000,306,0.197823,9.7e-05,23.78,99.61,9.09,2.52,3.23,1.34,99.8,0.57,0.47,0.54,0.51,0.21,0.5042,0.546,0.0,8.92,2.52,23.65,99.64,99.7,,,,,,,0.191,3.658,3.825,0.1219,cuda,0.9839,0.9916,0.221,0.4756,,,0.9971,0.9918,anatomical,0.575,off,,,,,,,,,,off,,,,6.5738
evaluate_epoch_modelonly.csv,l10.1_phys0.5,modelonly,2900,2026-09-24 17:32:17,persistent,tfm_declip_cov_l10.1_anat,1.0,0.5,3000,306,0.197823,0.000827,23.78,99.42,9.09,4.91,3.23,1.55,99.6,0.5,0.45,0.45,0.48,0.14,0.5042,0.546,0.0,8.92,4.91,23.65,99.47,99.6,,,,,,,0.1876,3.692,3.851,0.1231,cuda,0.989,0.9941,0.167,0.4756,,,0.9979,0.9944,anatomical,0.575,off,,,,,,,,,,off,,,,6.6114
evaluate_epoch_modelonly.csv,l10.1_phys0.5,modelonly,2950,2026-09-24 17:33:25,persistent,tfm_declip_cov_l10.1_anat,1.0,0.5,3000,306,0.197823,0.000143,23.78,99.24,9.09,2.6,3.23,0.99,99.7,0.51,0.46,0.43,0.47,0.13,0.5042,0.5457,0.0,8.92,2.6,23.65,99.59,99.7,,,,,,,0.189,3.664,3.833,0.1221,cuda,0.9852,0.9922,0.186,0.4756,,,0.9974,0.993,anatomical,0.575,off,,,,,,,,,,off,,,,6.5659
evaluate_epoch_modelonly.csv,l10.1_phys0.5,modelonly,3000,2026-09-24 17:34:33,persistent,tfm_declip_cov_l10.1_anat,1.0,0.5,3000,306,0.197823,0.000423,23.78,99.47,9.09,2.8,3.23,1.72,99.6,0.47,0.45,0.42,0.48,0.11,0.5042,0.5356,0.0,8.92,2.8,23.65,99.5,99.6,,,,,,,0.1736,3.837,5.159,0.1279,cuda,0.9911,0.9952,0.133,0.4756,,,0.9983,0.9955,anatomical,0.575,off,,,,,,,,,,off,,,,6.4833
evaluate_epoch_modelonly.csv,l10.1_phys0.5,modelonly,3050,2026-09-27 12:43:32,persistent,tfm_declip_cov_l10.1_anat,1.0,0.5,4000,306,0.197823,0.000188,23.78,99.5,9.09,2.8,3.23,1.51,99.7,0.49,0.46,0.42,0.46,0.12,0.5042,0.5411,0.0,8.92,2.8,23.65,99.51,99.6,,,,,,,0.1796,3.232,3.558,0.1077,cuda,0.9885,0.9935,0.155,0.4756,,,0.9977,0.994,anatomical,0.575,off,,,,,,,,,,off,,,,6.5011
evaluate_epoch_modelonly.csv,l10.1_phys0.5,modelonly,3100,2026-09-27 12:44:42,persistent,tfm_declip_cov_l10.1_anat,1.0,0.5,4000,306,0.197823,0.000217,23.78,99.48,9.09,3.49,3.23,1.46,99.7,0.48,0.46,0.41,0.47,0.12,0.5042,0.5337,0.0,8.92,3.49,23.65,99.51,99.6,,,,,,,0.1738,4.958,11.345,0.1653,cuda,0.9885,0.9936,0.154,0.4756,,,0.9977,0.9941,anatomical,0.575,off,,,,,,,,,,off,,,,6.5078
evaluate_epoch_modelonly.csv,l10.1_phys0.5,modelonly,3150,2026-09-27 12:45:55,persistent,tfm_declip_cov_l10.1_anat,1.0,0.5,4000,306,0.197823,7.1e-05,23.78,99.59,9.09,2.38,3.23,1.08,99.8,0.48,0.45,0.41,0.45,0.12,0.5042,0.5399,0.0,8.92,2.38,23.65,99.64,99.8,,,,,,,0.18,4.469,13.283,0.149,cuda,0.9884,0.9932,0.155,0.4756,,,0.9976,0.9938,anatomical,0.575,off,,,,,,,,,,off,,,,6.535
evaluate_epoch_modelonly.csv,l10.1_phys0.5,modelonly,3200,2026-09-27 12:47:00,persistent,tfm_declip_cov_l10.1_anat,1.0,0.5,4000,306,0.197823,0.000107,23.78,99.61,9.09,2.52,3.23,1.41,99.8,0.47,0.45,0.41,0.47,0.12,0.5042,0.5341,0.0,8.92,2.52,23.65,99.63,99.7,,,,,,,0.173,4.538,11.142,0.1513,cuda,0.989,0.9939,0.145,0.4756,,,0.9978,0.9943,anatomical,0.575,off,,,,,,,,,,off,,,,6.5423
evaluate_epoch_modelonly.csv,l10.1_phys0.5,modelonly,3250,2026-09-27 12:47:59,persistent,tfm_declip_cov_l10.1_anat,1.0,0.5,4000,306,0.197823,0.000114,23.78,99.59,9.09,2.71,3.23,1.33,99.8,0.46,0.45,0.41,0.48,0.11,0.5042,0.5341,0.0,8.92,2.71,23.65,99.63,99.7,,,,,,,0.1724,3.515,3.801,0.1172,cuda,0.9895,0.9943,0.141,0.4756,,,0.998,0.9947,anatomical,0.575,off,,,,,,,,,,off,,,,6.5038
evaluate_epoch_modelonly.csv,l10.1_phys0.5,modelonly,3300,2026-09-27 12:48:58,persistent,tfm_declip_cov_l10.1_anat,1.0,0.5,4000,306,0.197823,0.000121,23.78,99.37,9.09,2.73,3.23,0.93,99.8,0.49,0.48,0.41,0.45,0.12,0.5042,0.5423,0.0,8.92,2.73,23.65,99.64,99.7,,,,,,,0.1855,3.517,3.808,0.1172,cuda,0.9873,0.9919,0.173,0.4756,,,0.9969,0.9925,anatomical,0.575,off,,,,,,,,,,off,,,,6.656
evaluate_epoch_modelonly.csv,l10.1_phys0.5,modelonly,3350,2026-09-27 12:50:05,persistent,tfm_declip_cov_l10.1_anat,1.0,0.5,4000,306,0.197823,0.000136,23.78,99.46,9.09,2.81,3.23,1.12,99.8,0.45,0.44,0.4,0.46,0.11,0.5042,0.5334,0.0,8.92,2.81,23.65,99.63,99.7,,,,,,,0.1694,5.079,13.245,0.1693,cuda,0.9907,0.9948,0.135,0.4756,,,0.9981,0.9952,anatomical,0.575,off,,,,,,,,,,off,,,,6.5038
evaluate_epoch_modelonly.csv,l10.1_phys0.5,modelonly,3400,2026-09-27 12:51:18,persistent,tfm_declip_cov_l10.1_anat,1.0,0.5,4000,306,0.197823,0.000141,23.78,99.28,9.09,2.91,3.23,0.92,99.7,0.46,0.45,0.39,0.47,0.11,0.5042,0.5346,0.0,8.92,2.91,23.65,99.6,99.7,,,,,,,0.1729,2.81,7.516,0.0937,cuda,0.99,0.9943,0.139,0.4756,,,0.998,0.9947,anatomical,0.575,off,,,,,,,,,,off,,,,6.5153
evaluate_epoch_modelonly.csv,l10.1_phys0.5,modelonly,3450,2026-09-27 12:52:32,persistent,tfm_declip_cov_l10.1_anat,1.0,0.5,4000,306,0.197823,0.0001,23.78,99.62,9.09,2.38,3.23,1.38,99.8,0.47,0.44,0.41,0.47,0.12,0.5042,0.5385,0.0,8.92,2.38,23.65,99.62,99.7,,,,,,,0.1769,2.728,7.747,0.0909,cuda,0.9891,0.9941,0.155,0.4756,,,0.9979,0.9945,anatomical,0.575,off,,,,,,,,,,off,,,,6.5529
evaluate_epoch_modelonly.csv,l10.1_phys0.5,modelonly,3500,2026-09-27 12:53:47,persistent,tfm_declip_cov_l10.1_anat,1.0,0.5,4000,306,0.197823,0.000631,23.78,99.17,9.09,3.75,3.23,1.38,99.5,0.47,0.44,0.41,0.45,0.12,0.5042,0.532,0.0,8.92,3.58,23.65,99.48,99.5,,,,,,,0.1692,2.9,7.949,0.0967,cuda,0.9904,0.9948,0.153,0.4756,,,0.9981,0.995,anatomical,0.575,off,,,,,,,,,,off,,,,6.4825
evaluate_epoch_modelonly.csv,l10.1_phys0.5,modelonly,3550,2026-09-27 12:55:01,persistent,tfm_declip_cov_l10.1_anat,1.0,0.5,4000,306,0.197823,0.000129,23.78,99.52,9.09,2.69,3.23,1.23,99.8,0.46,0.44,0.4,0.47,0.11,0.5042,0.5311,0.0,8.92,2.69,23.65,99.59,99.7,,,,,,,0.1681,2.72,7.426,0.0907,cuda,0.9906,0.9948,0.136,0.4756,,,0.9982,0.9952,anatomical,0.575,off,,,,,,,,,,off,,,,6.4772
evaluate_epoch_modelonly.csv,l10.1_phys0.5,modelonly,3600,2026-09-27 12:56:15,persistent,tfm_declip_cov_l10.1_anat,1.0,0.5,4000,306,0.197823,0.000369,23.78,99.36,9.09,3.65,3.23,1.42,99.6,0.49,0.44,0.4,0.45,0.12,0.5042,0.5345,0.0,8.92,3.35,23.65,99.48,99.5,,,,,,,0.1739,2.852,7.658,0.0951,cuda,0.9876,0.9934,0.175,0.4756,,,0.9978,0.994,anatomical,0.575,off,,,,,,,,,,off,,,,6.5065
evaluate_epoch_modelonly.csv,l10.1_phys0.5,modelonly,3650,2026-09-27 12:57:30,persistent,tfm_declip_cov_l10.1_anat,1.0,0.5,4000,306,0.197823,0.000141,23.78,99.22,9.09,2.72,3.23,0.89,99.7,0.44,0.44,0.39,0.47,0.11,0.5042,0.5301,0.0,8.92,2.72,23.65,99.54,99.7,,,,,,,0.1676,2.708,7.341,0.0903,cuda,0.9911,0.995,0.126,0.4756,,,0.9982,0.9954,anatomical,0.575,off,,,,,,,,,,off,,,,6.503
evaluate_epoch_modelonly.csv,l10.1_phys0.5,modelonly,3700,2026-09-27 12:58:42,persistent,tfm_declip_cov_l10.1_anat,1.0,0.5,4000,306,0.197823,0.000139,23.78,99.22,9.09,2.74,3.23,0.98,99.7,0.46,0.46,0.39,0.47,0.11,0.5042,0.54,0.0,8.92,2.74,23.65,99.64,99.7,,,,,,,0.1816,2.971,7.917,0.099,cuda,0.9889,0.9936,0.142,0.4756,,,0.9977,0.9941,anatomical,0.575,off,,,,,,,,,,off,,,,6.6514
evaluate_epoch_modelonly.csv,l10.1_phys0.5,modelonly,3750,2026-09-27 12:59:49,persistent,tfm_declip_cov_l10.1_anat,1.0,0.5,4000,306,0.197823,0.00013,23.78,99.22,9.09,2.66,3.23,0.94,99.7,0.44,0.45,0.39,0.48,0.11,0.5042,0.5295,0.0,8.92,2.66,23.65,99.58,99.7,,,,,,,0.1659,2.772,7.665,0.0924,cuda,0.9912,0.9949,0.123,0.4756,,,0.9981,0.9953,anatomical,0.575,off,,,,,,,,,,off,,,,6.4896
evaluate_epoch_modelonly.csv,l10.1_phys0.5,modelonly,3800,2026-09-27 13:00:57,persistent,tfm_declip_cov_l10.1_anat,1.0,0.5,4000,306,0.197823,0.000171,23.78,99.2,9.09,2.86,3.23,0.96,99.7,0.43,0.44,0.38,0.48,0.1,0.5042,0.5252,0.0,8.92,2.86,23.65,99.52,99.7,,,,,,,0.1583,2.663,7.601,0.0888,cuda,0.9923,0.9955,0.112,0.4756,,,0.9983,0.9958,anatomical,0.575,off,,,,,,,,,,off,,,,6.455
evaluate_epoch_modelonly.csv,l10.1_phys0.5,modelonly,3850,2026-09-27 13:02:07,persistent,tfm_declip_cov_l10.1_anat,1.0,0.5,4000,306,0.197823,0.00047,23.78,99.23,9.09,3.55,3.23,1.21,99.6,0.44,0.44,0.38,0.47,0.1,0.5042,0.5283,0.0,8.92,3.37,23.65,99.51,99.6,,,,,,,0.1645,2.875,7.729,0.0958,cuda,0.9907,0.9949,0.129,0.4756,,,0.9982,0.9953,anatomical,0.575,off,,,,,,,,,,off,,,,6.4747
evaluate_epoch_modelonly.csv,l10.1_phys0.5,modelonly,3900,2026-09-27 13:03:17,persistent,tfm_declip_cov_l10.1_anat,1.0,0.5,4000,306,0.197823,0.000158,23.78,99.43,9.09,2.65,3.23,1.2,99.7,0.44,0.45,0.39,0.47,0.11,0.5042,0.5257,0.0,8.92,2.65,23.65,99.51,99.7,,,,,,,0.1609,2.975,7.72,0.0992,cuda,0.9917,0.9953,0.124,0.4756,,,0.9983,0.9957,anatomical,0.575,off,,,,,,,,,,off,,,,6.4403
evaluate_epoch_modelonly.csv,l10.1_phys0.5,modelonly,3950,2026-09-27 13:04:27,persistent,tfm_declip_cov_l10.1_anat,1.0,0.5,4000,306,0.197823,0.000543,23.78,99.42,9.09,3.62,3.23,1.7,99.6,0.43,0.44,0.37,0.45,0.09,0.5042,0.5264,0.0,8.92,3.16,23.65,99.5,99.5,,,,,,,0.1619,2.694,7.463,0.0898,cuda,0.9915,0.9952,0.119,0.4756,,,0.9983,0.9956,anatomical,0.575,off,,,,,,,,,,off,,,,6.4463
evaluate_epoch_modelonly.csv,l10.1_phys0.5,modelonly,4000,2026-09-27 13:05:36,persistent,tfm_declip_cov_l10.1_anat,1.0,0.5,4000,306,0.197823,0.000279,23.78,99.2,9.09,3.05,3.23,1.15,99.6,0.54,0.43,0.44,0.46,0.16,0.5042,0.5459,0.0,8.92,2.68,23.65,99.49,99.6,,,,,,,0.1922,2.856,7.676,0.0952,cuda,0.9821,0.9911,0.233,0.4756,,,0.9973,0.992,anatomical,0.575,off,,,,,,,,,,off,,,,6.5431
evaluate_epoch_e500.csv,MSEOnly_1.3_e500_phys0.3,deploy,20,2026-09-15 16:07:23,clean,tfm_declip_cov_MSEOnly_1.3_e500_anat,1.0,0.3,500,306,3.1e-05,7e-06,99.73,99.9,1.75,1.63,0.88,0.71,71.1,2.27,0.56,2.97,1.14,,0.4536,0.4498,0.0,2.02,0.0,99.77,100.0,100.0,35.0,59.53,89.24,0.0,0.02,16.51,0.3353,4.549,8.072,0.1516,cuda,0.7249,0.8072,2.266,0.4756,98.16,73.18,0.8955,0.7581,anatomical,0.575,infer,24.0,1.8,0.2,trained4,6.244,0.2081,0.2,0.0,0.0455,ma_zerophase,5.0,,0.0109,4.0291
evaluate_epoch_e500.csv,MSEOnly_1.3_e500_phys0.3,deploy,40,2026-09-15 16:10:11,clean,tfm_declip_cov_MSEOnly_1.3_e500_anat,1.0,0.3,500,306,3.1e-05,1.6e-05,99.73,99.83,1.75,1.68,0.88,0.7,48.8,1.73,0.5,2.18,0.97,,0.4536,0.4308,0.0,2.02,0.0,99.77,100.0,100.0,45.71,69.91,93.72,0.0,0.12,46.43,0.2896,6.501,18.91,0.2167,cuda,0.7771,0.8603,1.727,0.4756,99.53,91.73,0.9392,0.8302,anatomical,0.575,infer,24.0,1.8,0.2,trained4,6.888,0.2296,0.46,0.0,0.0298,ma_zerophase,5.0,,0.0114,4.4314
evaluate_epoch_e500.csv,MSEOnly_1.3_e500_phys0.3,deploy,50,2026-09-19 19:33:47,clean,tfm_declip_cov_MSEOnly_1.3_e500_anat,1.0,0.3,1500,306,3.1e-05,8e-06,99.73,99.96,1.75,2.03,0.88,1.31,76.1,1.35,0.54,1.78,0.94,,0.4536,0.424,0.0,2.02,0.0,99.77,100.0,100.0,55.19,77.41,96.62,0.1,4.49,65.05,0.2711,3.214,5.027,0.1071,cuda,0.8281,0.9005,1.352,0.4756,99.8,97.29,0.9597,0.8789,anatomical,0.575,infer,24.0,1.8,0.2,trained4,7.359,0.2453,0.25,0.0,0.0478,ma_zerophase,5.0,,0.0134,4.5433
evaluate_epoch_e500.csv,MSEOnly_1.3_e500_phys0.3,deploy,60,2026-09-15 16:13:07,clean,tfm_declip_cov_MSEOnly_1.3_e500_anat,1.0,0.3,500,306,3.1e-05,2.2e-05,99.73,99.76,1.75,1.51,0.88,0.76,23.6,2.97,0.6,2.69,1.01,,0.4536,0.4269,0.0,2.02,0.0,99.77,100.0,100.0,32.66,53.1,80.0,0.0,0.0,0.48,0.2848,12.27,21.205,0.409,cuda,0.6565,0.728,2.971,0.4756,95.09,37.32,0.8605,0.687,anatomical,0.575,infer,24.0,1.8,0.2,trained4,6.867,0.2289,0.08,0.0,0.0235,ma_zerophase,5.0,,0.0117,4.7455
evaluate_epoch_e500.csv,MSEOnly_1.3_e500_phys0.3,deploy,80,2026-09-15 16:15:50,clean,tfm_declip_cov_MSEOnly_1.3_e500_anat,1.0,0.3,500,306,3.1e-05,5.9e-05,99.73,99.95,1.75,3.38,0.88,2.3,47.7,3.36,0.58,2.98,0.94,,0.4536,0.4402,0.0,2.02,0.0,99.77,100.0,100.0,38.26,53.83,74.66,0.0,0.0,0.02,0.3023,4.608,10.744,0.1536,cuda,0.6412,0.6968,3.356,0.4756,91.02,16.99,0.8402,0.6635,anatomical,0.575,infer,24.0,1.8,0.2,trained4,6.248,0.2083,0.07,0.0,0.0465,ma_zerophase,5.0,,0.011,5.3089
evaluate_epoch_e500.csv,MSEOnly_1.3_e500_phys0.3,deploy,100,2026-09-15 16:18:11,clean,tfm_declip_cov_MSEOnly_1.3_e500_anat,1.0,0.3,500,306,3.1e-05,9e-06,99.73,99.98,1.75,2.22,0.88,1.42,87.0,4.31,0.49,3.38,0.89,,0.4536,0.4326,0.0,2.02,0.0,99.77,100.0,100.0,36.96,50.2,66.18,0.0,0.0,0.0,0.3012,4.605,14.347,0.1535,cuda,0.5946,0.6312,4.314,0.4756,83.05,0.87,0.7772,0.5976,anatomical,0.575,infer,24.0,1.8,0.2,trained4,6.086,0.2029,0.02,0.0,0.0117,ma_zerophase,5.0,,0.0105,4.9418
evaluate_epoch_e500.csv,MSEOnly_1.3_e500_phys0.3,deploy,120,2026-09-15 16:20:31,clean,tfm_declip_cov_MSEOnly_1.3_e500_anat,1.0,0.3,500,306,3.1e-05,0.000748,99.73,98.1,1.75,5.86,0.88,1.61,-1178.0,4.25,1.43,3.47,1.3,,0.4536,0.516,0.0,2.02,0.0,99.77,100.0,100.0,33.07,50.04,71.11,0.0,0.0,0.0,0.4024,8.708,19.716,0.2903,cuda,0.6137,0.6663,4.25,0.4756,87.7,7.92,0.7962,0.6252,anatomical,0.575,infer,24.0,1.8,0.2,trained4,10.439,0.348,1.84,0.0,0.0482,ma_zerophase,5.0,,0.0103,10.6972
evaluate_epoch_e500.csv,MSEOnly_1.3_e500_phys0.3,deploy,140,2026-09-15 16:23:24,clean,tfm_declip_cov_MSEOnly_1.3_e500_anat,1.0,0.3,500,306,3.1e-05,0.001023,99.73,97.1,1.75,6.55,0.88,1.42,-1625.5,3.29,1.07,2.64,1.15,,0.4536,0.5156,0.0,2.02,0.0,99.77,100.0,100.0,41.95,55.85,75.05,0.0,0.0,0.74,0.3831,3.596,5.332,0.1199,cuda,0.6476,0.7108,3.286,0.4756,93.26,44.83,0.8468,0.6842,anatomical,0.575,infer,24.0,1.8,0.2,trained4,17.014,0.5671,2.4,0.0,0.0612,ma_zerophase,5.0,,0.0137,8.5105
evaluate_epoch_e500.csv,MSEOnly_1.3_e500_phys0.3,deploy,150,2026-09-19 19:36:45,clean,tfm_declip_cov_MSEOnly_1.3_e500_anat,1.0,0.3,1500,306,3.1e-05,0.001012,99.73,97.2,1.75,5.83,0.88,1.44,-1585.6,3.39,0.9,2.56,1.07,,0.4536,0.5387,0.0,2.02,0.21,99.77,99.99,99.1,43.16,57.0,74.87,0.0,0.0,0.04,0.4036,3.042,4.968,0.1014,cuda,0.6518,0.7092,3.387,0.4756,91.46,30.34,0.8464,0.6841,anatomical,0.575,infer,24.0,1.8,0.2,trained4,16.63,0.5543,2.65,0.205,0.0662,ma_zerophase,5.0,,0.0123,8.9311
evaluate_epoch_e500.csv,MSEOnly_1.3_e500_phys0.3,deploy,160,2026-09-15 16:26:22,clean,tfm_declip_cov_MSEOnly_1.3_e500_anat,1.0,0.3,500,306,3.1e-05,0.00115,99.73,97.34,1.75,6.45,0.88,1.52,-1591.2,3.6,1.19,3.19,1.25,,0.4536,0.5244,0.0,2.02,0.0,99.77,100.0,100.0,39.56,54.26,73.11,0.0,0.0,0.24,0.4046,3.327,6.261,0.1109,cuda,0.6348,0.6949,3.604,0.4756,90.91,26.54,0.8294,0.6651,anatomical,0.575,infer,24.0,1.8,0.2,trained4,15.905,0.5302,2.46,0.0,0.0642,ma_zerophase,5.0,,0.0121,8.2045
evaluate_epoch_e500.csv,MSEOnly_1.3_e500_phys0.3,deploy,180,2026-09-15 16:29:23,clean,tfm_declip_cov_MSEOnly_1.3_e500_anat,1.0,0.3,500,306,3.1e-05,0.001047,99.73,97.08,1.75,6.45,0.88,1.43,-1641.4,2.82,0.8,2.29,0.99,,0.4536,0.5856,0.0,2.02,0.29,99.77,99.99,98.8,45.67,59.92,79.67,0.0,0.0,0.61,0.4553,3.699,5.619,0.1233,cuda,0.6845,0.754,2.816,0.4756,94.68,53.85,0.8792,0.7311,anatomical,0.575,infer,24.0,1.8,0.2,trained4,16.294,0.5431,2.0,0.294,0.0595,ma_zerophase,5.0,,0.0138,7.6194
evaluate_epoch_e500.csv,MSEOnly_1.3_e500_phys0.3,deploy,200,2026-09-15 16:32:20,clean,tfm_declip_cov_MSEOnly_1.3_e500_anat,1.0,0.3,500,306,3.1e-05,0.001032,99.73,97.24,1.75,6.07,0.88,1.46,-1576.6,2.76,0.91,2.25,0.99,,0.4536,0.5516,0.0,2.02,0.0,99.77,100.0,100.0,45.52,60.13,80.2,0.0,0.0,3.61,0.4177,3.169,5.043,0.1056,cuda,0.688,0.7586,2.756,0.4756,95.69,64.88,0.8828,0.7351,anatomical,0.575,infer,24.0,1.8,0.2,trained4,15.502,0.5167,2.25,0.0,0.0616,ma_zerophase,5.0,,0.0123,7.4635
evaluate_epoch_e500.csv,MSEOnly_1.3_e500_phys0.3,deploy,220,2026-09-15 16:35:14,clean,tfm_declip_cov_MSEOnly_1.3_e500_anat,1.0,0.3,500,306,3.1e-05,0.000904,99.73,97.15,1.75,6.28,0.88,1.3,-1454.6,2.59,0.88,2.2,0.97,,0.4536,0.5383,0.0,2.02,0.0,99.77,100.0,100.0,45.44,61.4,82.58,0.0,0.0,3.71,0.4031,3.403,6.743,0.1134,cuda,0.6974,0.7737,2.591,0.4756,96.0,67.19,0.8904,0.7497,anatomical,0.575,infer,24.0,1.8,0.2,trained4,14.103,0.4701,2.19,0.0,0.0582,ma_zerophase,5.0,,0.0122,7.0531
evaluate_epoch_e500.csv,MSEOnly_1.3_e500_phys0.3,deploy,240,2026-09-15 16:38:14,clean,tfm_declip_cov_MSEOnly_1.3_e500_anat,1.0,0.3,500,306,3.1e-05,0.000853,99.73,97.35,1.75,5.89,0.88,1.37,-1419.9,2.59,1.03,2.21,1.07,,0.4536,0.5181,0.0,2.02,0.0,99.77,100.0,100.0,44.44,61.2,83.5,0.0,0.0,9.75,0.3847,3.476,4.829,0.1159,cuda,0.6976,0.7749,2.588,0.4756,95.73,63.4,0.887,0.7483,anatomical,0.575,infer,24.0,1.8,0.2,trained4,15.276,0.5092,2.25,0.0,0.0595,ma_zerophase,5.0,,0.0138,6.6183
evaluate_epoch_e500.csv,MSEOnly_1.3_e500_phys0.3,deploy,250,2026-09-19 19:39:46,clean,tfm_declip_cov_MSEOnly_1.3_e500_anat,1.0,0.3,1500,306,3.1e-05,0.00106,99.73,96.98,1.75,5.95,0.88,1.4,-1666.0,2.13,0.9,1.91,0.97,,0.4536,0.5284,0.0,2.02,0.17,99.77,99.99,99.3,51.44,67.58,88.0,0.0,0.37,19.84,0.3866,3.333,4.997,0.1111,cuda,0.7463,0.8226,2.133,0.4756,97.06,77.67,0.9167,0.803,anatomical,0.575,infer,24.0,1.8,0.2,trained4,16.712,0.5571,2.66,0.174,0.0684,ma_zerophase,5.0,,0.0126,6.502
evaluate_epoch_e500.csv,MSEOnly_1.3_e500_phys0.3,deploy,260,2026-09-15 16:41:18,clean,tfm_declip_cov_MSEOnly_1.3_e500_anat,1.0,0.3,500,306,3.1e-05,0.000991,99.73,97.14,1.75,5.83,0.88,1.38,-1553.1,1.98,0.87,1.78,0.95,,0.4536,0.5184,0.0,2.02,0.0,99.77,100.0,100.0,53.89,69.23,89.67,0.07,1.1,29.34,0.3752,3.415,4.984,0.1138,cuda,0.7601,0.8374,1.981,0.4756,97.41,81.79,0.9271,0.8209,anatomical,0.575,infer,24.0,1.8,0.2,trained4,15.952,0.5317,2.45,0.0,0.0657,ma_zerophase,5.0,,0.0136,6.4697
evaluate_epoch_e500.csv,MSEOnly_1.3_e500_phys0.3,deploy,280,2026-09-15 16:44:23,clean,tfm_declip_cov_MSEOnly_1.3_e500_anat,1.0,0.3,500,306,3.1e-05,0.00102,99.73,96.59,1.75,6.35,0.88,1.25,-1685.7,1.92,0.8,1.76,0.94,,0.4536,0.5243,0.0,2.02,0.0,99.77,100.0,100.0,53.42,69.25,90.8,0.0,0.12,32.89,0.3813,3.373,4.937,0.1124,cuda,0.7632,0.8435,1.923,0.4756,97.75,84.36,0.9313,0.8272,anatomical,0.575,infer,24.0,1.8,0.2,trained4,14.647,0.4882,2.65,0.0,0.0694,ma_zerophase,5.0,,0.0138,6.2497
evaluate_epoch_e500.csv,MSEOnly_1.3_e500_phys0.3,deploy,300,2026-09-15 16:47:29,clean,tfm_declip_cov_MSEOnly_1.3_e500_anat,1.0,0.3,500,306,3.1e-05,0.000998,99.73,97.19,1.75,6.82,0.88,1.39,-1536.4,1.99,0.86,1.77,0.95,,0.4536,0.5332,0.0,2.02,0.25,99.77,99.97,98.1,54.21,69.03,89.96,0.0,0.07,31.01,0.3893,3.34,4.828,0.1113,cuda,0.7614,0.8393,1.986,0.4756,97.46,83.83,0.9292,0.8254,anatomical,0.575,infer,24.0,1.8,0.2,trained4,16.159,0.5386,2.4,0.247,0.0667,ma_zerophase,5.0,,0.0136,6.7243
evaluate_epoch_e500.csv,MSEOnly_1.3_e500_phys0.3,deploy,320,2026-09-15 16:50:33,clean,tfm_declip_cov_MSEOnly_1.3_e500_anat,1.0,0.3,500,306,3.1e-05,0.000944,99.73,97.19,1.75,5.86,0.88,1.38,-1521.7,1.79,0.8,1.64,0.94,,0.4536,0.5131,0.0,2.02,0.0,99.77,100.0,100.0,56.23,72.02,91.34,0.01,0.35,38.19,0.3654,3.42,4.852,0.114,cuda,0.7804,0.8551,1.794,0.4756,97.81,85.22,0.9379,0.8432,anatomical,0.575,infer,24.0,1.8,0.2,trained4,15.099,0.5033,2.45,0.0,0.0642,ma_zerophase,5.0,,0.0133,6.1822
evaluate_epoch_e500.csv,MSEOnly_1.3_e500_phys0.3,deploy,340,2026-09-15 16:53:37,clean,tfm_declip_cov_MSEOnly_1.3_e500_anat,1.0,0.3,500,306,3.1e-05,0.000889,99.73,97.05,1.75,5.19,0.88,1.3,-1508.4,1.89,0.87,1.74,1.02,,0.4536,0.5232,0.0,2.02,0.0,99.77,100.0,100.0,54.62,70.23,90.37,0.0,0.76,35.26,0.3786,3.355,4.771,0.1118,cuda,0.7687,0.8452,1.894,0.4756,97.61,83.34,0.9311,0.8301,anatomical,0.575,infer,24.0,1.8,0.2,trained4,15.039,0.5013,2.6,0.0,0.0687,ma_zerophase,5.0,,0.0135,6.1517
evaluate_epoch_e500.csv,MSEOnly_1.3_e500_phys0.3,deploy,350,2026-09-19 19:42:43,clean,tfm_declip_cov_MSEOnly_1.3_e500_anat,1.0,0.3,1500,306,3.1e-05,0.00086,99.73,97.17,1.75,6.66,0.88,1.31,-1447.5,1.73,0.82,1.62,0.95,,0.4536,0.5014,0.0,2.02,0.0,99.77,100.0,100.0,58.45,73.84,91.2,0.0,2.05,38.53,0.3539,3.267,4.811,0.1089,cuda,0.7922,0.8606,1.73,0.4756,97.93,85.36,0.9407,0.8503,anatomical,0.575,infer,24.0,1.8,0.2,trained4,14.808,0.4936,2.39,0.0,0.0615,ma_zerophase,5.0,,0.0133,5.9916
evaluate_epoch_e500.csv,MSEOnly_1.3_e500_phys0.3,deploy,360,2026-09-15 16:56:42,clean,tfm_declip_cov_MSEOnly_1.3_e500_anat,1.0,0.3,500,306,3.1e-05,0.00093,99.73,96.67,1.75,6.23,0.88,1.21,-1579.7,1.85,0.84,1.7,0.98,,0.4536,0.5163,0.0,2.02,0.0,99.77,100.0,100.0,55.19,71.8,90.52,0.0,0.65,36.86,0.3688,3.505,4.953,0.1168,cuda,0.7765,0.8489,1.854,0.4756,97.73,84.01,0.9336,0.8344,anatomical,0.575,infer,24.0,1.8,0.2,trained4,14.795,0.4932,2.39,0.0,0.0632,ma_zerophase,5.0,,0.0136,6.1091
evaluate_epoch_e500.csv,MSEOnly_1.3_e500_phys0.3,deploy,380,2026-09-15 16:59:45,clean,tfm_declip_cov_MSEOnly_1.3_e500_anat,1.0,0.3,500,306,3.1e-05,0.000937,99.73,96.97,1.75,5.9,0.88,1.32,-1569.1,1.62,0.86,1.55,0.99,,0.4536,0.4974,0.0,2.02,0.0,99.77,100.0,100.0,59.79,75.95,92.79,0.0,2.07,51.81,0.3495,3.404,4.953,0.1135,cuda,0.8083,0.8751,1.622,0.4756,97.9,85.96,0.9455,0.8648,anatomical,0.575,infer,24.0,1.8,0.2,trained4,15.0,0.5,2.58,0.0,0.0648,ma_zerophase,5.0,,0.0135,5.9099
evaluate_epoch_e500.csv,MSEOnly_1.3_e500_phys0.3,deploy,400,2026-09-15 17:02:45,clean,tfm_declip_cov_MSEOnly_1.3_e500_anat,1.0,0.3,500,306,3.1e-05,0.000931,99.73,97.17,1.75,5.38,0.88,1.37,-1519.5,1.79,0.8,1.66,0.95,,0.4536,0.5035,0.0,2.02,0.0,99.77,100.0,100.0,57.07,72.47,91.04,0.0,0.59,38.75,0.3564,3.376,4.704,0.1125,cuda,0.7839,0.8559,1.789,0.4756,97.81,85.09,0.9371,0.8439,anatomical,0.575,infer,24.0,1.8,0.2,trained4,15.592,0.5197,2.65,0.0,0.0678,ma_zerophase,5.0,,0.0136,6.0103
evaluate_epoch_e500.csv,MSEOnly_1.3_e500_phys0.3,deploy,420,2026-09-15 17:05:46,clean,tfm_declip_cov_MSEOnly_1.3_e500_anat,1.0,0.3,500,306,3.1e-05,0.000859,99.73,97.19,1.75,6.63,0.88,1.32,-1449.0,1.64,0.85,1.58,0.99,,0.4536,0.4968,0.0,2.02,0.0,99.77,100.0,100.0,59.2,75.22,92.54,0.0,2.33,49.63,0.3476,3.231,4.43,0.1077,cuda,0.8034,0.872,1.637,0.4756,98.0,86.43,0.9441,0.8604,anatomical,0.575,infer,24.0,1.8,0.2,trained4,14.89,0.4963,2.49,0.0,0.0603,ma_zerophase,5.0,,0.0137,5.8488
evaluate_epoch_e500.csv,MSEOnly_1.3_e500_phys0.3,deploy,440,2026-09-15 17:08:54,clean,tfm_declip_cov_MSEOnly_1.3_e500_anat,1.0,0.3,500,306,3.1e-05,0.000818,99.73,97.06,1.75,6.24,0.88,1.24,-1429.2,1.7,0.77,1.63,0.95,,0.4536,0.4988,0.0,2.02,0.0,99.77,100.0,100.0,59.24,73.87,91.71,0.0,1.13,41.18,0.351,3.514,4.86,0.1171,cuda,0.7938,0.8639,1.699,0.4756,97.97,85.97,0.9418,0.8542,anatomical,0.575,infer,24.0,1.8,0.2,trained4,15.035,0.5012,2.37,0.0,0.0638,ma_zerophase,5.0,,0.0145,5.8623
evaluate_epoch_e500.csv,MSEOnly_1.3_e500_phys0.3,deploy,450,2026-09-19 19:45:38,clean,tfm_declip_cov_MSEOnly_1.3_e500_anat,1.0,0.3,1500,306,3.1e-05,0.00093,99.73,97.03,1.75,6.2,0.88,1.33,-1548.5,1.55,0.79,1.5,0.94,,0.4536,0.4991,0.0,2.02,0.0,99.77,100.0,100.0,60.88,76.78,93.4,0.0,2.44,53.54,0.3481,3.143,5.085,0.1048,cuda,0.8152,0.8821,1.551,0.4756,98.08,87.72,0.95,0.8739,anatomical,0.575,infer,24.0,1.8,0.2,trained4,13.943,0.4648,2.55,0.0,0.0637,ma_zerophase,5.0,,0.012,5.8571
evaluate_epoch_e500.csv,MSEOnly_1.3_e500_phys0.3,deploy,460,2026-09-15 17:11:58,clean,tfm_declip_cov_MSEOnly_1.3_e500_anat,1.0,0.3,500,306,3.1e-05,0.000898,99.73,96.97,1.75,6.04,0.88,1.3,-1540.4,1.51,0.79,1.51,0.94,,0.4536,0.496,0.0,2.02,0.0,99.77,100.0,100.0,61.55,77.24,93.7,0.0,2.76,55.42,0.3446,3.338,4.627,0.1113,cuda,0.8197,0.886,1.514,0.4756,98.08,87.63,0.9509,0.8766,anatomical,0.575,infer,24.0,1.8,0.2,trained4,15.558,0.5186,2.64,0.0,0.0646,ma_zerophase,5.0,,0.0139,5.8432
evaluate_epoch_e500.csv,MSEOnly_1.3_e500_phys0.3,deploy,480,2026-09-15 17:15:03,clean,tfm_declip_cov_MSEOnly_1.3_e500_anat,1.0,0.3,500,306,3.1e-05,0.000924,99.73,97.03,1.75,5.75,0.88,1.31,-1529.0,1.52,0.79,1.5,0.94,,0.4536,0.4972,0.0,2.02,0.0,99.77,100.0,100.0,62.06,77.09,93.62,0.0,2.25,55.15,0.3461,3.532,4.844,0.1177,cuda,0.8188,0.8845,1.519,0.4756,98.04,87.27,0.9509,0.8769,anatomical,0.575,infer,24.0,1.8,0.2,trained4,16.007,0.5336,2.55,0.0,0.0652,ma_zerophase,5.0,,0.0142,5.9273
evaluate_epoch_e500.csv,MSEOnly_1.3_e500_phys0.3,deploy,500,2026-09-15 17:18:08,clean,tfm_declip_cov_MSEOnly_1.3_e500_anat,1.0,0.3,500,306,3.1e-05,0.000961,99.73,96.62,1.75,6.97,0.88,1.22,-1626.9,1.46,0.76,1.45,0.93,,0.4536,0.5013,0.0,2.02,0.28,99.77,99.99,98.8,63.26,78.33,93.98,0.07,3.28,58.78,0.3476,3.501,4.76,0.1167,cuda,0.8281,0.8909,1.463,0.4756,98.13,87.82,0.9536,0.8833,anatomical,0.575,infer,24.0,1.8,0.2,trained4,16.783,0.5594,2.65,0.281,0.0684,ma_zerophase,5.0,,0.0142,5.8087
evaluate_epoch_e500.csv,MSEOnly_1.3_e500_phys0.3,deploy,550,2026-09-19 19:48:33,clean,tfm_declip_cov_MSEOnly_1.3_e500_anat,1.0,0.3,1500,306,3.1e-05,0.000847,99.73,97.33,1.75,5.19,0.88,1.33,-1388.2,1.57,0.8,1.49,0.94,,0.4536,0.5154,0.0,2.02,0.0,99.77,100.0,100.0,61.85,76.78,92.79,0.02,2.76,51.75,0.3638,3.294,4.956,0.1098,cuda,0.8147,0.879,1.568,0.4756,97.99,87.15,0.9492,0.8722,anatomical,0.575,infer,24.0,1.8,0.2,trained4,14.132,0.4711,2.25,0.0,0.0572,ma_zerophase,5.0,,0.0126,6.1202
evaluate_epoch_e500.csv,MSEOnly_1.3_e500_phys0.3,deploy,600,2026-09-19 19:51:31,clean,tfm_declip_cov_MSEOnly_1.3_e500_anat,1.0,0.3,1500,306,3.1e-05,0.000816,99.73,97.37,1.75,5.89,0.88,1.33,-1358.9,1.73,0.79,1.6,0.97,,0.4536,0.5042,0.0,2.02,0.0,99.77,100.0,100.0,58.73,73.83,91.78,0.0,0.95,42.81,0.3525,3.145,4.944,0.1048,cuda,0.7937,0.8633,1.729,0.4756,97.77,84.61,0.9416,0.8538,anatomical,0.575,infer,24.0,1.8,0.2,trained4,13.662,0.4554,2.4,0.0,0.0615,ma_zerophase,5.0,,0.0126,6.0813
evaluate_epoch_e500.csv,MSEOnly_1.3_e500_phys0.3,deploy,650,2026-09-19 19:54:28,clean,tfm_declip_cov_MSEOnly_1.3_e500_anat,1.0,0.3,1500,306,3.1e-05,0.000482,99.73,98.31,1.75,6.37,0.88,1.26,-787.4,1.91,0.76,1.8,0.98,,0.4536,0.554,0.0,2.02,0.0,99.77,100.0,100.0,52.72,69.4,89.82,0.0,0.98,28.36,0.4126,3.201,4.846,0.1067,cuda,0.7621,0.839,1.91,0.4756,97.79,78.1,0.9281,0.8214,anatomical,0.575,infer,24.0,1.8,0.2,trained4,10.589,0.353,1.61,0.0,0.054,ma_zerophase,5.0,,0.0126,6.4528
evaluate_epoch_e500.csv,MSEOnly_1.3_e500_phys0.3,deploy,700,2026-09-19 19:57:19,clean,tfm_declip_cov_MSEOnly_1.3_e500_anat,1.0,0.3,1500,306,3.1e-05,0.0,99.73,100.0,1.75,0.0,0.88,0.0,100.0,1.42,0.64,1.41,0.89,,0.4536,0.4386,0.0,2.02,0.0,99.77,100.0,100.0,63.8,77.44,93.17,0.04,3.69,48.71,0.2786,3.106,6.743,0.1035,cuda,0.8235,0.8846,1.424,0.4756,98.81,86.98,0.9561,0.8803,anatomical,0.575,infer,24.0,1.8,0.2,trained4,6.894,0.2298,0.05,0.0,0.0094,ma_zerophase,5.0,,0.0125,4.629
evaluate_epoch_e500.csv,MSEOnly_1.3_e500_phys0.3,deploy,750,2026-09-19 20:00:02,clean,tfm_declip_cov_MSEOnly_1.3_e500_anat,1.0,0.3,1500,306,3.1e-05,0.0,99.73,100.0,1.75,0.0,0.88,0.0,100.0,1.34,0.49,1.44,0.9,,0.4536,0.4305,0.0,2.02,0.0,99.77,100.0,100.0,60.86,77.3,94.99,0.0,2.09,51.53,0.2727,3.089,4.438,0.103,cuda,0.8233,0.895,1.342,0.4756,99.65,95.25,0.9597,0.8825,anatomical,0.575,infer,24.0,1.8,0.2,trained4,6.755,0.2252,0.0,0.0,0.0,ma_zerophase,5.0,,0.0122,4.5521
evaluate_epoch_e500.csv,MSEOnly_1.3_e500_phys0.3,deploy,800,2026-09-19 20:02:39,clean,tfm_declip_cov_MSEOnly_1.3_e500_anat,1.0,0.3,1500,306,3.1e-05,0.0,99.73,100.0,1.75,0.0,0.88,0.0,100.0,1.43,0.4,1.53,0.85,,0.4536,0.4236,0.0,2.02,0.0,99.77,100.0,100.0,57.6,75.93,94.8,0.0,0.25,45.14,0.2617,2.978,4.873,0.0993,cuda,0.8112,0.8876,1.428,0.4756,99.56,93.18,0.9563,0.8723,anatomical,0.575,infer,24.0,1.8,0.2,trained4,6.406,0.2135,0.0,0.0,0.0,ma_zerophase,5.0,,0.0114,4.5653
evaluate_epoch_e500.csv,MSEOnly_1.3_e500_phys0.3,deploy,850,2026-09-19 20:05:07,clean,tfm_declip_cov_MSEOnly_1.3_e500_anat,1.0,0.3,1500,306,3.1e-05,0.0,99.73,100.0,1.75,0.0,0.88,0.0,100.0,1.07,0.45,1.24,0.87,,0.4536,0.4234,0.0,2.02,0.0,99.77,100.0,100.0,68.42,83.27,96.71,0.29,12.35,69.47,0.2586,9.343,21.827,0.3114,cuda,0.8638,0.9215,1.069,0.4756,99.76,96.79,0.9731,0.9176,anatomical,0.575,infer,24.0,1.8,0.2,trained4,5.624,0.1875,0.03,0.0,0.0053,ma_zerophase,5.0,,0.0104,4.555
evaluate_epoch_e500.csv,MSEOnly_1.3_e500_phys0.3,deploy,900,2026-09-19 20:07:22,clean,tfm_declip_cov_MSEOnly_1.3_e500_anat,1.0,0.3,1500,306,3.1e-05,0.0,99.73,100.0,1.75,0.0,0.88,0.0,100.0,1.25,0.53,1.42,0.94,,0.4536,0.4202,0.0,2.02,0.0,99.77,100.0,100.0,62.73,79.63,95.88,0.1,4.23,59.28,0.261,9.601,19.656,0.32,cuda,0.8382,0.9057,1.253,0.4756,99.51,94.01,0.9643,0.8955,anatomical,0.575,infer,24.0,1.8,0.2,trained4,5.555,0.1852,0.0,0.0,0.0,ma_zerophase,5.0,,0.0104,4.4422
evaluate_epoch_e500.csv,MSEOnly_1.3_e500_phys0.3,deploy,950,2026-09-19 20:09:40,clean,tfm_declip_cov_MSEOnly_1.3_e500_anat,1.0,0.3,1500,306,3.1e-05,6e-06,99.73,99.41,1.75,0.7,0.88,0.26,35.4,1.04,0.43,1.3,0.87,,0.4536,0.415,0.0,2.02,0.0,99.77,100.0,100.0,66.46,83.47,97.5,0.36,12.28,75.34,0.2522,8.929,22.882,0.2976,cuda,0.8649,0.927,1.044,0.4756,99.82,97.59,0.9747,0.9201,anatomical,0.575,infer,24.0,1.8,0.2,trained4,5.523,0.1841,0.04,0.0,0.0057,ma_zerophase,5.0,,0.0105,4.5473
evaluate_epoch_e500.csv,MSEOnly_1.3_e500_phys0.3,deploy,1000,2026-09-19 20:11:58,clean,tfm_declip_cov_MSEOnly_1.3_e500_anat,1.0,0.3,1500,306,3.1e-05,5e-06,99.73,99.61,1.75,0.83,0.88,0.28,53.7,0.97,0.47,1.18,0.88,,0.4536,0.4223,0.0,2.02,0.0,99.77,100.0,100.0,70.86,85.58,97.18,0.78,18.18,73.89,0.2554,8.909,21.192,0.297,cuda,0.8812,0.932,0.968,0.4756,99.71,96.02,0.9772,0.9309,anatomical,0.575,infer,24.0,1.8,0.2,trained4,5.658,0.1886,0.08,0.0,0.0314,ma_zerophase,5.0,,0.0105,4.6121
evaluate_epoch_e500.csv,MSEOnly_1.3_e500_phys0.3,deploy,1050,2026-09-19 20:14:16,clean,tfm_declip_cov_MSEOnly_1.3_e500_anat,1.0,0.3,1500,306,3.1e-05,0.0,99.73,99.99,1.75,0.0,0.88,0.0,100.0,0.79,0.38,1.08,0.88,,0.4536,0.4073,0.0,2.02,0.0,99.77,100.0,100.0,74.69,88.83,98.73,2.45,29.07,85.96,0.2382,9.178,25.039,0.3059,cuda,0.9039,0.9501,0.791,0.4756,99.89,98.19,0.984,0.9481,anatomical,0.575,infer,24.0,1.8,0.2,trained4,5.492,0.1831,0.08,0.0,0.0125,ma_zerophase,5.0,,0.0104,4.534
evaluate_epoch_e500.csv,MSEOnly_1.3_e500_phys0.3,deploy,1100,2026-09-19 20:16:35,clean,tfm_declip_cov_MSEOnly_1.3_e500_anat,1.0,0.3,1500,306,3.1e-05,0.0,99.73,99.89,1.75,0.17,0.88,0.11,95.0,0.82,0.48,1.1,0.92,,0.4536,0.4124,0.0,2.02,0.0,99.77,100.0,100.0,75.27,89.02,98.07,3.51,36.59,81.84,0.2432,9.737,21.88,0.3246,cuda,0.9021,0.9465,0.822,0.4756,99.8,97.23,0.9819,0.9441,anatomical,0.575,infer,24.0,1.8,0.2,trained4,5.636,0.1879,0.07,0.0,0.0162,ma_zerophase,5.0,,0.0106,4.5669
evaluate_epoch_e500.csv,MSEOnly_1.3_e500_phys0.3,deploy,1150,2026-09-19 20:18:53,clean,tfm_declip_cov_MSEOnly_1.3_e500_anat,1.0,0.3,1500,306,3.1e-05,0.0,99.73,100.0,1.75,0.0,0.88,0.0,100.0,0.86,0.44,1.1,0.89,,0.4536,0.4118,0.0,2.02,0.0,99.77,100.0,100.0,74.22,87.27,97.81,1.57,24.39,78.89,0.2423,9.959,21.762,0.332,cuda,0.8938,0.9413,0.857,0.4756,99.85,97.85,0.981,0.9406,anatomical,0.575,infer,24.0,1.8,0.2,trained4,5.556,0.1852,0.07,0.0,0.0068,ma_zerophase,5.0,,0.0107,4.6119
evaluate_epoch_e500.csv,MSEOnly_1.3_e500_phys0.3,deploy,1200,2026-09-19 20:21:11,clean,tfm_declip_cov_MSEOnly_1.3_e500_anat,1.0,0.3,1500,306,3.1e-05,0.0,99.73,99.97,1.75,0.07,0.88,0.06,99.2,0.87,0.42,1.08,0.87,,0.4536,0.4144,0.0,2.02,0.0,99.77,100.0,100.0,74.24,87.32,97.6,3.22,27.77,75.69,0.2432,9.031,24.267,0.301,cuda,0.8939,0.9404,0.866,0.4756,99.8,97.29,0.9807,0.9399,anatomical,0.575,infer,24.0,1.8,0.2,trained4,5.511,0.1837,0.07,0.0,0.0279,ma_zerophase,5.0,,0.0105,4.5519
evaluate_epoch_e500.csv,MSEOnly_1.3_e500_phys0.3,deploy,1250,2026-09-19 20:23:29,clean,tfm_declip_cov_MSEOnly_1.3_e500_anat,1.0,0.3,1500,306,3.1e-05,0.0,99.73,100.0,1.75,0.0,0.88,0.0,100.0,0.99,0.43,1.33,0.85,,0.4536,0.4109,0.0,2.02,0.0,99.77,100.0,100.0,70.16,85.13,97.56,0.9,11.85,71.09,0.2466,9.07,21.23,0.3023,cuda,0.8756,0.9323,0.989,0.4756,99.75,95.64,0.9738,0.9218,anatomical,0.575,infer,24.0,1.8,0.2,trained4,5.587,0.1862,0.01,0.0,0.003,ma_zerophase,5.0,,0.0106,4.5185
evaluate_epoch_e500.csv,MSEOnly_1.3_e500_phys0.3,deploy,1300,2026-09-19 20:25:47,clean,tfm_declip_cov_MSEOnly_1.3_e500_anat,1.0,0.3,1500,306,3.1e-05,0.0,99.73,100.0,1.75,0.0,0.88,0.0,100.0,0.77,0.47,1.06,0.91,,0.4536,0.4113,0.0,2.02,0.0,99.77,100.0,100.0,77.4,89.74,98.28,5.64,37.45,83.44,0.2413,8.754,22.921,0.2918,cuda,0.9098,0.951,0.766,0.4756,99.81,97.76,0.9837,0.9491,anatomical,0.575,infer,24.0,1.8,0.2,trained4,5.486,0.1829,0.02,0.0,0.006,ma_zerophase,5.0,,0.0104,4.6195
evaluate_epoch_e500.csv,MSEOnly_1.3_e500_phys0.3,deploy,1350,2026-09-19 20:28:05,clean,tfm_declip_cov_MSEOnly_1.3_e500_anat,1.0,0.3,1500,306,3.1e-05,0.0,99.73,99.97,1.75,0.08,0.88,0.05,99.3,0.75,0.47,1.05,0.9,,0.4536,0.4113,0.0,2.02,0.0,99.77,100.0,100.0,78.33,89.78,98.12,9.1,39.48,82.11,0.2403,9.974,23.951,0.3325,cuda,0.9101,0.9506,0.751,0.4756,99.86,98.16,0.9838,0.9496,anatomical,0.575,infer,24.0,1.8,0.2,trained4,5.542,0.1847,0.05,0.0,0.0285,ma_zerophase,5.0,,0.0105,4.6068
evaluate_epoch_e500.csv,MSEOnly_1.3_e500_phys0.3,deploy,1400,2026-09-19 20:30:23,clean,tfm_declip_cov_MSEOnly_1.3_e500_anat,1.0,0.3,1500,306,3.1e-05,0.0,99.73,99.89,1.75,0.23,0.88,0.12,94.5,1.18,0.52,1.26,0.89,,0.4536,0.4159,0.0,2.02,0.0,99.77,100.0,100.0,66.03,79.89,95.98,0.02,2.48,67.28,0.2491,8.154,21.477,0.2718,cuda,0.8501,0.9099,1.178,0.4756,99.21,90.76,0.9691,0.9112,anatomical,0.575,infer,24.0,1.8,0.2,trained4,5.589,0.1863,0.0,0.0,0.0,ma_zerophase,5.0,,0.0104,4.5896
evaluate_epoch_e500.csv,MSEOnly_1.3_e500_phys0.3,deploy,1450,2026-09-19 20:32:41,clean,tfm_declip_cov_MSEOnly_1.3_e500_anat,1.0,0.3,1500,306,3.1e-05,0.0,99.73,100.0,1.75,0.0,0.88,0.0,100.0,0.8,0.45,1.05,0.89,,0.4536,0.4074,0.0,2.02,0.0,99.77,100.0,100.0,75.13,88.73,98.2,3.37,34.55,82.33,0.2364,9.407,23.335,0.3136,cuda,0.9036,0.9479,0.801,0.4756,99.81,97.23,0.9831,0.947,anatomical,0.575,infer,24.0,1.8,0.2,trained4,5.545,0.1848,0.05,0.0,0.0282,ma_zerophase,5.0,,0.0106,4.5459
evaluate_epoch_e500.csv,MSEOnly_1.3_e500_phys0.3,deploy,1500,2026-09-19 20:35:00,clean,tfm_declip_cov_MSEOnly_1.3_e500_anat,1.0,0.3,1500,306,3.1e-05,0.0,99.73,99.79,1.75,0.33,0.88,0.07,94.3,0.68,0.44,1.01,0.9,,0.4536,0.4041,0.0,2.02,0.0,99.77,100.0,100.0,80.55,91.56,98.62,12.54,47.42,86.35,0.2333,10.41,22.413,0.347,cuda,0.9234,0.9591,0.677,0.4756,99.9,98.64,0.9865,0.9575,anatomical,0.575,infer,24.0,1.8,0.2,trained4,5.565,0.1855,0.11,0.0,0.0305,ma_zerophase,5.0,,0.0105,4.5747
evaluate_epoch_e500.csv,MSEOnly_1.3_e500_phys0.3,deploy,1550,2026-09-30 16:56:17,clean,tfm_declip_cov_MSEOnly_1.3_e500_anat,1.0,0.3,2500,306,3.1e-05,2e-06,99.73,99.9,1.75,0.65,0.88,0.4,83.7,0.86,0.36,1.12,0.84,,0.4536,0.4074,0.0,2.02,0.0,99.77,100.0,100.0,72.74,85.85,98.47,0.02,12.63,82.27,0.2359,4.38,13.087,0.146,cuda,0.8883,0.9415,0.86,0.4756,99.88,98.29,0.9822,0.9422,anatomical,0.575,infer,24.0,1.8,0.2,trained4,6.351,0.2117,0.02,0.0,0.012,ma_zerophase,5.0,,0.0124,4.5801
evaluate_epoch_e500.csv,MSEOnly_1.3_e500_phys0.3,deploy,1600,2026-09-30 16:58:56,clean,tfm_declip_cov_MSEOnly_1.3_e500_anat,1.0,0.3,2500,306,3.1e-05,0.0,99.73,99.97,1.75,0.59,0.88,0.21,97.1,0.64,0.39,0.99,0.9,,0.4536,0.4017,0.0,2.02,0.0,99.77,100.0,100.0,80.79,92.44,99.02,12.35,49.9,89.19,0.2312,5.968,18.518,0.1989,cuda,0.9281,0.9634,0.643,0.4756,99.93,98.88,0.988,0.9609,anatomical,0.575,infer,24.0,1.8,0.2,trained4,6.528,0.2176,0.0,0.0,0.0,ma_zerophase,5.0,,0.0118,4.5086
evaluate_epoch_e500.csv,MSEOnly_1.3_e500_phys0.3,deploy,1650,2026-09-30 17:01:35,clean,tfm_declip_cov_MSEOnly_1.3_e500_anat,1.0,0.3,2500,306,3.1e-05,0.0,99.73,99.99,1.75,0.04,0.88,0.04,99.8,0.58,0.37,0.96,0.9,,0.4536,0.401,0.0,2.02,0.0,99.77,100.0,100.0,83.62,93.38,99.23,21.88,56.24,90.52,0.2291,9.173,23.366,0.3058,cuda,0.9372,0.9685,0.578,0.4756,99.94,99.0,0.9897,0.9663,anatomical,0.575,infer,24.0,1.8,0.2,trained4,6.266,0.2089,0.0,0.0,0.0,ma_zerophase,5.0,,0.0117,4.565
evaluate_epoch_e500.csv,MSEOnly_1.3_e500_phys0.3,deploy,1700,2026-09-30 17:04:15,clean,tfm_declip_cov_MSEOnly_1.3_e500_anat,1.0,0.3,2500,306,3.1e-05,0.0,99.73,99.98,1.75,0.13,0.88,0.1,99.1,0.65,0.37,0.99,0.89,,0.4536,0.4003,0.0,2.02,0.0,99.77,100.0,100.0,80.58,92.34,99.11,8.87,48.7,89.83,0.2292,8.269,21.01,0.2756,cuda,0.927,0.9633,0.649,0.4756,99.93,98.94,0.988,0.9606,anatomical,0.575,infer,24.0,1.8,0.2,trained4,6.555,0.2185,0.0,0.0,0.0,ma_zerophase,5.0,,0.0117,4.5492
evaluate_epoch_e500.csv,MSEOnly_1.3_e500_phys0.3,deploy,1750,2026-09-30 17:06:53,clean,tfm_declip_cov_MSEOnly_1.3_e500_anat,1.0,0.3,2500,306,3.1e-05,2e-06,99.73,99.54,1.75,0.36,0.88,0.15,70.6,0.63,0.41,0.99,0.89,,0.4536,0.4024,0.0,2.02,0.0,99.77,100.0,100.0,81.59,92.1,98.97,16.38,47.91,88.59,0.2312,6.826,20.856,0.2275,cuda,0.9285,0.9633,0.633,0.4756,99.9,98.4,0.9879,0.9614,anatomical,0.575,infer,24.0,1.8,0.2,trained4,6.443,0.2148,0.04,0.0,0.003,ma_zerophase,5.0,,0.0116,4.5793
evaluate_epoch_e500.csv,MSEOnly_1.3_e500_phys0.3,deploy,1800,2026-09-30 17:09:34,clean,tfm_declip_cov_MSEOnly_1.3_e500_anat,1.0,0.3,2500,306,3.1e-05,0.0,99.73,99.95,1.75,0.18,0.88,0.08,98.1,0.77,0.44,1.02,0.88,,0.4536,0.4058,0.0,2.02,0.0,99.77,100.0,100.0,76.96,89.52,98.02,4.35,39.97,79.43,0.235,5.381,14.733,0.1794,cuda,0.9084,0.9492,0.771,0.4756,99.84,98.18,0.9835,0.949,anatomical,0.575,infer,24.0,1.8,0.2,trained4,6.827,0.2276,0.03,0.0,0.0047,ma_zerophase,5.0,,0.012,4.5613
evaluate_epoch_e500.csv,MSEOnly_1.3_e500_phys0.3,deploy,1850,2026-09-30 17:12:09,clean,tfm_declip_cov_MSEOnly_1.3_e500_anat,1.0,0.3,2500,306,3.1e-05,0.0,99.73,99.95,1.75,0.26,0.88,0.13,97.0,0.61,0.41,0.96,0.9,,0.4536,0.4024,0.0,2.02,0.0,99.77,100.0,100.0,82.71,92.81,98.98,19.24,53.52,88.39,0.231,9.223,21.075,0.3074,cuda,0.9327,0.9652,0.606,0.4756,99.92,98.64,0.9886,0.9634,anatomical,0.575,infer,24.0,1.8,0.2,trained4,6.725,0.2242,0.09,0.0,0.0135,ma_zerophase,5.0,,0.012,4.5382
evaluate_epoch_e500.csv,MSEOnly_1.3_e500_phys0.3,deploy,1900,2026-09-30 17:14:50,clean,tfm_declip_cov_MSEOnly_1.3_e500_anat,1.0,0.3,2500,306,3.1e-05,0.0,99.73,99.99,1.75,0.27,0.88,0.27,98.8,0.6,0.39,0.95,0.9,,0.4536,0.4017,0.0,2.02,0.0,99.77,100.0,100.0,82.73,92.7,99.07,19.03,52.28,89.59,0.2299,8.145,22.509,0.2715,cuda,0.9337,0.966,0.597,0.4756,99.93,98.71,0.989,0.9644,anatomical,0.575,infer,24.0,1.8,0.2,trained4,6.656,0.2219,0.02,0.0,0.0086,ma_zerophase,5.0,,0.0119,4.5677
evaluate_epoch_e500.csv,MSEOnly_1.3_e500_phys0.3,deploy,1950,2026-09-30 17:17:27,clean,tfm_declip_cov_MSEOnly_1.3_e500_anat,1.0,0.3,2500,306,3.1e-05,0.0,99.73,100.0,1.75,0.0,0.88,0.0,100.0,0.7,0.39,0.99,0.89,,0.4536,0.4019,0.0,2.02,0.0,99.77,100.0,100.0,77.61,91.76,98.91,5.63,46.76,88.68,0.2305,7.485,19.758,0.2495,cuda,0.9198,0.9591,0.696,0.4756,99.92,98.64,0.987,0.9577,anatomical,0.575,infer,24.0,1.8,0.2,trained4,6.483,0.2161,0.01,0.0,0.0018,ma_zerophase,5.0,,0.0121,4.5623
evaluate_epoch_e500.csv,MSEOnly_1.3_e500_phys0.3,deploy,2000,2026-09-30 17:20:03,clean,tfm_declip_cov_MSEOnly_1.3_e500_anat,1.0,0.3,2500,306,3.1e-05,0.0,99.73,99.98,1.75,0.03,0.88,0.02,99.8,0.62,0.39,1.0,0.89,,0.4536,0.4048,0.0,2.02,0.0,99.77,100.0,100.0,81.51,92.6,98.99,15.1,51.98,88.12,0.2339,10.564,21.54,0.3521,cuda,0.9303,0.9644,0.624,0.4756,99.94,99.06,0.9885,0.9626,anatomical,0.575,infer,24.0,1.8,0.2,trained4,6.273,0.2091,0.0,0.0,0.0,ma_zerophase,5.0,,0.0116,4.5479
evaluate_epoch_e500.csv,MSEOnly_1.3_e500_phys0.3,deploy,2050,2026-09-30 17:22:34,clean,tfm_declip_cov_MSEOnly_1.3_e500_anat,1.0,0.3,2500,306,3.1e-05,0.0,99.73,99.97,1.75,0.08,0.88,0.06,99.2,0.56,0.42,0.93,0.9,,0.4536,0.3999,0.0,2.02,0.0,99.77,100.0,100.0,84.81,93.37,99.04,29.92,57.31,89.29,0.2281,5.749,14.555,0.1916,cuda,0.9392,0.9683,0.558,0.4756,99.93,98.89,0.9895,0.9665,anatomical,0.575,infer,24.0,1.8,0.2,trained4,5.779,0.1926,0.0,0.0,0.0,ma_zerophase,5.0,,0.0109,4.554
evaluate_epoch_e500.csv,MSEOnly_1.3_e500_phys0.3,deploy,2100,2026-09-30 17:24:57,clean,tfm_declip_cov_MSEOnly_1.3_e500_anat,1.0,0.3,2500,306,3.1e-05,2e-06,99.73,99.61,1.75,0.62,0.88,0.16,73.2,0.65,0.37,1.01,0.87,,0.4536,0.399,0.0,2.02,0.0,99.77,100.0,100.0,80.4,91.64,99.12,7.93,39.37,89.01,0.2281,6.844,19.579,0.2281,cuda,0.9237,0.9618,0.654,0.4756,99.95,99.25,0.9875,0.9593,anatomical,0.575,infer,24.0,1.8,0.2,trained4,5.702,0.1901,0.0,0.0,0.0,ma_zerophase,5.0,,0.0106,4.5502
evaluate_epoch_e500.csv,MSEOnly_1.3_e500_phys0.3,deploy,2150,2026-09-30 17:27:33,clean,tfm_declip_cov_MSEOnly_1.3_e500_anat,1.0,0.3,2500,306,3.1e-05,0.0,99.73,99.92,1.75,0.2,0.88,0.09,97.0,0.65,0.45,0.97,0.91,,0.4536,0.3985,0.0,2.02,0.0,99.77,100.0,100.0,80.39,92.0,98.52,10.76,51.75,84.86,0.2276,7.022,18.979,0.2341,cuda,0.9252,0.9599,0.655,0.4756,99.88,98.19,0.9868,0.959,anatomical,0.575,infer,24.0,1.8,0.2,trained4,6.431,0.2144,0.0,0.0,0.0,ma_zerophase,5.0,,0.0118,4.6237
evaluate_epoch_e500.csv,MSEOnly_1.3_e500_phys0.3,deploy,2200,2026-09-30 17:30:11,clean,tfm_declip_cov_MSEOnly_1.3_e500_anat,1.0,0.3,2500,306,3.1e-05,0.0,99.73,99.97,1.75,0.64,0.88,0.24,96.7,0.54,0.38,0.92,0.9,,0.4536,0.3976,0.0,2.02,0.0,99.77,100.0,100.0,85.04,93.87,99.27,29.31,59.13,90.95,0.2258,5.122,9.524,0.1707,cuda,0.9421,0.9708,0.541,0.4756,99.96,99.34,0.9904,0.9687,anatomical,0.575,infer,24.0,1.8,0.2,trained4,6.648,0.2216,0.0,0.0,0.0,ma_zerophase,5.0,,0.0129,4.5522
evaluate_epoch_e500.csv,MSEOnly_1.3_e500_phys0.3,deploy,2250,2026-09-30 17:32:46,clean,tfm_declip_cov_MSEOnly_1.3_e500_anat,1.0,0.3,2500,306,3.1e-05,0.0,99.73,100.0,1.75,0.0,0.88,0.0,100.0,0.7,0.4,1.01,0.88,,0.4536,0.4018,0.0,2.02,0.0,99.77,100.0,100.0,76.86,91.26,98.71,4.29,43.63,86.93,0.2309,6.101,17.777,0.2034,cuda,0.9181,0.9576,0.704,0.4756,99.91,98.57,0.9867,0.9573,anatomical,0.575,infer,24.0,1.8,0.2,trained4,6.545,0.2182,0.09,0.0,0.0132,ma_zerophase,5.0,,0.0116,4.5895
evaluate_epoch_e500.csv,MSEOnly_1.3_e500_phys0.3,deploy,2300,2026-09-30 17:35:28,clean,tfm_declip_cov_MSEOnly_1.3_e500_anat,1.0,0.3,2500,306,3.1e-05,0.0,99.73,99.99,1.75,0.13,0.88,0.13,99.4,0.56,0.42,0.93,0.91,,0.4536,0.4021,0.0,2.02,0.0,99.77,100.0,100.0,84.71,93.38,99.09,29.12,58.32,89.56,0.2298,6.686,20.288,0.2229,cuda,0.939,0.9683,0.559,0.4756,99.92,98.88,0.9895,0.9667,anatomical,0.575,infer,24.0,1.8,0.2,trained4,6.432,0.2144,0.0,0.0,0.0,ma_zerophase,5.0,,0.0113,4.5679
evaluate_epoch_e500.csv,MSEOnly_1.3_e500_phys0.3,deploy,2350,2026-09-30 17:38:04,clean,tfm_declip_cov_MSEOnly_1.3_e500_anat,1.0,0.3,2500,306,3.1e-05,0.0,99.73,99.99,1.75,0.03,0.88,0.03,99.9,0.54,0.41,0.92,0.9,,0.4536,0.4013,0.0,2.02,0.0,99.77,100.0,100.0,85.43,93.83,99.14,31.26,59.36,90.44,0.2288,6.456,20.205,0.2152,cuda,0.9426,0.9703,0.538,0.4756,99.92,98.67,0.9901,0.9685,anatomical,0.575,infer,24.0,1.8,0.2,trained4,6.409,0.2136,0.0,0.0,0.0,ma_zerophase,5.0,,0.0114,4.5533
evaluate_epoch_e500.csv,MSEOnly_1.3_e500_phys0.3,deploy,2400,2026-09-30 17:40:44,clean,tfm_declip_cov_MSEOnly_1.3_e500_anat,1.0,0.3,2500,306,3.1e-05,1e-06,99.73,99.93,1.75,0.42,0.88,0.24,93.5,0.67,0.41,0.99,0.9,,0.4536,0.398,0.0,2.02,0.0,99.77,100.0,100.0,81.84,92.54,99.0,2.9,46.49,88.78,0.2265,6.756,19.25,0.2252,cuda,0.9278,0.9634,0.671,0.4756,99.91,98.42,0.9863,0.9559,anatomical,0.575,infer,24.0,1.8,0.2,trained4,6.516,0.2172,0.0,0.0,0.0,ma_zerophase,5.0,,0.0112,4.6005
evaluate_epoch_e500.csv,MSEOnly_1.3_e500_phys0.3,deploy,2450,2026-09-30 17:43:25,clean,tfm_declip_cov_MSEOnly_1.3_e500_anat,1.0,0.3,2500,306,3.1e-05,0.0,99.73,100.0,1.75,0.0,0.88,0.0,100.0,0.57,0.45,0.93,0.91,,0.4536,0.3988,0.0,2.02,0.0,99.77,100.0,100.0,84.94,93.5,98.85,27.76,58.85,88.38,0.227,6.781,19.303,0.226,cuda,0.9388,0.9674,0.571,0.4756,99.87,98.24,0.9888,0.9655,anatomical,0.575,infer,24.0,1.8,0.2,trained4,6.521,0.2174,0.0,0.0,0.0,ma_zerophase,5.0,,0.0112,4.6062
evaluate_epoch_e500.csv,MSEOnly_1.3_e500_phys0.3,deploy,2500,2026-09-30 17:46:07,clean,tfm_declip_cov_MSEOnly_1.3_e500_anat,1.0,0.3,2500,306,3.1e-05,5e-06,99.73,99.5,1.75,0.99,0.88,0.23,51.0,0.68,0.39,1.01,0.89,,0.4536,0.3992,0.0,2.02,0.0,99.77,100.0,100.0,80.92,92.62,98.99,4.37,50.85,89.4,0.2275,6.937,23.721,0.2312,cuda,0.9264,0.963,0.682,0.4756,99.9,98.49,0.9868,0.957,anatomical,0.575,infer,24.0,1.8,0.2,trained4,6.583,0.2194,0.01,0.0,0.0006,ma_zerophase,5.0,,0.0112,4.5661
evaluate_epoch_e500.csv,MSEOnly_1.3_e500_phys0.3,deploy,2550,2026-09-30 21:39:11,clean,tfm_declip_cov_MSEOnly_1.3_e500_anat,1.0,0.3,3000,306,3.1e-05,0.0,99.73,99.99,1.75,0.05,0.88,0.05,99.8,0.53,0.4,0.91,0.91,,0.4536,0.397,0.0,2.02,0.0,99.77,100.0,100.0,85.72,93.98,99.21,30.29,60.75,90.8,0.2247,6.225,12.705,0.2075,cuda,0.9436,0.9711,0.527,0.4756,99.92,98.69,0.9904,0.9691,anatomical,0.575,infer,24.0,1.8,0.2,trained4,6.328,0.2109,0.0,0.0,0.0,ma_zerophase,5.0,,0.0117,4.5474
evaluate_epoch_e500.csv,MSEOnly_1.3_e500_phys0.3,deploy,2600,2026-09-30 21:41:43,clean,tfm_declip_cov_MSEOnly_1.3_e500_anat,1.0,0.3,3000,306,3.1e-05,1e-06,99.73,99.96,1.75,0.8,0.88,0.4,92.8,0.52,0.38,0.92,0.9,,0.4536,0.3985,0.0,2.02,0.0,99.77,100.0,100.0,86.1,94.54,99.29,31.32,62.29,91.45,0.2267,5.428,11.64,0.1809,cuda,0.9462,0.973,0.516,0.4756,99.93,98.85,0.9908,0.9706,anatomical,0.575,infer,24.0,1.8,0.2,trained4,6.293,0.2098,0.09,0.0,0.0162,ma_zerophase,5.0,,0.0109,4.5391
evaluate_epoch_e500.csv,MSEOnly_1.3_e500_phys0.3,deploy,2650,2026-09-30 21:44:15,clean,tfm_declip_cov_MSEOnly_1.3_e500_anat,1.0,0.3,3000,306,3.1e-05,0.0,99.73,100.0,1.75,0.0,0.88,0.0,100.0,0.73,0.43,1.0,0.91,,0.4536,0.3993,0.0,2.02,0.0,99.77,100.0,100.0,77.06,91.82,98.5,3.95,50.85,84.96,0.2285,6.575,20.886,0.2192,cuda,0.9174,0.9567,0.732,0.4756,99.88,98.36,0.9855,0.9545,anatomical,0.575,infer,24.0,1.8,0.2,trained4,6.265,0.2088,0.0,0.0,0.0,ma_zerophase,5.0,,0.0112,4.6162
evaluate_epoch_e500.csv,MSEOnly_1.3_e500_phys0.3,deploy,2700,2026-09-30 21:46:49,clean,tfm_declip_cov_MSEOnly_1.3_e500_anat,1.0,0.3,3000,306,3.1e-05,0.0,99.73,100.0,1.75,0.0,0.88,0.0,100.0,0.55,0.4,0.92,0.91,,0.4536,0.399,0.0,2.02,0.0,99.77,100.0,100.0,84.89,93.91,99.11,28.28,59.98,89.55,0.2266,6.639,17.768,0.2213,cuda,0.9414,0.9699,0.547,0.4756,99.93,98.97,0.9899,0.968,anatomical,0.575,infer,24.0,1.8,0.2,trained4,6.244,0.2081,0.0,0.0,0.0,ma_zerophase,5.0,,0.0113,4.5655
evaluate_epoch_e500.csv,MSEOnly_1.3_e500_phys0.3,deploy,2750,2026-09-30 21:49:27,clean,tfm_declip_cov_MSEOnly_1.3_e500_anat,1.0,0.3,3000,306,3.1e-05,0.0,99.73,99.83,1.75,0.15,0.88,0.08,94.5,0.78,0.48,1.11,0.88,,0.4536,0.4022,0.0,2.02,0.0,99.77,100.0,100.0,76.01,89.6,98.0,2.51,38.56,82.27,0.2314,6.92,21.924,0.2307,cuda,0.906,0.9489,0.781,0.4756,99.8,97.4,0.983,0.9482,anatomical,0.575,infer,24.0,1.8,0.2,trained4,6.527,0.2176,0.0,0.0,0.0,ma_zerophase,5.0,,0.0114,4.6308
evaluate_epoch_e500.csv,MSEOnly_1.3_e500_phys0.3,deploy,2800,2026-09-30 21:52:09,clean,tfm_declip_cov_MSEOnly_1.3_e500_anat,1.0,0.3,3000,306,3.1e-05,0.0,99.73,100.0,1.75,0.0,0.88,0.0,100.0,0.53,0.41,0.92,0.91,,0.4536,0.4001,0.0,2.02,0.0,99.77,100.0,100.0,85.86,94.1,99.17,29.76,61.68,90.33,0.2281,7.435,26.778,0.2478,cuda,0.9438,0.9711,0.534,0.4756,99.91,98.62,0.9901,0.9686,anatomical,0.575,infer,24.0,1.8,0.2,trained4,6.498,0.2166,0.0,0.0,0.0,ma_zerophase,5.0,,0.0114,4.5651
evaluate_epoch_e500.csv,MSEOnly_1.3_e500_phys0.3,deploy,2850,2026-09-30 21:54:50,clean,tfm_declip_cov_MSEOnly_1.3_e500_anat,1.0,0.3,3000,306,3.1e-05,0.0,99.73,99.99,1.75,0.25,0.88,0.25,98.9,0.55,0.41,0.92,0.91,,0.4536,0.4003,0.0,2.02,0.0,99.77,100.0,100.0,84.97,93.65,99.1,26.05,58.03,89.72,0.2275,6.652,18.149,0.2217,cuda,0.941,0.9694,0.548,0.4756,99.9,98.53,0.9898,0.9678,anatomical,0.575,infer,24.0,1.8,0.2,trained4,6.516,0.2172,0.0,0.0,0.0,ma_zerophase,5.0,,0.0114,4.573
evaluate_epoch_e500.csv,MSEOnly_1.3_e500_phys0.3,deploy,2900,2026-09-30 21:57:30,clean,tfm_declip_cov_MSEOnly_1.3_e500_anat,1.0,0.3,3000,306,3.1e-05,0.0,99.73,99.99,1.75,0.09,0.88,0.09,99.6,0.53,0.41,0.91,0.9,,0.4536,0.3975,0.0,2.02,0.0,99.77,100.0,100.0,85.57,93.71,99.17,29.79,58.64,90.37,0.2251,6.825,13.54,0.2275,cuda,0.9425,0.9703,0.531,0.4756,99.93,98.99,0.9901,0.9685,anatomical,0.575,infer,24.0,1.8,0.2,trained4,6.558,0.2186,0.0,0.0,0.0,ma_zerophase,5.0,,0.0114,4.5525
evaluate_epoch_e500.csv,MSEOnly_1.3_e500_phys0.3,deploy,2950,2026-09-30 22:00:02,clean,tfm_declip_cov_MSEOnly_1.3_e500_anat,1.0,0.3,3000,306,3.1e-05,0.0,99.73,100.0,1.75,0.0,0.88,0.0,100.0,0.54,0.44,0.92,0.92,,0.4536,0.3988,0.0,2.02,0.0,99.77,100.0,100.0,85.75,93.53,99.03,35.07,59.81,89.11,0.2267,5.494,11.909,0.1831,cuda,0.9417,0.9692,0.537,0.4756,99.89,98.5,0.9896,0.9674,anatomical,0.575,infer,24.0,1.8,0.2,trained4,6.192,0.2064,0.0,0.0,0.0,ma_zerophase,5.0,,0.0109,4.5502
evaluate_epoch_e500.csv,MSEOnly_1.3_e500_phys0.3,deploy,3000,2026-09-30 22:02:35,clean,tfm_declip_cov_MSEOnly_1.3_e500_anat,1.0,0.3,3000,306,3.1e-05,0.0,99.73,99.99,1.75,0.44,0.88,0.44,98.0,0.51,0.42,0.9,0.91,,0.4536,0.399,0.0,2.02,0.0,99.77,100.0,100.0,86.58,94.13,99.17,35.5,61.34,90.49,0.2265,6.583,14.618,0.2194,cuda,0.9461,0.9718,0.508,0.4756,99.89,98.55,0.9903,0.9698,anatomical,0.575,infer,24.0,1.8,0.2,trained4,6.23,0.2077,0.0,0.0,0.0,ma_zerophase,5.0,,0.0109,4.558
evaluate_epoch_e500.csv,MSEOnly_1.3_e500_phys0.3,deploy,20,2026-09-15 16:08:05,legacy80,tfm_declip_cov_MSEOnly_1.3_e500_anat,1.0,0.3,500,306,0.065638,0.002635,75.56,90.27,8.9,4.56,2.98,0.92,87.7,5.12,0.68,5.84,1.08,3.09,0.4466,0.5994,0.0,8.87,0.0,83.15,100.0,100.0,,,,,,,0.5049,5.081,7.823,0.1694,cuda,0.7403,0.8089,2.214,0.4756,,,0.8973,0.7581,anatomical,0.575,infer,24.0,1.8,0.2,trained4,28.134,0.9378,37.82,0.0,0.6624,ma_zerophase,5.0,,0.0108,6.6895
evaluate_epoch_e500.csv,MSEOnly_1.3_e500_phys0.3,deploy,40,2026-09-15 16:10:53,legacy80,tfm_declip_cov_MSEOnly_1.3_e500_anat,1.0,0.3,500,306,0.065638,0.00339,75.56,90.53,8.9,4.38,2.98,1.19,84.6,3.89,0.94,4.37,1.01,2.66,0.4466,0.4596,0.0,8.87,0.0,83.15,100.0,100.0,,,,,,,0.3488,8.684,19.094,0.2895,cuda,0.7301,0.8051,2.232,0.4756,,,0.9159,0.771,anatomical,0.575,infer,24.0,1.8,0.2,trained4,12.249,0.4083,2.6,0.0,0.0892,ma_zerophase,5.0,,0.012,4.4813
evaluate_epoch_e500.csv,MSEOnly_1.3_e500_phys0.3,deploy,50,2026-09-19 19:34:28,legacy80,tfm_declip_cov_MSEOnly_1.3_e500_anat,1.0,0.3,1500,306,0.065638,0.0006,75.56,98.53,8.9,4.55,2.98,1.22,97.5,3.03,1.05,3.86,1.11,2.22,0.4466,0.4395,0.0,8.87,0.0,83.15,100.0,100.0,,,,,,,0.3281,3.267,4.991,0.1089,cuda,0.8328,0.8957,1.429,0.4756,,,0.9547,0.8649,anatomical,0.575,infer,24.0,1.8,0.2,trained4,11.733,0.3911,1.88,0.0,0.0928,ma_zerophase,5.0,,0.0123,4.4263
evaluate_epoch_e500.csv,MSEOnly_1.3_e500_phys0.3,deploy,60,2026-09-15 16:13:49,legacy80,tfm_declip_cov_MSEOnly_1.3_e500_anat,1.0,0.3,500,306,0.065638,0.000703,75.56,98.69,8.9,4.73,2.98,1.4,97.5,3.76,1.31,4.5,1.11,2.95,0.4466,0.4448,0.0,8.87,0.0,83.15,100.0,100.0,,,,,,,0.3423,11.035,19.482,0.3678,cuda,0.714,0.7815,2.395,0.4756,,,0.8962,0.7504,anatomical,0.575,infer,24.0,1.8,0.2,trained4,11.131,0.371,1.97,0.0,0.1226,ma_zerophase,5.0,,0.0117,4.8734
evaluate_epoch_e500.csv,MSEOnly_1.3_e500_phys0.3,deploy,80,2026-09-15 16:16:22,legacy80,tfm_declip_cov_MSEOnly_1.3_e500_anat,1.0,0.3,500,306,0.065638,0.001455,75.56,97.44,8.9,4.7,2.98,1.39,95.1,4.44,1.02,4.57,1.12,3.0,0.4466,0.4405,0.0,8.87,0.0,83.15,100.0,100.0,,,,,,,0.3413,5.342,12.355,0.1781,cuda,0.6775,0.7188,3.207,0.4756,,,0.8521,0.6834,anatomical,0.575,infer,24.0,1.8,0.2,trained4,8.757,0.2919,2.06,0.0,0.0783,ma_zerophase,5.0,,0.0102,5.7603
evaluate_epoch_e500.csv,MSEOnly_1.3_e500_phys0.3,deploy,100,2026-09-15 16:18:45,legacy80,tfm_declip_cov_MSEOnly_1.3_e500_anat,1.0,0.3,500,306,0.065638,0.00102,75.56,98.8,8.9,5.26,2.98,1.9,96.9,4.35,1.61,4.39,1.21,2.91,0.4466,0.4025,0.0,8.87,0.0,83.15,100.0,100.0,,,,,,,0.3055,6.085,18.496,0.2028,cuda,0.6713,0.7138,3.242,0.4756,,,0.8468,0.6692,anatomical,0.575,infer,24.0,1.8,0.2,trained4,7.001,0.2334,0.49,0.0,0.0282,ma_zerophase,5.0,,0.0106,4.1579
evaluate_epoch_e500.csv,MSEOnly_1.3_e500_phys0.3,deploy,120,2026-09-15 16:21:07,legacy80,tfm_declip_cov_MSEOnly_1.3_e500_anat,1.0,0.3,500,306,0.065638,0.001642,75.56,95.33,8.9,4.67,2.98,1.2,92.3,5.16,1.32,5.04,1.27,3.45,0.4466,0.5078,0.0,8.87,0.0,83.15,100.0,100.0,,,,,,,0.4343,8.492,21.211,0.2831,cuda,0.6291,0.6695,3.968,0.4756,,,0.8157,0.6268,anatomical,0.575,infer,24.0,1.8,0.2,trained4,11.418,0.3806,2.83,0.0,0.045,ma_zerophase,5.0,,0.0107,9.4356
evaluate_epoch_e500.csv,MSEOnly_1.3_e500_phys0.3,deploy,140,2026-09-15 16:24:07,legacy80,tfm_declip_cov_MSEOnly_1.3_e500_anat,1.0,0.3,500,306,0.065638,0.00215,75.56,96.31,8.9,6.53,2.98,1.61,91.8,4.85,1.22,4.27,1.22,2.72,0.4466,0.4999,0.0,8.87,0.34,83.15,99.98,100.0,,,,,,,0.4134,3.562,5.237,0.1187,cuda,0.6364,0.6856,3.577,0.4756,,,0.8294,0.6387,anatomical,0.575,infer,24.0,1.8,0.2,trained4,17.275,0.5758,2.52,0.343,0.0502,ma_zerophase,5.0,,0.0135,9.36
evaluate_epoch_e500.csv,MSEOnly_1.3_e500_phys0.3,deploy,150,2026-09-19 19:37:28,legacy80,tfm_declip_cov_MSEOnly_1.3_e500_anat,1.0,0.3,1500,306,0.065638,0.004116,75.56,93.42,8.9,6.74,2.98,1.76,84.1,4.78,1.35,4.12,1.27,2.58,0.4466,0.5241,0.0,8.87,0.16,83.15,99.99,100.0,,,,,,,0.4294,3.284,5.13,0.1095,cuda,0.6518,0.6984,3.54,0.4756,,,0.8405,0.6568,anatomical,0.575,infer,24.0,1.8,0.2,trained4,20.619,0.6873,4.1,0.16,0.0646,ma_zerophase,5.0,,0.0121,9.4397
evaluate_epoch_e500.csv,MSEOnly_1.3_e500_phys0.3,deploy,160,2026-09-15 16:27:03,legacy80,tfm_declip_cov_MSEOnly_1.3_e500_anat,1.0,0.3,500,306,0.065638,0.003156,75.56,94.06,8.9,6.39,2.98,1.47,88.1,5.53,1.26,5.08,1.21,3.56,0.4466,0.5016,0.0,8.87,0.08,83.15,99.98,100.0,,,,,,,0.426,3.359,5.939,0.112,cuda,0.6131,0.6429,4.317,0.4756,,,0.7782,0.5949,anatomical,0.575,infer,24.0,1.8,0.2,trained4,17.184,0.5728,3.06,0.077,0.0651,ma_zerophase,5.0,,0.0119,8.4541
evaluate_epoch_e500.csv,MSEOnly_1.3_e500_phys0.3,deploy,180,2026-09-15 16:30:06,legacy80,tfm_declip_cov_MSEOnly_1.3_e500_anat,1.0,0.3,500,306,0.065638,0.001401,75.56,96.55,8.9,6.26,2.98,1.46,93.1,3.88,1.3,3.7,1.3,2.16,0.4466,0.538,0.0,8.87,0.02,83.15,99.99,100.0,,,,,,,0.4473,3.517,5.477,0.1172,cuda,0.7299,0.7945,2.577,0.4756,,,0.8975,0.7616,anatomical,0.575,infer,24.0,1.8,0.2,trained4,17.368,0.5789,2.45,0.024,0.0505,ma_zerophase,5.0,,0.0128,9.026
evaluate_epoch_e500.csv,MSEOnly_1.3_e500_phys0.3,deploy,200,2026-09-15 16:33:02,legacy80,tfm_declip_cov_MSEOnly_1.3_e500_anat,1.0,0.3,500,306,0.065638,0.001972,75.56,96.0,8.9,6.48,2.98,1.54,91.6,3.9,1.25,3.67,1.28,2.2,0.4466,0.5261,0.0,8.87,0.3,83.15,99.98,100.0,,,,,,,0.4366,3.297,5.132,0.1099,cuda,0.7147,0.7738,2.717,0.4756,,,0.8908,0.7459,anatomical,0.575,infer,24.0,1.8,0.2,trained4,17.84,0.5947,2.8,0.302,0.0537,ma_zerophase,5.0,,0.0122,8.3402
evaluate_epoch_e500.csv,MSEOnly_1.3_e500_phys0.3,deploy,220,2026-09-15 16:35:56,legacy80,tfm_declip_cov_MSEOnly_1.3_e500_anat,1.0,0.3,500,306,0.065638,0.00178,75.56,95.41,8.9,6.94,2.98,1.42,91.0,3.7,1.21,3.49,1.3,1.96,0.4466,0.5249,0.0,8.87,0.0,83.15,100.0,100.0,,,,,,,0.4333,3.323,5.452,0.1108,cuda,0.7346,0.7984,2.403,0.4756,,,0.9061,0.7746,anatomical,0.575,infer,24.0,1.8,0.2,trained4,15.27,0.509,2.61,0.0,0.0782,ma_zerophase,5.0,,0.0122,7.0423
evaluate_epoch_e500.csv,MSEOnly_1.3_e500_phys0.3,deploy,240,2026-09-15 16:38:58,legacy80,tfm_declip_cov_MSEOnly_1.3_e500_anat,1.0,0.3,500,306,0.065638,0.001404,75.56,96.03,8.9,6.25,2.98,1.37,92.5,3.61,1.28,3.48,1.3,2.03,0.4466,0.511,0.0,8.87,0.13,83.15,99.99,100.0,,,,,,,0.4221,3.437,4.965,0.1146,cuda,0.7286,0.7979,2.416,0.4756,,,0.9001,0.7658,anatomical,0.575,infer,24.0,1.8,0.2,trained4,17.614,0.5871,2.55,0.128,0.0728,ma_zerophase,5.0,,0.0136,7.3059
evaluate_epoch_e500.csv,MSEOnly_1.3_e500_phys0.3,deploy,250,2026-09-19 19:40:28,legacy80,tfm_declip_cov_MSEOnly_1.3_e500_anat,1.0,0.3,1500,306,0.065638,0.002258,75.56,94.62,8.9,6.98,2.98,1.46,89.2,3.42,1.33,3.33,1.32,1.88,0.4466,0.5104,0.0,8.87,0.23,83.15,99.98,100.0,,,,,,,0.4168,3.284,5.132,0.1095,cuda,0.7684,0.8343,2.111,0.4756,,,0.9201,0.8062,anatomical,0.575,infer,24.0,1.8,0.2,trained4,16.589,0.553,2.76,0.23,0.0743,ma_zerophase,5.0,,0.0121,6.6724
evaluate_epoch_e500.csv,MSEOnly_1.3_e500_phys0.3,deploy,260,2026-09-15 16:42:03,legacy80,tfm_declip_cov_MSEOnly_1.3_e500_anat,1.0,0.3,500,306,0.065638,0.00133,75.56,96.47,8.9,6.89,2.98,1.41,93.2,3.25,1.38,3.19,1.34,1.76,0.4466,0.5024,0.0,8.87,0.0,83.15,100.0,100.0,,,,,,,0.4089,3.477,5.035,0.1159,cuda,0.7946,0.8538,1.967,0.4756,,,0.9273,0.8267,anatomical,0.575,infer,24.0,1.8,0.2,trained4,17.753,0.5918,2.4,0.0,0.0724,ma_zerophase,5.0,,0.0147,6.9868
evaluate_epoch_e500.csv,MSEOnly_1.3_e500_phys0.3,deploy,280,2026-09-15 16:45:07,legacy80,tfm_declip_cov_MSEOnly_1.3_e500_anat,1.0,0.3,500,306,0.065638,0.00166,75.56,95.5,8.9,6.69,2.98,1.35,91.7,3.65,1.11,3.29,1.25,1.84,0.4466,0.5094,0.0,8.87,0.0,83.15,100.0,100.0,,,,,,,0.4181,3.435,4.935,0.1145,cuda,0.7377,0.8008,2.369,0.4756,,,0.9075,0.7752,anatomical,0.575,infer,24.0,1.8,0.2,trained4,17.086,0.5695,2.55,0.0,0.0776,ma_zerophase,5.0,,0.0136,6.7384
evaluate_epoch_e500.csv,MSEOnly_1.3_e500_phys0.3,deploy,300,2026-09-15 16:48:13,legacy80,tfm_declip_cov_MSEOnly_1.3_e500_anat,1.0,0.3,500,306,0.065638,0.001527,75.56,96.15,8.9,6.7,2.98,1.42,92.5,3.44,1.29,3.29,1.28,1.87,0.4466,0.5124,0.0,8.87,0.13,83.15,99.99,100.0,,,,,,,0.4208,3.463,5.002,0.1154,cuda,0.7654,0.8312,2.169,0.4756,,,0.9172,0.7996,anatomical,0.575,infer,24.0,1.8,0.2,trained4,15.693,0.5231,2.41,0.133,0.073,ma_zerophase,5.0,,0.0136,6.8915
evaluate_epoch_e500.csv,MSEOnly_1.3_e500_phys0.3,deploy,320,2026-09-15 16:51:17,legacy80,tfm_declip_cov_MSEOnly_1.3_e500_anat,1.0,0.3,500,306,0.065638,0.001755,75.56,94.77,8.9,6.33,2.98,1.33,90.4,2.98,1.23,3.03,1.3,1.61,0.4466,0.4864,0.0,8.87,0.02,83.15,99.99,100.0,,,,,,,0.391,3.351,4.611,0.1117,cuda,0.8117,0.8744,1.69,0.4756,,,0.9419,0.853,anatomical,0.575,infer,24.0,1.8,0.2,trained4,15.533,0.5178,2.9,0.016,0.0812,ma_zerophase,5.0,,0.0135,5.9372
evaluate_epoch_e500.csv,MSEOnly_1.3_e500_phys0.3,deploy,340,2026-09-15 16:54:22,legacy80,tfm_declip_cov_MSEOnly_1.3_e500_anat,1.0,0.3,500,306,0.065638,0.001393,75.56,96.59,8.9,6.23,2.98,1.46,93.2,3.22,1.28,3.07,1.33,1.67,0.4466,0.5024,0.0,8.87,0.0,83.15,100.0,100.0,,,,,,,0.4088,3.391,4.629,0.113,cuda,0.7912,0.857,1.899,0.4756,,,0.9324,0.8327,anatomical,0.575,infer,24.0,1.8,0.2,trained4,18.224,0.6075,2.63,0.0,0.0771,ma_zerophase,5.0,,0.0136,6.5613
evaluate_epoch_e500.csv,MSEOnly_1.3_e500_phys0.3,deploy,350,2026-09-19 19:43:24,legacy80,tfm_declip_cov_MSEOnly_1.3_e500_anat,1.0,0.3,1500,306,0.065638,0.001177,75.56,96.22,8.9,5.68,2.98,1.28,93.4,2.93,1.24,3.0,1.31,1.59,0.4466,0.4836,0.0,8.87,0.0,83.15,100.0,100.0,,,,,,,0.3892,3.086,4.845,0.1029,cuda,0.8322,0.8838,1.61,0.4756,,,0.9444,0.8619,anatomical,0.575,infer,24.0,1.8,0.2,trained4,13.722,0.4574,2.75,0.0,0.0751,ma_zerophase,5.0,,0.0121,6.076
evaluate_epoch_e500.csv,MSEOnly_1.3_e500_phys0.3,deploy,360,2026-09-15 16:57:25,legacy80,tfm_declip_cov_MSEOnly_1.3_e500_anat,1.0,0.3,500,306,0.065638,0.00149,75.56,95.51,8.9,6.78,2.98,1.34,91.8,2.95,1.19,3.01,1.29,1.59,0.4466,0.4907,0.0,8.87,0.28,83.15,99.99,100.0,,,,,,,0.3955,3.395,4.816,0.1132,cuda,0.818,0.8745,1.695,0.4756,,,0.9426,0.859,anatomical,0.575,infer,24.0,1.8,0.2,trained4,16.071,0.5357,2.81,0.284,0.0796,ma_zerophase,5.0,,0.0134,6.3622
evaluate_epoch_e500.csv,MSEOnly_1.3_e500_phys0.3,deploy,380,2026-09-15 17:00:28,legacy80,tfm_declip_cov_MSEOnly_1.3_e500_anat,1.0,0.3,500,306,0.065638,0.001819,75.56,95.04,8.9,5.46,2.98,1.36,90.7,2.9,1.25,2.92,1.3,1.51,0.4466,0.4836,0.0,8.87,0.0,83.15,100.0,100.0,,,,,,,0.3857,3.467,4.783,0.1156,cuda,0.8396,0.8911,1.569,0.4756,,,0.9472,0.8701,anatomical,0.575,infer,24.0,1.8,0.2,trained4,15.492,0.5164,2.81,0.0,0.0759,ma_zerophase,5.0,,0.0136,6.1553
evaluate_epoch_e500.csv,MSEOnly_1.3_e500_phys0.3,deploy,400,2026-09-15 17:03:28,legacy80,tfm_declip_cov_MSEOnly_1.3_e500_anat,1.0,0.3,500,306,0.065638,0.002051,75.56,94.58,8.9,6.32,2.98,1.41,89.5,3.43,1.13,3.26,1.23,1.86,0.4466,0.4919,0.0,8.87,0.0,83.15,100.0,100.0,,,,,,,0.3956,3.249,5.098,0.1083,cuda,0.7645,0.8323,2.117,0.4756,,,0.9131,0.7873,anatomical,0.575,infer,24.0,1.8,0.2,trained4,16.13,0.5377,2.61,0.0,0.073,ma_zerophase,5.0,,0.0127,6.375
evaluate_epoch_e500.csv,MSEOnly_1.3_e500_phys0.3,deploy,420,2026-09-15 17:06:30,legacy80,tfm_declip_cov_MSEOnly_1.3_e500_anat,1.0,0.3,500,306,0.065638,0.001187,75.56,96.34,8.9,5.79,2.98,1.32,93.4,2.95,1.21,2.94,1.29,1.56,0.4466,0.4837,0.0,8.87,0.0,83.15,100.0,100.0,,,,,,,0.3901,3.067,4.452,0.1022,cuda,0.8194,0.8788,1.68,0.4756,,,0.9425,0.8576,anatomical,0.575,infer,24.0,1.8,0.2,trained4,16.48,0.5493,2.44,0.0,0.0715,ma_zerophase,5.0,,0.0135,6.1979
evaluate_epoch_e500.csv,MSEOnly_1.3_e500_phys0.3,deploy,440,2026-09-15 17:09:36,legacy80,tfm_declip_cov_MSEOnly_1.3_e500_anat,1.0,0.3,500,306,0.065638,0.001406,75.56,96.08,8.9,6.76,2.98,1.36,92.7,3.01,1.18,3.05,1.26,1.65,0.4466,0.4849,0.0,8.87,0.14,83.15,99.99,100.0,,,,,,,0.39,3.335,5.152,0.1112,cuda,0.8128,0.874,1.728,0.4756,,,0.9391,0.8481,anatomical,0.575,infer,24.0,1.8,0.2,trained4,15.845,0.5282,2.48,0.141,0.0736,ma_zerophase,5.0,,0.0128,6.1566
evaluate_epoch_e500.csv,MSEOnly_1.3_e500_phys0.3,deploy,450,2026-09-19 19:46:18,legacy80,tfm_declip_cov_MSEOnly_1.3_e500_anat,1.0,0.3,1500,306,0.065638,0.001377,75.56,96.69,8.9,5.91,2.98,1.46,93.3,2.83,1.25,2.88,1.28,1.49,0.4466,0.479,0.0,8.87,0.0,83.15,100.0,100.0,,,,,,,0.3822,3.263,5.254,0.1088,cuda,0.8433,0.894,1.506,0.4756,,,0.9505,0.8773,anatomical,0.575,infer,24.0,1.8,0.2,trained4,13.704,0.4568,2.79,0.0,0.0784,ma_zerophase,5.0,,0.0121,5.9213
evaluate_epoch_e500.csv,MSEOnly_1.3_e500_phys0.3,deploy,460,2026-09-15 17:12:43,legacy80,tfm_declip_cov_MSEOnly_1.3_e500_anat,1.0,0.3,500,306,0.065638,0.001442,75.56,96.5,8.9,6.05,2.98,1.43,93.2,2.92,1.18,2.97,1.25,1.55,0.4466,0.4831,0.0,8.87,0.0,83.15,100.0,100.0,,,,,,,0.3858,3.499,4.763,0.1166,cuda,0.8235,0.8837,1.616,0.4756,,,0.9464,0.8641,anatomical,0.575,infer,24.0,1.8,0.2,trained4,15.787,0.5262,2.61,0.0,0.0732,ma_zerophase,5.0,,0.0139,6.0153
evaluate_epoch_e500.csv,MSEOnly_1.3_e500_phys0.3,deploy,480,2026-09-15 17:15:48,legacy80,tfm_declip_cov_MSEOnly_1.3_e500_anat,1.0,0.3,500,306,0.065638,0.001762,75.56,95.39,8.9,5.86,2.98,1.42,91.0,2.87,1.15,2.95,1.24,1.53,0.4466,0.4799,0.0,8.87,0.0,83.15,100.0,100.0,,,,,,,0.3831,3.387,4.661,0.1129,cuda,0.8291,0.8868,1.58,0.4756,,,0.9465,0.8657,anatomical,0.575,infer,24.0,1.8,0.2,trained4,15.843,0.5281,2.77,0.0,0.0729,ma_zerophase,5.0,,0.0142,6.017
evaluate_epoch_e500.csv,MSEOnly_1.3_e500_phys0.3,deploy,500,2026-09-15 17:18:52,legacy80,tfm_declip_cov_MSEOnly_1.3_e500_anat,1.0,0.3,500,306,0.065638,0.001613,75.56,95.45,8.9,5.64,2.98,1.27,92.1,2.91,1.18,2.89,1.27,1.5,0.4466,0.4888,0.0,8.87,0.0,83.15,100.0,100.0,,,,,,,0.3906,3.519,4.795,0.1173,cuda,0.8223,0.8833,1.607,0.4756,,,0.9471,0.8657,anatomical,0.575,infer,24.0,1.8,0.2,trained4,15.506,0.5169,2.91,0.0,0.082,ma_zerophase,5.0,,0.014,5.9866
evaluate_epoch_e500.csv,MSEOnly_1.3_e500_phys0.3,deploy,550,2026-09-19 19:49:15,legacy80,tfm_declip_cov_MSEOnly_1.3_e500_anat,1.0,0.3,1500,306,0.065638,0.001947,75.56,94.83,8.9,5.78,2.98,1.3,90.8,3.23,1.14,3.13,1.21,1.64,0.4466,0.4926,0.0,8.87,0.0,83.15,100.0,100.0,,,,,,,0.3961,3.406,5.346,0.1135,cuda,0.7949,0.8631,1.81,0.4756,,,0.9357,0.8347,anatomical,0.575,infer,24.0,1.8,0.2,trained4,14.423,0.4808,2.55,0.0,0.0693,ma_zerophase,5.0,,0.0127,6.1218
evaluate_epoch_e500.csv,MSEOnly_1.3_e500_phys0.3,deploy,600,2026-09-19 19:52:14,legacy80,tfm_declip_cov_MSEOnly_1.3_e500_anat,1.0,0.3,1500,306,0.065638,0.001026,75.56,96.85,8.9,6.49,2.98,1.37,94.1,2.98,1.18,2.99,1.24,1.65,0.4466,0.4855,0.0,8.87,0.0,83.15,100.0,100.0,,,,,,,0.3918,3.404,4.996,0.1135,cuda,0.806,0.8675,1.762,0.4756,,,0.9396,0.8495,anatomical,0.575,infer,24.0,1.8,0.2,trained4,15.914,0.5305,2.68,0.0,0.071,ma_zerophase,5.0,,0.0127,6.1742
evaluate_epoch_e500.csv,MSEOnly_1.3_e500_phys0.3,deploy,650,2026-09-19 19:55:08,legacy80,tfm_declip_cov_MSEOnly_1.3_e500_anat,1.0,0.3,1500,306,0.065638,0.000381,75.56,97.75,8.9,5.59,2.98,0.93,97.1,2.95,1.14,2.99,1.23,1.66,0.4466,0.5177,0.0,8.87,0.0,83.15,100.0,100.0,,,,,,,0.4202,3.148,4.855,0.1049,cuda,0.7934,0.8559,1.741,0.4756,,,0.9424,0.8444,anatomical,0.575,infer,24.0,1.8,0.2,trained4,11.299,0.3766,1.92,0.0,0.0579,ma_zerophase,5.0,,0.0123,6.3842
evaluate_epoch_e500.csv,MSEOnly_1.3_e500_phys0.3,deploy,700,2026-09-19 19:58:00,legacy80,tfm_declip_cov_MSEOnly_1.3_e500_anat,1.0,0.3,1500,306,0.065638,0.001017,75.56,97.24,8.9,5.73,2.98,1.15,95.6,2.61,1.15,2.79,1.25,1.36,0.4466,0.4069,0.0,8.87,0.0,83.15,100.0,100.0,,,,,,,0.3015,3.426,4.904,0.1142,cuda,0.8535,0.9137,1.166,0.4756,,,0.9701,0.905,anatomical,0.575,infer,24.0,1.8,0.2,trained4,7.554,0.2518,0.08,0.0,0.0485,ma_zerophase,5.0,,0.0133,4.0708
evaluate_epoch_e500.csv,MSEOnly_1.3_e500_phys0.3,deploy,750,2026-09-19 20:00:39,legacy80,tfm_declip_cov_MSEOnly_1.3_e500_anat,1.0,0.3,1500,306,0.065638,0.000332,75.56,99.65,8.9,5.61,2.98,1.66,99.2,2.75,1.12,2.84,1.23,1.44,0.4466,0.4116,0.0,8.87,0.0,83.15,100.0,100.0,,,,,,,0.3111,3.262,4.709,0.1087,cuda,0.8153,0.8887,1.394,0.4756,,,0.9614,0.8789,anatomical,0.575,infer,24.0,1.8,0.2,trained4,6.684,0.2228,0.02,0.0,0.008,ma_zerophase,5.0,,0.0123,4.0793
evaluate_epoch_e500.csv,MSEOnly_1.3_e500_phys0.3,deploy,800,2026-09-19 20:03:16,legacy80,tfm_declip_cov_MSEOnly_1.3_e500_anat,1.0,0.3,1500,306,0.065638,0.000296,75.56,99.1,8.9,4.17,2.98,1.1,98.6,2.54,1.04,2.83,1.2,1.42,0.4466,0.398,0.0,8.87,0.0,83.15,100.0,100.0,,,,,,,0.2944,3.303,4.894,0.1101,cuda,0.8454,0.9129,1.212,0.4756,,,0.9671,0.8941,anatomical,0.575,infer,24.0,1.8,0.2,trained4,6.921,0.2307,0.03,0.0,0.0094,ma_zerophase,5.0,,0.0126,3.9893
evaluate_epoch_e500.csv,MSEOnly_1.3_e500_phys0.3,deploy,850,2026-09-19 20:05:38,legacy80,tfm_declip_cov_MSEOnly_1.3_e500_anat,1.0,0.3,1500,306,0.065638,2.3e-05,75.56,99.85,8.9,2.31,2.98,0.77,99.8,2.44,1.2,2.65,1.26,1.35,0.4466,0.3989,0.0,8.87,0.0,83.15,100.0,100.0,,,,,,,0.294,7.569,18.732,0.2523,cuda,0.8688,0.9227,1.14,0.4756,,,0.9679,0.8997,anatomical,0.575,infer,24.0,1.8,0.2,trained4,5.509,0.1836,0.03,0.0,0.0153,ma_zerophase,5.0,,0.0102,4.0848
evaluate_epoch_e500.csv,MSEOnly_1.3_e500_phys0.3,deploy,900,2026-09-19 20:07:55,legacy80,tfm_declip_cov_MSEOnly_1.3_e500_anat,1.0,0.3,1500,306,0.065638,3.1e-05,75.56,99.86,8.9,2.1,2.98,1.13,99.8,3.52,1.05,3.47,1.14,2.1,0.4466,0.4055,0.0,8.87,0.0,83.15,100.0,100.0,,,,,,,0.3108,9.513,21.349,0.3171,cuda,0.7521,0.8238,2.221,0.4756,,,0.9044,0.7861,anatomical,0.575,infer,24.0,1.8,0.2,trained4,5.562,0.1854,0.0,0.0,0.0,ma_zerophase,5.0,,0.0106,3.8894
evaluate_epoch_e500.csv,MSEOnly_1.3_e500_phys0.3,deploy,950,2026-09-19 20:10:12,legacy80,tfm_declip_cov_MSEOnly_1.3_e500_anat,1.0,0.3,1500,306,0.065638,0.001058,75.56,95.16,8.9,5.72,2.98,0.86,94.3,2.53,1.12,2.82,1.24,1.37,0.4466,0.3967,0.0,8.87,0.0,83.15,100.0,100.0,,,,,,,0.2867,9.617,21.959,0.3206,cuda,0.8708,0.9322,1.039,0.4756,,,0.9748,0.9167,anatomical,0.575,infer,24.0,1.8,0.2,trained4,5.634,0.1878,0.2,0.0,0.0998,ma_zerophase,5.0,,0.0104,4.055
evaluate_epoch_e500.csv,MSEOnly_1.3_e500_phys0.3,deploy,1000,2026-09-19 20:12:31,legacy80,tfm_declip_cov_MSEOnly_1.3_e500_anat,1.0,0.3,1500,306,0.065638,0.000679,75.56,99.28,8.9,5.78,2.98,1.67,98.4,2.45,1.0,2.65,1.19,1.18,0.4466,0.4027,0.0,8.87,0.0,83.15,100.0,100.0,,,,,,,0.2899,9.14,21.352,0.3047,cuda,0.8728,0.9302,1.001,0.4756,,,0.9784,0.9279,anatomical,0.575,infer,24.0,1.8,0.2,trained4,5.778,0.1926,0.1,0.0,0.122,ma_zerophase,5.0,,0.0106,4.1476
evaluate_epoch_e500.csv,MSEOnly_1.3_e500_phys0.3,deploy,1050,2026-09-19 20:14:49,legacy80,tfm_declip_cov_MSEOnly_1.3_e500_anat,1.0,0.3,1500,306,0.065638,0.000402,75.56,99.53,8.9,5.67,2.98,1.75,98.9,2.24,1.08,2.52,1.23,1.08,0.4466,0.3965,0.0,8.87,0.0,83.15,100.0,100.0,,,,,,,0.2826,9.351,23.003,0.3117,cuda,0.9109,0.9544,0.783,0.4756,,,0.9857,0.9509,anatomical,0.575,infer,24.0,1.8,0.2,trained4,5.691,0.1897,0.1,0.0,0.1186,ma_zerophase,5.0,,0.0104,4.1121
evaluate_epoch_e500.csv,MSEOnly_1.3_e500_phys0.3,deploy,1100,2026-09-19 20:17:08,legacy80,tfm_declip_cov_MSEOnly_1.3_e500_anat,1.0,0.3,1500,306,0.065638,0.000241,75.56,99.07,8.9,4.36,2.98,1.06,98.6,2.08,1.17,2.4,1.3,1.08,0.4466,0.3994,0.0,8.87,0.0,83.15,100.0,100.0,,,,,,,0.2863,10.075,22.817,0.3358,cuda,0.9159,0.9569,0.755,0.4756,,,0.9862,0.9526,anatomical,0.575,infer,24.0,1.8,0.2,trained4,5.569,0.1856,0.08,0.0,0.0414,ma_zerophase,5.0,,0.0105,4.1093
evaluate_epoch_e500.csv,MSEOnly_1.3_e500_phys0.3,deploy,1150,2026-09-19 20:19:26,legacy80,tfm_declip_cov_MSEOnly_1.3_e500_anat,1.0,0.3,1500,306,0.065638,0.001159,75.56,97.47,8.9,5.91,2.98,1.6,94.5,2.12,1.15,2.47,1.26,1.07,0.4466,0.3937,0.0,8.87,0.0,83.15,100.0,100.0,,,,,,,0.2799,9.27,24.828,0.309,cuda,0.9153,0.9575,0.749,0.4756,,,0.9865,0.9538,anatomical,0.575,infer,24.0,1.8,0.2,trained4,5.566,0.1855,0.13,0.0,0.1566,ma_zerophase,5.0,,0.0104,4.0972
evaluate_epoch_e500.csv,MSEOnly_1.3_e500_phys0.3,deploy,1200,2026-09-19 20:21:43,legacy80,tfm_declip_cov_MSEOnly_1.3_e500_anat,1.0,0.3,1500,306,0.065638,0.000355,75.56,98.98,8.9,5.13,2.98,1.2,98.3,2.11,1.16,2.41,1.27,1.06,0.4466,0.3987,0.0,8.87,0.0,83.15,100.0,100.0,,,,,,,0.283,9.729,25.041,0.3243,cuda,0.9047,0.9523,0.798,0.4756,,,0.9857,0.9505,anatomical,0.575,infer,24.0,1.8,0.2,trained4,5.562,0.1854,0.12,0.0,0.0806,ma_zerophase,5.0,,0.0104,4.1079
evaluate_epoch_e500.csv,MSEOnly_1.3_e500_phys0.3,deploy,1250,2026-09-19 20:24:02,legacy80,tfm_declip_cov_MSEOnly_1.3_e500_anat,1.0,0.3,1500,306,0.065638,0.006159,75.56,96.59,8.9,6.31,2.98,3.18,85.1,2.58,1.1,2.96,1.24,1.46,0.4466,0.3894,0.0,8.87,0.0,83.15,100.0,100.0,,,,,,,0.2766,9.515,21.301,0.3172,cuda,0.8855,0.9382,0.993,0.4756,,,0.9732,0.914,anatomical,0.575,infer,24.0,1.8,0.2,trained4,5.958,0.1986,0.51,0.0,0.072,ma_zerophase,5.0,,0.0106,4.0493
evaluate_epoch_e500.csv,MSEOnly_1.3_e500_phys0.3,deploy,1300,2026-09-19 20:26:19,legacy80,tfm_declip_cov_MSEOnly_1.3_e500_anat,1.0,0.3,1500,306,0.065638,0.000341,75.56,98.82,8.9,3.74,2.98,1.18,98.1,1.95,1.13,2.32,1.25,1.05,0.4466,0.3953,0.0,8.87,0.0,83.15,100.0,100.0,,,,,,,0.2804,8.84,19.632,0.2947,cuda,0.9287,0.9632,0.682,0.4756,,,0.9878,0.9585,anatomical,0.575,infer,24.0,1.8,0.2,trained4,5.575,0.1858,0.11,0.0,0.1133,ma_zerophase,5.0,,0.0106,4.1366
evaluate_epoch_e500.csv,MSEOnly_1.3_e500_phys0.3,deploy,1350,2026-09-19 20:28:38,legacy80,tfm_declip_cov_MSEOnly_1.3_e500_anat,1.0,0.3,1500,306,0.065638,0.000214,75.56,99.66,8.9,4.67,2.98,1.41,99.3,2.07,1.05,2.41,1.21,1.06,0.4466,0.398,0.0,8.87,0.0,83.15,100.0,100.0,,,,,,,0.2816,9.747,24.677,0.3249,cuda,0.9177,0.958,0.719,0.4756,,,0.9873,0.9568,anatomical,0.575,infer,24.0,1.8,0.2,trained4,5.6,0.1867,0.1,0.0,0.0678,ma_zerophase,5.0,,0.0105,4.152
evaluate_epoch_e500.csv,MSEOnly_1.3_e500_phys0.3,deploy,1400,2026-09-19 20:30:55,legacy80,tfm_declip_cov_MSEOnly_1.3_e500_anat,1.0,0.3,1500,306,0.065638,0.000398,75.56,98.66,8.9,4.08,2.98,1.24,97.7,2.43,1.1,2.56,1.22,1.27,0.4466,0.4002,0.0,8.87,0.0,83.15,100.0,100.0,,,,,,,0.2875,10.079,21.688,0.336,cuda,0.8422,0.9047,1.21,0.4756,,,0.9701,0.9062,anatomical,0.575,infer,24.0,1.8,0.2,trained4,5.553,0.1851,0.1,0.0,0.032,ma_zerophase,5.0,,0.0104,4.1197
evaluate_epoch_e500.csv,MSEOnly_1.3_e500_phys0.3,deploy,1450,2026-09-19 20:33:14,legacy80,tfm_declip_cov_MSEOnly_1.3_e500_anat,1.0,0.3,1500,306,0.065638,0.000692,75.56,98.28,8.9,3.91,2.98,1.67,96.1,1.92,1.18,2.24,1.26,1.04,0.4466,0.3925,0.0,8.87,0.0,83.15,100.0,100.0,,,,,,,0.2772,9.563,23.586,0.3188,cuda,0.9151,0.9576,0.743,0.4756,,,0.9869,0.9546,anatomical,0.575,infer,24.0,1.8,0.2,trained4,5.679,0.1893,0.13,0.0,0.0747,ma_zerophase,5.0,,0.0108,4.1158
evaluate_epoch_e500.csv,MSEOnly_1.3_e500_phys0.3,deploy,1500,2026-09-19 20:35:33,legacy80,tfm_declip_cov_MSEOnly_1.3_e500_anat,1.0,0.3,1500,306,0.065638,0.000442,75.56,97.86,8.9,3.45,2.98,1.0,97.1,1.85,1.15,2.22,1.29,1.01,0.4466,0.3899,0.0,8.87,0.0,83.15,100.0,100.0,,,,,,,0.2754,9.092,23.675,0.3031,cuda,0.9307,0.9644,0.659,0.4756,,,0.9888,0.9616,anatomical,0.575,infer,24.0,1.8,0.2,trained4,5.599,0.1866,0.14,0.0,0.1329,ma_zerophase,5.0,,0.0104,4.1338
evaluate_epoch_e500.csv,MSEOnly_1.3_e500_phys0.3,deploy,1550,2026-09-30 16:56:54,legacy80,tfm_declip_cov_MSEOnly_1.3_e500_anat,1.0,0.3,2500,306,0.065638,0.000813,75.56,98.0,8.9,4.35,2.98,1.63,95.5,2.5,1.0,2.49,1.18,1.3,0.4466,0.4064,0.0,8.87,0.0,83.15,100.0,100.0,,,,,,,0.2884,6.593,21.332,0.2198,cuda,0.8073,0.871,1.428,0.4756,,,0.9595,0.8784,anatomical,0.575,infer,24.0,1.8,0.2,trained4,6.98,0.2327,0.23,0.0,0.0255,ma_zerophase,5.0,,0.012,4.2148
evaluate_epoch_e500.csv,MSEOnly_1.3_e500_phys0.3,deploy,1600,2026-09-30 16:59:33,legacy80,tfm_declip_cov_MSEOnly_1.3_e500_anat,1.0,0.3,2500,306,0.065638,0.000408,75.56,97.25,8.9,3.19,2.98,0.92,96.6,2.02,1.09,2.33,1.21,1.12,0.4466,0.3958,0.0,8.87,0.0,83.15,100.0,100.0,,,,,,,0.2798,5.907,17.374,0.1969,cuda,0.9135,0.9553,0.798,0.4756,,,0.9842,0.9458,anatomical,0.575,infer,24.0,1.8,0.2,trained4,6.572,0.2191,0.16,0.0,0.1572,ma_zerophase,5.0,,0.0118,4.1612
evaluate_epoch_e500.csv,MSEOnly_1.3_e500_phys0.3,deploy,1650,2026-09-30 17:02:11,legacy80,tfm_declip_cov_MSEOnly_1.3_e500_anat,1.0,0.3,2500,306,0.065638,0.00019,75.56,97.85,8.9,2.94,2.98,0.54,98.4,1.87,1.13,2.24,1.26,0.99,0.4466,0.3917,0.0,8.87,0.0,83.15,100.0,100.0,,,,,,,0.2747,7.049,19.121,0.235,cuda,0.9376,0.9695,0.617,0.4756,,,0.9899,0.9651,anatomical,0.575,infer,24.0,1.8,0.2,trained4,6.347,0.2116,0.15,0.0,0.2893,ma_zerophase,5.0,,0.0115,4.1526
evaluate_epoch_e500.csv,MSEOnly_1.3_e500_phys0.3,deploy,1700,2026-09-30 17:04:53,legacy80,tfm_declip_cov_MSEOnly_1.3_e500_anat,1.0,0.3,2500,306,0.065638,0.000186,75.56,97.93,8.9,2.5,2.98,0.67,98.1,1.84,1.13,2.19,1.28,1.02,0.4466,0.3892,0.0,8.87,0.0,83.15,100.0,100.0,,,,,,,0.2749,5.72,18.003,0.1907,cuda,0.9274,0.9647,0.687,0.4756,,,0.9886,0.9601,anatomical,0.575,infer,24.0,1.8,0.2,trained4,6.677,0.2226,0.17,0.0,0.0884,ma_zerophase,5.0,,0.0117,4.1382
evaluate_epoch_e500.csv,MSEOnly_1.3_e500_phys0.3,deploy,1750,2026-09-30 17:07:30,legacy80,tfm_declip_cov_MSEOnly_1.3_e500_anat,1.0,0.3,2500,306,0.065638,0.00061,75.56,96.9,8.9,3.87,2.98,1.0,95.7,1.76,1.18,2.18,1.3,0.99,0.4466,0.3893,0.0,8.87,0.0,83.15,100.0,100.0,,,,,,,0.2727,7.051,18.83,0.235,cuda,0.9376,0.9697,0.593,0.4756,,,0.9908,0.9681,anatomical,0.575,infer,24.0,1.8,0.2,trained4,6.632,0.2211,0.17,0.0,0.0875,ma_zerophase,5.0,,0.0114,4.1284
evaluate_epoch_e500.csv,MSEOnly_1.3_e500_phys0.3,deploy,1800,2026-09-30 17:10:08,legacy80,tfm_declip_cov_MSEOnly_1.3_e500_anat,1.0,0.3,2500,306,0.065638,0.000144,75.56,99.15,8.9,2.26,2.98,1.1,98.7,1.81,1.18,2.19,1.27,0.99,0.4466,0.3934,0.0,8.87,0.0,83.15,100.0,100.0,,,,,,,0.2767,9.01,21.19,0.3003,cuda,0.9279,0.9639,0.657,0.4756,,,0.9893,0.9631,anatomical,0.575,infer,24.0,1.8,0.2,trained4,6.021,0.2007,0.17,0.0,0.0791,ma_zerophase,5.0,,0.0112,4.1955
evaluate_epoch_e500.csv,MSEOnly_1.3_e500_phys0.3,deploy,1850,2026-09-30 17:12:45,legacy80,tfm_declip_cov_MSEOnly_1.3_e500_anat,1.0,0.3,2500,306,0.065638,0.000484,75.56,98.43,8.9,3.63,2.98,1.4,97.0,1.8,1.11,2.16,1.26,0.98,0.4466,0.3911,0.0,8.87,0.0,83.15,100.0,100.0,,,,,,,0.2738,5.289,16.295,0.1763,cuda,0.9299,0.9655,0.644,0.4756,,,0.9895,0.9639,anatomical,0.575,infer,24.0,1.8,0.2,trained4,6.561,0.2187,0.14,0.0,0.0896,ma_zerophase,5.0,,0.0132,4.1767
evaluate_epoch_e500.csv,MSEOnly_1.3_e500_phys0.3,deploy,1900,2026-09-30 17:15:27,legacy80,tfm_declip_cov_MSEOnly_1.3_e500_anat,1.0,0.3,2500,306,0.065638,0.000148,75.56,99.14,8.9,2.37,2.98,1.07,98.7,1.76,1.12,2.11,1.27,0.95,0.4466,0.3907,0.0,8.87,0.0,83.15,100.0,100.0,,,,,,,0.2739,4.466,14.423,0.1489,cuda,0.9311,0.9662,0.638,0.4756,,,0.99,0.9651,anatomical,0.575,infer,24.0,1.8,0.2,trained4,6.655,0.2218,0.14,0.0,0.0446,ma_zerophase,5.0,,0.0116,4.2183
evaluate_epoch_e500.csv,MSEOnly_1.3_e500_phys0.3,deploy,1950,2026-09-30 17:18:03,legacy80,tfm_declip_cov_MSEOnly_1.3_e500_anat,1.0,0.3,2500,306,0.065638,0.000395,75.56,98.52,8.9,3.1,2.98,1.31,97.3,1.96,1.15,2.23,1.26,1.05,0.4466,0.3927,0.0,8.87,0.0,83.15,100.0,100.0,,,,,,,0.2768,5.883,17.216,0.1961,cuda,0.9079,0.954,0.795,0.4756,,,0.985,0.9486,anatomical,0.575,infer,24.0,1.8,0.2,trained4,6.352,0.2117,0.15,0.0,0.076,ma_zerophase,5.0,,0.0112,4.1869
evaluate_epoch_e500.csv,MSEOnly_1.3_e500_phys0.3,deploy,2000,2026-09-30 17:20:40,legacy80,tfm_declip_cov_MSEOnly_1.3_e500_anat,1.0,0.3,2500,306,0.065638,0.000318,75.56,98.73,8.9,3.01,2.98,1.28,97.8,1.81,1.11,2.18,1.24,1.05,0.4466,0.3916,0.0,8.87,0.0,83.15,100.0,100.0,,,,,,,0.2758,9.723,24.158,0.3241,cuda,0.919,0.9601,0.697,0.4756,,,0.9883,0.9595,anatomical,0.575,infer,24.0,1.8,0.2,trained4,6.484,0.2161,0.15,0.0,0.0313,ma_zerophase,5.0,,0.0112,4.2275
evaluate_epoch_e500.csv,MSEOnly_1.3_e500_phys0.3,deploy,2050,2026-09-30 17:23:08,legacy80,tfm_declip_cov_MSEOnly_1.3_e500_anat,1.0,0.3,2500,306,0.065638,0.000168,75.56,99.08,8.9,2.47,2.98,1.08,98.6,1.69,1.14,2.1,1.25,0.94,0.4466,0.3893,0.0,8.87,0.0,83.15,100.0,100.0,,,,,,,0.2717,5.084,15.976,0.1695,cuda,0.9418,0.9708,0.565,0.4756,,,0.9912,0.9699,anatomical,0.575,infer,24.0,1.8,0.2,trained4,6.12,0.204,0.15,0.0,0.0637,ma_zerophase,5.0,,0.0115,4.1918
evaluate_epoch_e500.csv,MSEOnly_1.3_e500_phys0.3,deploy,2100,2026-09-30 17:25:30,legacy80,tfm_declip_cov_MSEOnly_1.3_e500_anat,1.0,0.3,2500,306,0.065638,0.000912,75.56,97.37,8.9,4.26,2.98,1.35,95.2,1.68,1.13,2.13,1.24,1.01,0.4466,0.3888,0.0,8.87,0.0,83.15,100.0,100.0,,,,,,,0.2728,8.841,19.976,0.2947,cuda,0.9365,0.9691,0.601,0.4756,,,0.9904,0.9667,anatomical,0.575,infer,24.0,1.8,0.2,trained4,5.916,0.1972,0.14,0.0,0.1838,ma_zerophase,5.0,,0.0108,4.2053
evaluate_epoch_e500.csv,MSEOnly_1.3_e500_phys0.3,deploy,2150,2026-09-30 17:28:09,legacy80,tfm_declip_cov_MSEOnly_1.3_e500_anat,1.0,0.3,2500,306,0.065638,0.000451,75.56,97.82,8.9,3.28,2.98,1.08,96.8,1.7,1.18,2.08,1.3,0.95,0.4466,0.3877,0.0,8.87,0.0,83.15,100.0,100.0,,,,,,,0.2724,4.841,16.811,0.1614,cuda,0.936,0.9665,0.602,0.4756,,,0.9899,0.9663,anatomical,0.575,infer,24.0,1.8,0.2,trained4,6.463,0.2154,0.14,0.0,0.1245,ma_zerophase,5.0,,0.0114,4.2619
evaluate_epoch_e500.csv,MSEOnly_1.3_e500_phys0.3,deploy,2200,2026-09-30 17:30:49,legacy80,tfm_declip_cov_MSEOnly_1.3_e500_anat,1.0,0.3,2500,306,0.065638,8e-05,75.56,99.07,8.9,1.78,2.98,0.72,99.1,1.66,1.16,2.06,1.28,0.93,0.4466,0.3865,0.0,8.87,0.0,83.15,100.0,100.0,,,,,,,0.2709,5.023,9.959,0.1674,cuda,0.9455,0.9722,0.544,0.4756,,,0.9914,0.9705,anatomical,0.575,infer,24.0,1.8,0.2,trained4,6.837,0.2279,0.14,0.0,0.109,ma_zerophase,5.0,,0.0126,4.1795
evaluate_epoch_e500.csv,MSEOnly_1.3_e500_phys0.3,deploy,2250,2026-09-30 17:33:25,legacy80,tfm_declip_cov_MSEOnly_1.3_e500_anat,1.0,0.3,2500,306,0.065638,0.000386,75.56,97.96,8.9,3.04,2.98,1.02,97.2,1.8,1.15,2.14,1.25,1.04,0.4466,0.3901,0.0,8.87,0.0,83.15,100.0,100.0,,,,,,,0.276,10.336,19.865,0.3445,cuda,0.911,0.9544,0.752,0.4756,,,0.9872,0.9559,anatomical,0.575,infer,24.0,1.8,0.2,trained4,6.657,0.2219,0.13,0.0,0.1416,ma_zerophase,5.0,,0.0117,4.2297
evaluate_epoch_e500.csv,MSEOnly_1.3_e500_phys0.3,deploy,2300,2026-09-30 17:36:05,legacy80,tfm_declip_cov_MSEOnly_1.3_e500_anat,1.0,0.3,2500,306,0.065638,0.000384,75.56,97.81,8.9,2.91,2.98,1.01,97.0,1.72,1.18,2.11,1.28,0.96,0.4466,0.3905,0.0,8.87,0.0,83.15,100.0,100.0,,,,,,,0.2743,6.338,18.362,0.2113,cuda,0.9367,0.9689,0.605,0.4756,,,0.9899,0.9654,anatomical,0.575,infer,24.0,1.8,0.2,trained4,6.574,0.2191,0.15,0.0,0.1519,ma_zerophase,5.0,,0.0116,4.1784
evaluate_epoch_e500.csv,MSEOnly_1.3_e500_phys0.3,deploy,2350,2026-09-30 17:38:40,legacy80,tfm_declip_cov_MSEOnly_1.3_e500_anat,1.0,0.3,2500,306,0.065638,0.00016,75.56,98.69,8.9,2.22,2.98,0.84,98.5,1.63,1.16,2.06,1.28,0.92,0.4466,0.3886,0.0,8.87,0.0,83.15,100.0,100.0,,,,,,,0.2716,5.647,17.149,0.1882,cuda,0.9482,0.9744,0.528,0.4756,,,0.9923,0.9734,anatomical,0.575,infer,24.0,1.8,0.2,trained4,6.626,0.2209,0.16,0.0,0.0728,ma_zerophase,5.0,,0.0114,4.2018
evaluate_epoch_e500.csv,MSEOnly_1.3_e500_phys0.3,deploy,2400,2026-09-30 17:41:22,legacy80,tfm_declip_cov_MSEOnly_1.3_e500_anat,1.0,0.3,2500,306,0.065638,0.000103,75.56,99.3,8.9,2.31,2.98,1.03,99.0,1.62,1.14,2.09,1.28,0.97,0.4466,0.3881,0.0,8.87,0.0,83.15,100.0,100.0,,,,,,,0.2711,7.482,22.317,0.2494,cuda,0.9466,0.973,0.565,0.4756,,,0.991,0.9688,anatomical,0.575,infer,24.0,1.8,0.2,trained4,6.587,0.2196,0.12,0.0,0.0774,ma_zerophase,5.0,,0.0112,4.212
evaluate_epoch_e500.csv,MSEOnly_1.3_e500_phys0.3,deploy,2450,2026-09-30 17:44:04,legacy80,tfm_declip_cov_MSEOnly_1.3_e500_anat,1.0,0.3,2500,306,0.065638,0.000194,75.56,98.99,8.9,2.35,2.98,1.15,98.4,1.61,1.16,2.03,1.28,0.91,0.4466,0.3868,0.0,8.87,0.0,83.15,100.0,100.0,,,,,,,0.2706,7.314,30.439,0.2438,cuda,0.9488,0.9747,0.522,0.4756,,,0.9923,0.9735,anatomical,0.575,infer,24.0,1.8,0.2,trained4,6.739,0.2246,0.15,0.0,0.0481,ma_zerophase,5.0,,0.0112,4.2063
evaluate_epoch_e500.csv,MSEOnly_1.3_e500_phys0.3,deploy,2500,2026-09-30 17:46:45,legacy80,tfm_declip_cov_MSEOnly_1.3_e500_anat,1.0,0.3,2500,306,0.065638,2.1e-05,75.56,99.41,8.9,1.07,2.98,0.51,99.6,1.73,1.17,2.13,1.26,1.01,0.4466,0.3882,0.0,8.87,0.0,83.15,100.0,100.0,,,,,,,0.2718,6.892,21.592,0.2297,cuda,0.9346,0.9687,0.63,0.4756,,,0.9893,0.9626,anatomical,0.575,infer,24.0,1.8,0.2,trained4,6.699,0.2233,0.1,0.0,0.0626,ma_zerophase,5.0,,0.0114,4.1749
evaluate_epoch_e500.csv,MSEOnly_1.3_e500_phys0.3,deploy,2550,2026-09-30 21:39:47,legacy80,tfm_declip_cov_MSEOnly_1.3_e500_anat,1.0,0.3,3000,306,0.065638,0.000584,75.56,97.7,8.9,3.37,2.98,1.26,96.0,1.62,1.15,2.05,1.28,0.91,0.4466,0.3859,0.0,8.87,0.0,83.15,100.0,100.0,,,,,,,0.2692,5.558,11.831,0.1853,cuda,0.9523,0.976,0.494,0.4756,,,0.9926,0.9748,anatomical,0.575,infer,24.0,1.8,0.2,trained4,6.46,0.2153,0.15,0.0,0.2357,ma_zerophase,5.0,,0.0112,4.1959
evaluate_epoch_e500.csv,MSEOnly_1.3_e500_phys0.3,deploy,2600,2026-09-30 21:42:19,legacy80,tfm_declip_cov_MSEOnly_1.3_e500_anat,1.0,0.3,3000,306,0.065638,0.000631,75.56,97.86,8.9,3.49,2.98,1.34,96.1,1.67,1.11,2.08,1.24,0.96,0.4466,0.3856,0.0,8.87,0.0,83.15,100.0,100.0,,,,,,,0.2703,5.61,11.905,0.187,cuda,0.9436,0.9721,0.588,0.4756,,,0.9911,0.9691,anatomical,0.575,infer,24.0,1.8,0.2,trained4,6.406,0.2135,0.15,0.0,0.1718,ma_zerophase,5.0,,0.0111,4.1935
evaluate_epoch_e500.csv,MSEOnly_1.3_e500_phys0.3,deploy,2650,2026-09-30 21:44:51,legacy80,tfm_declip_cov_MSEOnly_1.3_e500_anat,1.0,0.3,3000,306,0.065638,8.4e-05,75.56,99.36,8.9,2.36,2.98,0.92,99.2,1.78,1.07,2.14,1.25,1.05,0.4466,0.387,0.0,8.87,0.0,83.15,100.0,100.0,,,,,,,0.2713,6.473,20.892,0.2158,cuda,0.923,0.9599,0.736,0.4756,,,0.9867,0.9542,anatomical,0.575,infer,24.0,1.8,0.2,trained4,6.264,0.2088,0.1,0.0,0.0532,ma_zerophase,5.0,,0.0111,4.2275
evaluate_epoch_e500.csv,MSEOnly_1.3_e500_phys0.3,deploy,2700,2026-09-30 21:47:25,legacy80,tfm_declip_cov_MSEOnly_1.3_e500_anat,1.0,0.3,3000,306,0.065638,0.000229,75.56,98.1,8.9,2.42,2.98,0.91,97.6,1.59,1.15,2.01,1.28,0.91,0.4466,0.3874,0.0,8.87,0.0,83.15,100.0,100.0,,,,,,,0.2708,6.632,19.224,0.2211,cuda,0.949,0.9749,0.517,0.4756,,,0.9925,0.974,anatomical,0.575,infer,24.0,1.8,0.2,trained4,6.374,0.2125,0.16,0.0,0.0521,ma_zerophase,5.0,,0.011,4.189
evaluate_epoch_e500.csv,MSEOnly_1.3_e500_phys0.3,deploy,2750,2026-09-30 21:50:06,legacy80,tfm_declip_cov_MSEOnly_1.3_e500_anat,1.0,0.3,3000,306,0.065638,0.000167,75.56,99.12,8.9,2.96,2.98,1.1,98.7,1.68,1.16,2.15,1.25,1.07,0.4466,0.3872,0.0,8.87,0.0,83.15,100.0,100.0,,,,,,,0.2716,7.236,23.633,0.2412,cuda,0.9251,0.9633,0.664,0.4756,,,0.9893,0.9627,anatomical,0.575,infer,24.0,1.8,0.2,trained4,6.646,0.2215,0.12,0.0,0.0938,ma_zerophase,5.0,,0.0114,4.1883
evaluate_epoch_e500.csv,MSEOnly_1.3_e500_phys0.3,deploy,2800,2026-09-30 21:52:47,legacy80,tfm_declip_cov_MSEOnly_1.3_e500_anat,1.0,0.3,3000,306,0.065638,5.1e-05,75.56,99.39,8.9,1.77,2.98,0.76,99.4,1.58,1.18,2.03,1.29,0.92,0.4466,0.3875,0.0,8.87,0.0,83.15,100.0,100.0,,,,,,,0.2707,7.1,20.49,0.2367,cuda,0.951,0.9754,0.508,0.4756,,,0.9924,0.9739,anatomical,0.575,infer,24.0,1.8,0.2,trained4,6.633,0.2211,0.13,0.0,0.1137,ma_zerophase,5.0,,0.0113,4.275
evaluate_epoch_e500.csv,MSEOnly_1.3_e500_phys0.3,deploy,2850,2026-09-30 21:55:28,legacy80,tfm_declip_cov_MSEOnly_1.3_e500_anat,1.0,0.3,3000,306,0.065638,0.000117,75.56,98.93,8.9,2.01,2.98,0.82,98.8,1.63,1.13,2.04,1.26,0.95,0.4466,0.3892,0.0,8.87,0.0,83.15,100.0,100.0,,,,,,,0.2723,6.462,17.237,0.2154,cuda,0.9372,0.969,0.584,0.4756,,,0.991,0.9691,anatomical,0.575,infer,24.0,1.8,0.2,trained4,6.675,0.2225,0.12,0.0,0.0863,ma_zerophase,5.0,,0.0113,4.1946
evaluate_epoch_e500.csv,MSEOnly_1.3_e500_phys0.3,deploy,2900,2026-09-30 21:58:07,legacy80,tfm_declip_cov_MSEOnly_1.3_e500_anat,1.0,0.3,3000,306,0.065638,0.000434,75.56,98.18,8.9,3.16,2.98,1.21,97.0,1.63,1.13,2.04,1.26,0.91,0.4466,0.3856,0.0,8.87,0.0,83.15,100.0,100.0,,,,,,,0.2684,5.724,12.042,0.1908,cuda,0.9481,0.9743,0.523,0.4756,,,0.9922,0.9734,anatomical,0.575,infer,24.0,1.8,0.2,trained4,6.66,0.222,0.15,0.0,0.1688,ma_zerophase,5.0,,0.0115,4.2063
evaluate_epoch_e500.csv,MSEOnly_1.3_e500_phys0.3,deploy,2950,2026-09-30 22:00:38,legacy80,tfm_declip_cov_MSEOnly_1.3_e500_anat,1.0,0.3,3000,306,0.065638,0.000304,75.56,98.12,8.9,2.74,2.98,1.03,97.3,1.58,1.15,2.04,1.27,0.92,0.4466,0.3864,0.0,8.87,0.0,83.15,100.0,100.0,,,,,,,0.27,6.414,15.17,0.2138,cuda,0.9521,0.975,0.497,0.4756,,,0.9922,0.9737,anatomical,0.575,infer,24.0,1.8,0.2,trained4,6.362,0.2121,0.14,0.0,0.1482,ma_zerophase,5.0,,0.0109,4.1673
evaluate_epoch_e500.csv,MSEOnly_1.3_e500_phys0.3,deploy,3000,2026-09-30 22:03:11,legacy80,tfm_declip_cov_MSEOnly_1.3_e500_anat,1.0,0.3,3000,306,0.065638,7.6e-05,75.56,99.08,8.9,2.0,2.98,0.71,99.1,1.55,1.12,2.01,1.26,0.92,0.4466,0.3864,0.0,8.87,0.0,83.15,100.0,100.0,,,,,,,0.2714,5.96,14.866,0.1987,cuda,0.9513,0.975,0.507,0.4756,,,0.9923,0.9735,anatomical,0.575,infer,24.0,1.8,0.2,trained4,6.36,0.212,0.11,0.0,0.0764,ma_zerophase,5.0,,0.011,4.1996
evaluate_epoch_e500.csv,MSEOnly_1.3_e500_phys0.3,deploy,20,2026-09-15 16:08:45,transient,tfm_declip_cov_MSEOnly_1.3_e500_anat,1.0,0.3,500,306,0.037644,0.002606,87.07,94.89,9.15,5.12,3.13,1.45,81.7,2.78,0.88,3.34,1.17,2.92,0.5525,0.5419,0.0,8.83,0.0,89.34,100.0,100.0,34.45,58.01,86.7,0.0,0.0,11.61,0.4691,5.242,8.504,0.1747,cuda,0.7493,0.8207,2.142,0.4756,96.03,56.13,0.8998,0.7669,anatomical,0.575,infer,24.0,1.8,0.2,trained4,15.117,0.5039,6.44,0.0,0.1201,ma_zerophase,5.0,,0.0109,4.9759
evaluate_epoch_e500.csv,MSEOnly_1.3_e500_phys0.3,deploy,40,2026-09-15 16:11:38,transient,tfm_declip_cov_MSEOnly_1.3_e500_anat,1.0,0.3,500,306,0.037644,0.003219,87.07,94.38,9.15,5.29,3.13,1.52,78.9,2.25,0.76,2.57,1.02,2.13,0.5525,0.5149,0.0,8.83,0.0,89.34,100.0,100.0,44.59,67.82,90.56,0.0,0.05,27.53,0.4193,9.33,25.027,0.311,cuda,0.7974,0.8705,1.632,0.4756,97.29,69.35,0.9423,0.8374,anatomical,0.575,infer,24.0,1.8,0.2,trained4,16.522,0.5507,6.98,0.0,0.1066,ma_zerophase,5.0,,0.0116,5.2567
evaluate_epoch_e500.csv,MSEOnly_1.3_e500_phys0.3,deploy,50,2026-09-19 19:35:13,transient,tfm_declip_cov_MSEOnly_1.3_e500_anat,1.0,0.3,1500,306,0.037644,0.003367,87.07,94.08,9.15,5.08,3.13,1.5,78.1,1.9,0.77,2.2,0.99,1.77,0.5525,0.5053,0.0,8.83,0.0,89.34,100.0,100.0,53.3,74.31,93.28,0.08,2.32,39.28,0.4016,3.277,5.055,0.1092,cuda,0.8432,0.9073,1.289,0.4756,97.55,73.71,0.9607,0.8824,anatomical,0.575,infer,24.0,1.8,0.2,trained4,17.996,0.5999,7.33,0.0,0.1034,ma_zerophase,5.0,,0.0124,5.4163
evaluate_epoch_e500.csv,MSEOnly_1.3_e500_phys0.3,deploy,60,2026-09-15 16:14:29,transient,tfm_declip_cov_MSEOnly_1.3_e500_anat,1.0,0.3,500,306,0.037644,0.00146,87.07,96.92,9.15,4.96,3.13,1.38,89.5,3.35,0.83,3.05,1.07,2.62,0.5525,0.4821,0.0,8.83,0.0,89.34,100.0,100.0,32.36,52.34,78.07,0.0,0.0,0.31,0.394,3.617,5.519,0.1206,cuda,0.688,0.7502,2.766,0.4756,93.23,29.26,0.8703,0.704,anatomical,0.575,infer,24.0,1.8,0.2,trained4,10.669,0.3556,2.68,0.0,0.0716,ma_zerophase,5.0,,0.011,5.2461
evaluate_epoch_e500.csv,MSEOnly_1.3_e500_phys0.3,deploy,80,2026-09-15 16:16:57,transient,tfm_declip_cov_MSEOnly_1.3_e500_anat,1.0,0.3,500,306,0.037644,0.00131,87.07,98.04,9.15,5.15,3.13,1.56,92.4,3.61,0.72,3.31,1.0,2.88,0.5525,0.4832,0.0,8.83,0.0,89.34,100.0,100.0,38.05,53.83,73.82,0.0,0.0,0.1,0.4042,5.656,15.857,0.1885,cuda,0.6797,0.7284,3.058,0.4756,89.83,15.26,0.8566,0.6916,anatomical,0.575,infer,24.0,1.8,0.2,trained4,8.089,0.2696,1.53,0.0,0.0617,ma_zerophase,5.0,,0.0101,5.643
evaluate_epoch_e500.csv,MSEOnly_1.3_e500_phys0.3,deploy,100,2026-09-15 16:19:19,transient,tfm_declip_cov_MSEOnly_1.3_e500_anat,1.0,0.3,500,306,0.037644,0.000384,87.07,99.13,9.15,4.89,3.13,1.32,97.2,4.51,0.65,3.65,0.95,3.2,0.5525,0.4696,0.0,8.83,0.0,89.34,100.0,100.0,36.32,49.8,66.11,0.0,0.0,0.0,0.3975,6.789,17.218,0.2263,cuda,0.6366,0.6685,3.895,0.4756,83.05,1.67,0.8008,0.6297,anatomical,0.575,infer,24.0,1.8,0.2,trained4,7.182,0.2394,0.92,0.0,0.0487,ma_zerophase,5.0,,0.01,5.2215
evaluate_epoch_e500.csv,MSEOnly_1.3_e500_phys0.3,deploy,120,2026-09-15 16:21:50,transient,tfm_declip_cov_MSEOnly_1.3_e500_anat,1.0,0.3,500,306,0.037644,0.001327,87.07,96.8,9.15,6.47,3.13,1.52,88.0,4.53,1.6,3.74,1.36,3.26,0.5525,0.5581,0.0,8.83,0.0,89.34,100.0,100.0,32.85,49.56,70.45,0.0,0.0,0.03,0.5,3.416,5.869,0.1139,cuda,0.6527,0.6982,3.881,0.4756,86.71,8.1,0.8147,0.6507,anatomical,0.575,infer,24.0,1.8,0.2,trained4,14.656,0.4885,3.1,0.0,0.0663,ma_zerophase,5.0,,0.0128,11.0043
evaluate_epoch_e500.csv,MSEOnly_1.3_e500_phys0.3,deploy,140,2026-09-15 16:24:52,transient,tfm_declip_cov_MSEOnly_1.3_e500_anat,1.0,0.3,500,306,0.037644,0.001465,87.07,95.89,9.15,5.53,3.13,1.4,85.8,3.56,1.24,2.94,1.21,2.48,0.5525,0.5487,0.0,8.83,0.0,89.34,100.0,100.0,41.24,55.74,74.37,0.0,0.0,0.68,0.4766,3.206,5.233,0.1069,cuda,0.6876,0.7443,2.962,0.4756,91.79,36.87,0.8648,0.7138,anatomical,0.575,infer,24.0,1.8,0.2,trained4,17.702,0.5901,3.37,0.0,0.0644,ma_zerophase,5.0,,0.0125,8.6559
evaluate_epoch_e500.csv,MSEOnly_1.3_e500_phys0.3,deploy,150,2026-09-19 19:38:12,transient,tfm_declip_cov_MSEOnly_1.3_e500_anat,1.0,0.3,1500,306,0.037644,0.001561,87.07,96.03,9.15,6.17,3.13,1.4,86.3,3.65,1.09,2.87,1.14,2.41,0.5525,0.5719,0.0,8.83,0.16,89.34,99.99,100.0,42.72,56.75,74.08,0.0,0.0,0.23,0.4976,3.104,5.025,0.1035,cuda,0.689,0.7393,3.081,0.4756,90.32,26.38,0.8623,0.7111,anatomical,0.575,infer,24.0,1.8,0.2,trained4,17.387,0.5796,3.68,0.161,0.0727,ma_zerophase,5.0,,0.0117,9.0253
evaluate_epoch_e500.csv,MSEOnly_1.3_e500_phys0.3,deploy,160,2026-09-15 16:27:49,transient,tfm_declip_cov_MSEOnly_1.3_e500_anat,1.0,0.3,500,306,0.037644,0.001774,87.07,95.88,9.15,6.63,3.13,1.48,85.0,3.9,1.36,3.48,1.31,3.02,0.5525,0.5588,0.0,8.83,0.0,89.34,100.0,100.0,38.81,53.73,72.18,0.0,0.0,0.09,0.5011,3.629,6.098,0.121,cuda,0.6712,0.7236,3.31,0.4756,89.52,22.73,0.8445,0.6892,anatomical,0.575,infer,24.0,1.8,0.2,trained4,18.082,0.6027,3.83,0.0,0.0716,ma_zerophase,5.0,,0.0124,8.3266
evaluate_epoch_e500.csv,MSEOnly_1.3_e500_phys0.3,deploy,180,2026-09-15 16:30:49,transient,tfm_declip_cov_MSEOnly_1.3_e500_anat,1.0,0.3,500,306,0.037644,0.001646,87.07,96.23,9.15,5.9,3.13,1.47,86.3,3.1,0.97,2.61,1.06,2.18,0.5525,0.6083,0.0,8.83,0.17,89.34,99.99,100.0,44.68,59.12,78.39,0.0,0.0,0.86,0.5422,3.215,5.449,0.1072,cuda,0.7159,0.777,2.59,0.4756,93.19,43.17,0.8898,0.7511,anatomical,0.575,infer,24.0,1.8,0.2,trained4,15.925,0.5308,2.48,0.165,0.0627,ma_zerophase,5.0,,0.0117,7.7496
evaluate_epoch_e500.csv,MSEOnly_1.3_e500_phys0.3,deploy,200,2026-09-15 16:33:46,transient,tfm_declip_cov_MSEOnly_1.3_e500_anat,1.0,0.3,500,306,0.037644,0.001538,87.07,96.42,9.15,6.43,3.13,1.44,87.2,3.04,1.08,2.56,1.06,2.13,0.5525,0.5799,0.0,8.83,0.0,89.34,100.0,100.0,44.43,59.75,78.82,0.0,0.0,2.76,0.5122,3.397,6.364,0.1132,cuda,0.7226,0.7835,2.523,0.4756,94.12,52.61,0.8937,0.7568,anatomical,0.575,infer,24.0,1.8,0.2,trained4,16.259,0.542,2.57,0.0,0.0599,ma_zerophase,5.0,,0.0118,7.6912
evaluate_epoch_e500.csv,MSEOnly_1.3_e500_phys0.3,deploy,220,2026-09-15 16:36:41,transient,tfm_declip_cov_MSEOnly_1.3_e500_anat,1.0,0.3,500,306,0.037644,0.001496,87.07,96.53,9.15,5.69,3.13,1.46,87.5,2.88,1.05,2.51,1.04,2.08,0.5525,0.5641,0.0,8.83,0.04,89.34,99.99,100.0,44.38,61.21,80.97,0.0,0.0,3.53,0.4956,3.141,4.867,0.1047,cuda,0.7328,0.7988,2.361,0.4756,94.42,53.77,0.9013,0.771,anatomical,0.575,infer,24.0,1.8,0.2,trained4,16.746,0.5582,2.77,0.041,0.0626,ma_zerophase,5.0,,0.0124,7.2326
evaluate_epoch_e500.csv,MSEOnly_1.3_e500_phys0.3,deploy,240,2026-09-15 16:39:43,transient,tfm_declip_cov_MSEOnly_1.3_e500_anat,1.0,0.3,500,306,0.037644,0.000947,87.07,96.87,9.15,5.32,3.13,1.29,90.1,2.87,1.18,2.5,1.13,2.07,0.5525,0.545,0.0,8.83,0.0,89.34,100.0,100.0,43.63,60.82,81.67,0.0,0.0,7.46,0.4799,3.573,4.925,0.1191,cuda,0.7328,0.7999,2.352,0.4756,94.24,51.43,0.899,0.7697,anatomical,0.575,infer,24.0,1.8,0.2,trained4,15.517,0.5172,2.57,0.0,0.0637,ma_zerophase,5.0,,0.0136,6.7852
evaluate_epoch_e500.csv,MSEOnly_1.3_e500_phys0.3,deploy,250,2026-09-19 19:41:11,transient,tfm_declip_cov_MSEOnly_1.3_e500_anat,1.0,0.3,1500,306,0.037644,0.001416,87.07,96.23,9.15,6.56,3.13,1.43,86.6,2.49,1.05,2.25,1.04,1.83,0.5525,0.5533,0.0,8.83,0.06,89.34,99.99,100.0,49.68,66.26,85.71,0.0,0.2,13.03,0.4804,3.065,5.012,0.1022,cuda,0.7747,0.8412,1.967,0.4756,95.26,60.49,0.9247,0.8188,anatomical,0.575,infer,24.0,1.8,0.2,trained4,16.439,0.548,2.93,0.061,0.0674,ma_zerophase,5.0,,0.012,6.7092
evaluate_epoch_e500.csv,MSEOnly_1.3_e500_phys0.3,deploy,260,2026-09-15 16:42:49,transient,tfm_declip_cov_MSEOnly_1.3_e500_anat,1.0,0.3,500,306,0.037644,0.001239,87.07,96.23,9.15,6.19,3.13,1.3,87.9,2.34,1.04,2.13,1.02,1.71,0.5525,0.5399,0.0,8.83,0.0,89.34,100.0,100.0,51.99,68.15,86.94,0.03,0.65,18.03,0.4662,3.498,5.17,0.1166,cuda,0.7886,0.8545,1.827,0.4756,95.7,64.43,0.9333,0.8352,anatomical,0.575,infer,24.0,1.8,0.2,trained4,16.262,0.5421,2.71,0.0,0.0625,ma_zerophase,5.0,,0.0135,6.5888
evaluate_epoch_e500.csv,MSEOnly_1.3_e500_phys0.3,deploy,280,2026-09-15 16:45:53,transient,tfm_declip_cov_MSEOnly_1.3_e500_anat,1.0,0.3,500,306,0.037644,0.001621,87.07,95.39,9.15,6.11,3.13,1.28,85.5,2.29,0.95,2.11,1.0,1.7,0.5525,0.5493,0.0,8.83,0.0,89.34,100.0,100.0,51.46,67.44,87.99,0.0,0.1,19.85,0.4754,3.481,4.959,0.116,cuda,0.7869,0.8574,1.789,0.4756,96.07,67.19,0.9367,0.8385,anatomical,0.575,infer,24.0,1.8,0.2,trained4,15.701,0.5234,3.08,0.0,0.0645,ma_zerophase,5.0,,0.0138,6.3945
evaluate_epoch_e500.csv,MSEOnly_1.3_e500_phys0.3,deploy,300,2026-09-15 16:48:58,transient,tfm_declip_cov_MSEOnly_1.3_e500_anat,1.0,0.3,500,306,0.037644,0.001181,87.07,96.61,9.15,6.8,3.13,1.38,88.5,2.34,1.02,2.12,1.03,1.71,0.5525,0.5532,0.0,8.83,0.05,89.34,99.99,100.0,52.29,67.43,87.21,0.0,0.04,18.4,0.4808,3.422,4.927,0.1141,cuda,0.7867,0.854,1.847,0.4756,95.76,66.24,0.9343,0.8372,anatomical,0.575,infer,24.0,1.8,0.2,trained4,16.49,0.5497,2.55,0.047,0.0624,ma_zerophase,5.0,,0.0133,6.7837
evaluate_epoch_e500.csv,MSEOnly_1.3_e500_phys0.3,deploy,320,2026-09-15 16:52:03,transient,tfm_declip_cov_MSEOnly_1.3_e500_anat,1.0,0.3,500,306,0.037644,0.001196,87.07,96.56,9.15,5.41,3.13,1.39,88.2,2.18,0.97,2.01,1.01,1.6,0.5525,0.5375,0.0,8.83,0.0,89.34,100.0,100.0,53.52,69.85,88.52,0.0,0.24,24.12,0.4612,3.434,4.799,0.1145,cuda,0.8019,0.8666,1.693,0.4756,96.12,67.88,0.941,0.8505,anatomical,0.575,infer,24.0,1.8,0.2,trained4,15.71,0.5237,2.7,0.0,0.0641,ma_zerophase,5.0,,0.0134,6.3367
evaluate_epoch_e500.csv,MSEOnly_1.3_e500_phys0.3,deploy,340,2026-09-15 16:55:08,transient,tfm_declip_cov_MSEOnly_1.3_e500_anat,1.0,0.3,500,306,0.037644,0.001001,87.07,96.67,9.15,5.29,3.13,1.31,89.2,2.26,1.03,2.08,1.08,1.67,0.5525,0.5462,0.0,8.83,0.0,89.34,100.0,100.0,52.36,68.63,87.71,0.0,0.51,22.24,0.4727,3.492,4.916,0.1164,cuda,0.7945,0.8605,1.755,0.4756,95.88,65.02,0.9368,0.8422,anatomical,0.575,infer,24.0,1.8,0.2,trained4,15.597,0.5199,2.8,0.0,0.0708,ma_zerophase,5.0,,0.0132,6.2765
evaluate_epoch_e500.csv,MSEOnly_1.3_e500_phys0.3,deploy,350,2026-09-19 19:44:09,transient,tfm_declip_cov_MSEOnly_1.3_e500_anat,1.0,0.3,1500,306,0.037644,0.001264,87.07,96.18,9.15,6.38,3.13,1.3,87.7,2.11,0.97,1.99,1.01,1.58,0.5525,0.5237,0.0,8.83,0.4,89.34,99.99,100.0,55.7,71.4,88.5,0.0,0.81,24.69,0.4484,3.356,4.923,0.1119,cuda,0.8114,0.8716,1.628,0.4756,96.28,68.63,0.944,0.8575,anatomical,0.575,infer,24.0,1.8,0.2,trained4,15.154,0.5051,2.63,0.404,0.0647,ma_zerophase,5.0,,0.013,6.103
evaluate_epoch_e500.csv,MSEOnly_1.3_e500_phys0.3,deploy,360,2026-09-15 16:58:11,transient,tfm_declip_cov_MSEOnly_1.3_e500_anat,1.0,0.3,500,306,0.037644,0.001349,87.07,95.87,9.15,5.69,3.13,1.29,86.9,2.21,1.0,2.04,1.05,1.64,0.5525,0.5413,0.0,8.83,0.4,89.34,99.99,100.0,53.16,69.61,87.97,0.0,0.34,23.62,0.4661,3.594,4.885,0.1198,cuda,0.799,0.8627,1.729,0.4756,96.12,67.69,0.9384,0.845,anatomical,0.575,infer,24.0,1.8,0.2,trained4,15.453,0.5151,2.59,0.402,0.0649,ma_zerophase,5.0,,0.0135,6.2415
evaluate_epoch_e500.csv,MSEOnly_1.3_e500_phys0.3,deploy,380,2026-09-15 17:01:12,transient,tfm_declip_cov_MSEOnly_1.3_e500_anat,1.0,0.3,500,306,0.037644,0.001138,87.07,96.11,9.15,5.84,3.13,1.26,87.9,2.03,1.02,1.91,1.05,1.5,0.5525,0.5216,0.0,8.83,0.0,89.34,100.0,100.0,56.67,72.98,89.71,0.0,1.22,31.07,0.4461,3.09,4.694,0.103,cuda,0.8245,0.8837,1.54,0.4756,96.28,69.37,0.9481,0.8697,anatomical,0.575,infer,24.0,1.8,0.2,trained4,14.738,0.4913,2.73,0.0,0.069,ma_zerophase,5.0,,0.0126,6.0476
evaluate_epoch_e500.csv,MSEOnly_1.3_e500_phys0.3,deploy,400,2026-09-15 17:04:11,transient,tfm_declip_cov_MSEOnly_1.3_e500_anat,1.0,0.3,500,306,0.037644,0.001095,87.07,96.69,9.15,5.47,3.13,1.33,89.1,2.17,0.97,2.02,1.02,1.61,0.5525,0.525,0.0,8.83,0.0,89.34,100.0,100.0,54.63,70.32,88.05,0.0,0.46,22.44,0.4517,3.277,5.226,0.1092,cuda,0.8048,0.8675,1.678,0.4756,96.14,67.14,0.9409,0.852,anatomical,0.575,infer,24.0,1.8,0.2,trained4,15.512,0.5171,2.72,0.0,0.068,ma_zerophase,5.0,,0.0123,6.1574
evaluate_epoch_e500.csv,MSEOnly_1.3_e500_phys0.3,deploy,420,2026-09-15 17:07:17,transient,tfm_declip_cov_MSEOnly_1.3_e500_anat,1.0,0.3,500,306,0.037644,0.00108,87.07,96.72,9.15,5.79,3.13,1.34,89.1,2.04,1.02,1.94,1.06,1.53,0.5525,0.5203,0.0,8.83,0.0,89.34,100.0,100.0,55.92,72.5,89.59,0.01,1.35,30.41,0.4449,3.466,4.692,0.1155,cuda,0.8216,0.8818,1.548,0.4756,96.37,69.58,0.9469,0.8659,anatomical,0.575,infer,24.0,1.8,0.2,trained4,15.698,0.5233,2.59,0.0,0.065,ma_zerophase,5.0,,0.014,6.0153
evaluate_epoch_e500.csv,MSEOnly_1.3_e500_phys0.3,deploy,440,2026-09-15 17:10:23,transient,tfm_declip_cov_MSEOnly_1.3_e500_anat,1.0,0.3,500,306,0.037644,0.00099,87.07,96.55,9.15,6.12,3.13,1.24,89.4,2.08,0.96,1.99,1.01,1.58,0.5525,0.5236,0.0,8.83,0.0,89.34,100.0,100.0,56.58,71.48,88.89,0.0,0.86,24.9,0.45,3.441,4.933,0.1147,cuda,0.8139,0.8753,1.598,0.4756,96.3,68.69,0.9453,0.862,anatomical,0.575,infer,24.0,1.8,0.2,trained4,15.152,0.5051,2.49,0.0,0.0675,ma_zerophase,5.0,,0.0137,6.0621
evaluate_epoch_e500.csv,MSEOnly_1.3_e500_phys0.3,deploy,450,2026-09-19 19:47:01,transient,tfm_declip_cov_MSEOnly_1.3_e500_anat,1.0,0.3,1500,306,0.037644,0.001129,87.07,96.15,9.15,6.05,3.13,1.23,88.3,1.96,0.96,1.87,1.01,1.46,0.5525,0.5238,0.0,8.83,0.0,89.34,100.0,100.0,57.89,73.71,90.28,0.0,0.96,32.84,0.4467,3.032,4.996,0.1011,cuda,0.8302,0.8892,1.479,0.4756,96.46,70.68,0.9518,0.8776,anatomical,0.575,infer,24.0,1.8,0.2,trained4,14.19,0.473,2.76,0.0,0.0654,ma_zerophase,5.0,,0.0117,6.0671
evaluate_epoch_e500.csv,MSEOnly_1.3_e500_phys0.3,deploy,460,2026-09-15 17:13:27,transient,tfm_declip_cov_MSEOnly_1.3_e500_anat,1.0,0.3,500,306,0.037644,0.001058,87.07,96.47,9.15,5.94,3.13,1.29,88.8,1.94,0.97,1.89,1.01,1.48,0.5525,0.5202,0.0,8.83,0.0,89.34,100.0,100.0,58.34,73.97,90.63,0.0,1.22,34.76,0.4423,3.191,5.067,0.1064,cuda,0.8338,0.8926,1.447,0.4756,96.44,70.16,0.9527,0.8799,anatomical,0.575,infer,24.0,1.8,0.2,trained4,15.001,0.5,2.8,0.0,0.0685,ma_zerophase,5.0,,0.0122,5.9397
evaluate_epoch_e500.csv,MSEOnly_1.3_e500_phys0.3,deploy,480,2026-09-15 17:16:34,transient,tfm_declip_cov_MSEOnly_1.3_e500_anat,1.0,0.3,500,306,0.037644,0.001097,87.07,96.57,9.15,5.58,3.13,1.31,88.9,1.92,0.97,1.86,1.02,1.46,0.5525,0.5197,0.0,8.83,0.31,89.34,99.99,100.0,59.24,74.54,90.61,0.0,1.55,34.74,0.4431,3.469,4.974,0.1156,cuda,0.837,0.8939,1.429,0.4756,96.46,70.47,0.9536,0.8827,anatomical,0.575,infer,24.0,1.8,0.2,trained4,15.546,0.5182,2.6,0.307,0.0671,ma_zerophase,5.0,,0.0133,6.0102
evaluate_epoch_e500.csv,MSEOnly_1.3_e500_phys0.3,deploy,500,2026-09-15 17:19:37,transient,tfm_declip_cov_MSEOnly_1.3_e500_anat,1.0,0.3,500,306,0.037644,0.001269,87.07,95.63,9.15,6.53,3.13,1.19,87.2,1.88,0.95,1.82,1.01,1.42,0.5525,0.5252,0.0,8.83,0.26,89.34,99.99,100.0,59.95,75.0,90.9,0.0,1.54,36.6,0.4455,3.315,5.186,0.1105,cuda,0.8401,0.8966,1.406,0.4756,96.56,71.54,0.955,0.8859,anatomical,0.575,infer,24.0,1.8,0.2,trained4,15.957,0.5319,2.97,0.259,0.0693,ma_zerophase,5.0,,0.0126,5.9439
evaluate_epoch_e500.csv,MSEOnly_1.3_e500_phys0.3,deploy,550,2026-09-19 19:50:00,transient,tfm_declip_cov_MSEOnly_1.3_e500_anat,1.0,0.3,1500,306,0.037644,0.001384,87.07,96.13,9.15,5.32,3.13,1.35,87.1,1.95,0.96,1.85,1.0,1.46,0.5525,0.5382,0.0,8.83,0.0,89.34,100.0,100.0,58.79,73.88,90.05,0.0,1.46,34.11,0.4608,3.306,4.925,0.1102,cuda,0.8288,0.8861,1.499,0.4756,96.43,71.36,0.9506,0.8758,anatomical,0.575,infer,24.0,1.8,0.2,trained4,14.579,0.486,2.43,0.0,0.0623,ma_zerophase,5.0,,0.0129,6.2143
evaluate_epoch_e500.csv,MSEOnly_1.3_e500_phys0.3,deploy,600,2026-09-19 19:52:56,transient,tfm_declip_cov_MSEOnly_1.3_e500_anat,1.0,0.3,1500,306,0.037644,0.001186,87.07,96.5,9.15,5.71,3.13,1.29,88.8,2.09,0.96,1.95,1.04,1.56,0.5525,0.5298,0.0,8.83,0.0,89.34,100.0,100.0,56.59,71.06,88.99,0.0,0.57,27.42,0.4536,3.167,4.886,0.1056,cuda,0.8098,0.8721,1.636,0.4756,96.29,69.84,0.9443,0.8597,anatomical,0.575,infer,24.0,1.8,0.2,trained4,14.007,0.4669,2.56,0.0,0.0665,ma_zerophase,5.0,,0.0119,6.2462
evaluate_epoch_e500.csv,MSEOnly_1.3_e500_phys0.3,deploy,650,2026-09-19 19:55:51,transient,tfm_declip_cov_MSEOnly_1.3_e500_anat,1.0,0.3,1500,306,0.037644,0.000509,87.07,98.13,9.15,6.33,3.13,1.24,94.2,2.23,0.92,2.11,1.05,1.71,0.5525,0.5732,0.0,8.83,0.0,89.34,100.0,100.0,51.26,67.35,87.35,0.0,0.39,19.86,0.5052,3.271,5.115,0.109,cuda,0.7875,0.855,1.76,0.4756,96.33,64.23,0.9354,0.8358,anatomical,0.575,infer,24.0,1.8,0.2,trained4,11.204,0.3735,1.72,0.0,0.0577,ma_zerophase,5.0,,0.0125,6.585
evaluate_epoch_e500.csv,MSEOnly_1.3_e500_phys0.3,deploy,700,2026-09-19 19:58:41,transient,tfm_declip_cov_MSEOnly_1.3_e500_anat,1.0,0.3,1500,306,0.037644,0.000118,87.07,99.59,9.15,2.99,3.13,1.11,98.9,1.76,0.77,1.74,0.96,1.38,0.5525,0.4604,0.0,8.83,0.0,89.34,100.0,100.0,60.83,74.74,90.74,0.01,2.03,33.62,0.3802,3.173,4.961,0.1058,cuda,0.8382,0.8933,1.35,0.4756,97.51,73.5,0.9583,0.8852,anatomical,0.575,infer,24.0,1.8,0.2,trained4,7.451,0.2484,0.15,0.0,0.0093,ma_zerophase,5.0,,0.0124,4.7534
evaluate_epoch_e500.csv,MSEOnly_1.3_e500_phys0.3,deploy,750,2026-09-19 20:01:19,transient,tfm_declip_cov_MSEOnly_1.3_e500_anat,1.0,0.3,1500,306,0.037644,4.5e-05,87.07,99.74,9.15,2.97,3.13,0.83,99.5,1.67,0.68,1.76,0.98,1.41,0.5525,0.4542,0.0,8.83,0.0,89.34,100.0,100.0,58.97,74.89,92.35,0.0,1.51,35.71,0.3756,3.221,4.759,0.1074,cuda,0.841,0.9037,1.259,0.4756,98.27,79.83,0.9624,0.8899,anatomical,0.575,infer,24.0,1.8,0.2,trained4,7.223,0.2408,0.09,0.0,0.0152,ma_zerophase,5.0,,0.0123,4.7107
evaluate_epoch_e500.csv,MSEOnly_1.3_e500_phys0.3,deploy,800,2026-09-19 20:03:55,transient,tfm_declip_cov_MSEOnly_1.3_e500_anat,1.0,0.3,1500,306,0.037644,0.000138,87.07,99.58,9.15,3.73,3.13,1.0,99.0,1.76,0.62,1.85,0.93,1.5,0.5525,0.4498,0.0,8.83,0.0,89.34,100.0,100.0,56.23,73.52,91.92,0.0,0.39,30.35,0.3681,3.127,4.67,0.1042,cuda,0.8277,0.8948,1.347,0.4756,98.16,78.01,0.9587,0.8781,anatomical,0.575,infer,24.0,1.8,0.2,trained4,7.236,0.2412,0.17,0.0,0.0243,ma_zerophase,5.0,,0.0117,4.7371
evaluate_epoch_e500.csv,MSEOnly_1.3_e500_phys0.3,deploy,850,2026-09-19 20:06:12,transient,tfm_declip_cov_MSEOnly_1.3_e500_anat,1.0,0.3,1500,306,0.037644,0.000123,87.07,99.41,9.15,3.58,3.13,0.94,98.6,1.44,0.66,1.56,0.94,1.23,0.5525,0.449,0.0,8.83,0.0,89.34,100.0,100.0,65.16,79.67,93.86,0.02,5.62,47.3,0.3645,7.529,22.922,0.251,cuda,0.8727,0.925,1.04,0.4756,98.4,81.75,0.9733,0.9189,anatomical,0.575,infer,24.0,1.8,0.2,trained4,5.815,0.1938,0.15,0.0,0.0089,ma_zerophase,5.0,,0.0099,4.7311
evaluate_epoch_e500.csv,MSEOnly_1.3_e500_phys0.3,deploy,900,2026-09-19 20:08:29,transient,tfm_declip_cov_MSEOnly_1.3_e500_anat,1.0,0.3,1500,306,0.037644,0.000284,87.07,99.19,9.15,3.89,3.13,1.17,97.7,1.63,0.71,1.75,1.02,1.41,0.5525,0.4491,0.0,8.83,0.0,89.34,100.0,100.0,59.48,75.85,92.91,0.0,1.9,40.58,0.3691,8.742,23.677,0.2914,cuda,0.8455,0.9069,1.24,0.4756,98.12,79.24,0.9632,0.8941,anatomical,0.575,infer,24.0,1.8,0.2,trained4,5.801,0.1934,0.11,0.0,0.0153,ma_zerophase,5.0,,0.0101,4.6129
evaluate_epoch_e500.csv,MSEOnly_1.3_e500_phys0.3,deploy,950,2026-09-19 20:10:47,transient,tfm_declip_cov_MSEOnly_1.3_e500_anat,1.0,0.3,1500,306,0.037644,0.00016,87.07,98.68,9.15,4.14,3.13,0.54,98.2,1.42,0.66,1.63,0.93,1.31,0.5525,0.4414,0.0,8.83,0.0,89.34,100.0,100.0,62.98,79.24,94.56,0.03,5.29,52.1,0.3603,9.446,22.148,0.3149,cuda,0.8686,0.9267,1.038,0.4756,98.52,83.16,0.9735,0.9176,anatomical,0.575,infer,24.0,1.8,0.2,trained4,6.134,0.2045,0.15,0.0,0.0156,ma_zerophase,5.0,,0.0104,4.7295
evaluate_epoch_e500.csv,MSEOnly_1.3_e500_phys0.3,deploy,1000,2026-09-19 20:13:05,transient,tfm_declip_cov_MSEOnly_1.3_e500_anat,1.0,0.3,1500,306,0.037644,0.00027,87.07,99.23,9.15,5.37,3.13,1.2,97.7,1.32,0.66,1.49,0.94,1.18,0.5525,0.4464,0.0,8.83,0.0,89.34,100.0,100.0,67.93,81.84,94.41,0.38,9.83,53.24,0.3612,9.533,22.077,0.3178,cuda,0.8854,0.9324,0.959,0.4756,98.38,82.02,0.9766,0.9301,anatomical,0.575,infer,24.0,1.8,0.2,trained4,5.957,0.1986,0.19,0.0,0.0133,ma_zerophase,5.0,,0.0101,4.756
evaluate_epoch_e500.csv,MSEOnly_1.3_e500_phys0.3,deploy,1050,2026-09-19 20:15:24,transient,tfm_declip_cov_MSEOnly_1.3_e500_anat,1.0,0.3,1500,306,0.037644,0.000255,87.07,99.2,9.15,5.94,3.13,0.98,98.1,1.16,0.59,1.38,0.94,1.08,0.5525,0.4345,0.0,8.83,0.0,89.34,100.0,100.0,71.03,84.69,95.99,0.97,15.17,61.44,0.3459,9.829,24.327,0.3276,cuda,0.9063,0.9496,0.787,0.4756,98.67,84.68,0.9835,0.947,anatomical,0.575,infer,24.0,1.8,0.2,trained4,6.037,0.2012,0.27,0.0,0.019,ma_zerophase,5.0,,0.0104,4.7456
evaluate_epoch_e500.csv,MSEOnly_1.3_e500_phys0.3,deploy,1100,2026-09-19 20:17:42,transient,tfm_declip_cov_MSEOnly_1.3_e500_anat,1.0,0.3,1500,306,0.037644,0.000149,87.07,99.16,9.15,3.71,3.13,0.89,98.2,1.19,0.66,1.4,0.98,1.1,0.5525,0.4417,0.0,8.83,0.0,89.34,100.0,100.0,71.51,84.74,95.41,1.38,18.36,59.22,0.3543,9.483,21.798,0.3161,cuda,0.9049,0.9465,0.82,0.4756,98.57,83.68,0.9814,0.9432,anatomical,0.575,infer,24.0,1.8,0.2,trained4,5.838,0.1946,0.17,0.0,0.0172,ma_zerophase,5.0,,0.0102,4.7825
evaluate_epoch_e500.csv,MSEOnly_1.3_e500_phys0.3,deploy,1150,2026-09-19 20:20:00,transient,tfm_declip_cov_MSEOnly_1.3_e500_anat,1.0,0.3,1500,306,0.037644,0.000116,87.07,99.62,9.15,4.04,3.13,0.94,99.1,1.2,0.64,1.39,0.96,1.09,0.5525,0.4378,0.0,8.83,0.0,89.34,100.0,100.0,70.7,83.68,95.29,0.54,13.55,57.88,0.3515,9.433,27.271,0.3144,cuda,0.8978,0.942,0.846,0.4756,98.61,84.54,0.9807,0.9405,anatomical,0.575,infer,24.0,1.8,0.2,trained4,5.852,0.1951,0.17,0.0,0.0162,ma_zerophase,5.0,,0.0102,4.7799
evaluate_epoch_e500.csv,MSEOnly_1.3_e500_phys0.3,deploy,1200,2026-09-19 20:22:18,transient,tfm_declip_cov_MSEOnly_1.3_e500_anat,1.0,0.3,1500,306,0.037644,0.000294,87.07,98.95,9.15,5.34,3.13,1.01,97.4,1.22,0.59,1.38,0.94,1.08,0.5525,0.4408,0.0,8.83,0.0,89.34,100.0,100.0,70.58,83.34,95.08,0.88,14.06,55.2,0.3529,10.134,21.718,0.3378,cuda,0.8957,0.9401,0.865,0.4756,98.59,84.29,0.9802,0.9389,anatomical,0.575,infer,24.0,1.8,0.2,trained4,5.788,0.1929,0.14,0.0,0.0176,ma_zerophase,5.0,,0.0102,4.7429
evaluate_epoch_e500.csv,MSEOnly_1.3_e500_phys0.3,deploy,1250,2026-09-19 20:24:37,transient,tfm_declip_cov_MSEOnly_1.3_e500_anat,1.0,0.3,1500,306,0.037644,0.000108,87.07,99.77,9.15,3.58,3.13,1.44,99.2,1.33,0.61,1.61,0.91,1.31,0.5525,0.4373,0.0,8.83,0.0,89.34,100.0,100.0,66.33,81.48,94.99,0.38,6.23,51.03,0.3563,8.542,21.765,0.2847,cuda,0.8833,0.9349,0.962,0.4756,98.57,82.83,0.9745,0.9237,anatomical,0.575,infer,24.0,1.8,0.2,trained4,5.77,0.1923,0.08,0.0,0.0251,ma_zerophase,5.0,,0.0101,4.6579
evaluate_epoch_e500.csv,MSEOnly_1.3_e500_phys0.3,deploy,1300,2026-09-19 20:26:54,transient,tfm_declip_cov_MSEOnly_1.3_e500_anat,1.0,0.3,1500,306,0.037644,0.000131,87.07,99.65,9.15,5.11,3.13,1.0,99.1,1.11,0.65,1.34,0.96,1.06,0.5525,0.4357,0.0,8.83,0.0,89.34,100.0,100.0,73.53,85.83,95.76,2.48,20.78,61.23,0.3495,9.667,22.706,0.3222,cuda,0.9124,0.951,0.764,0.4756,98.67,85.2,0.9832,0.9484,anatomical,0.575,infer,24.0,1.8,0.2,trained4,5.706,0.1902,0.07,0.0,0.0162,ma_zerophase,5.0,,0.0106,4.7777
evaluate_epoch_e500.csv,MSEOnly_1.3_e500_phys0.3,deploy,1350,2026-09-19 20:29:12,transient,tfm_declip_cov_MSEOnly_1.3_e500_anat,1.0,0.3,1500,306,0.037644,0.000154,87.07,99.28,9.15,5.52,3.13,0.74,98.7,1.11,0.65,1.34,0.96,1.05,0.5525,0.4383,0.0,8.83,0.0,89.34,100.0,100.0,74.34,85.59,95.53,3.44,20.78,59.98,0.3505,9.924,23.466,0.3308,cuda,0.9114,0.9499,0.757,0.4756,98.6,84.61,0.9831,0.9487,anatomical,0.575,infer,24.0,1.8,0.2,trained4,5.683,0.1894,0.09,0.0,0.0155,ma_zerophase,5.0,,0.01,4.7631
evaluate_epoch_e500.csv,MSEOnly_1.3_e500_phys0.3,deploy,1400,2026-09-19 20:31:30,transient,tfm_declip_cov_MSEOnly_1.3_e500_anat,1.0,0.3,1500,306,0.037644,6.5e-05,87.07,99.49,9.15,3.66,3.13,0.75,99.0,1.48,0.67,1.53,0.95,1.23,0.5525,0.4405,0.0,8.83,0.0,89.34,100.0,100.0,64.51,77.5,93.51,0.0,1.85,48.86,0.3555,10.328,22.737,0.3443,cuda,0.861,0.9147,1.121,0.4756,98.03,79.15,0.9704,0.9153,anatomical,0.575,infer,24.0,1.8,0.2,trained4,5.774,0.1925,0.03,0.0,0.017,ma_zerophase,5.0,,0.0103,4.7874
evaluate_epoch_e500.csv,MSEOnly_1.3_e500_phys0.3,deploy,1450,2026-09-19 20:33:49,transient,tfm_declip_cov_MSEOnly_1.3_e500_anat,1.0,0.3,1500,306,0.037644,6.9e-05,87.07,99.81,9.15,3.75,3.13,1.15,99.5,1.13,0.63,1.32,0.95,1.05,0.5525,0.4322,0.0,8.83,0.0,89.34,100.0,100.0,71.98,85.11,95.76,1.32,19.37,60.69,0.3446,9.79,25.274,0.3263,cuda,0.9073,0.9486,0.788,0.4756,98.68,85.31,0.9829,0.9473,anatomical,0.575,infer,24.0,1.8,0.2,trained4,5.725,0.1908,0.11,0.0,0.0122,ma_zerophase,5.0,,0.0101,4.7599
evaluate_epoch_e500.csv,MSEOnly_1.3_e500_phys0.3,deploy,1500,2026-09-19 20:36:07,transient,tfm_declip_cov_MSEOnly_1.3_e500_anat,1.0,0.3,1500,306,0.037644,0.000225,87.07,99.5,9.15,4.53,3.13,1.24,98.5,1.02,0.63,1.28,0.96,1.01,0.5525,0.4293,0.0,8.83,0.0,89.34,100.0,100.0,76.54,87.72,96.16,5.26,28.18,64.05,0.3429,9.643,22.803,0.3214,cuda,0.9249,0.9584,0.677,0.4756,98.74,86.32,0.986,0.9568,anatomical,0.575,infer,24.0,1.8,0.2,trained4,5.845,0.1948,0.24,0.0,0.0141,ma_zerophase,5.0,,0.0104,4.7351
evaluate_epoch_e500.csv,MSEOnly_1.3_e500_phys0.3,deploy,1550,2026-09-30 16:57:34,transient,tfm_declip_cov_MSEOnly_1.3_e500_anat,1.0,0.3,2500,306,0.037644,0.000148,87.07,99.65,9.15,4.9,3.13,1.18,99.0,1.19,0.54,1.4,0.9,1.13,0.5525,0.4328,0.0,8.83,0.0,89.34,100.0,100.0,69.73,82.29,95.85,0.01,6.8,60.15,0.3455,6.258,19.815,0.2086,cuda,0.8908,0.9407,0.855,0.4756,98.72,85.76,0.9814,0.9409,anatomical,0.575,infer,24.0,1.8,0.2,trained4,6.852,0.2284,0.11,0.0,0.016,ma_zerophase,5.0,,0.0122,4.7289
evaluate_epoch_e500.csv,MSEOnly_1.3_e500_phys0.3,deploy,1600,2026-09-30 17:00:14,transient,tfm_declip_cov_MSEOnly_1.3_e500_anat,1.0,0.3,2500,306,0.037644,0.000133,87.07,99.43,9.15,4.65,3.13,0.93,98.7,0.99,0.59,1.27,0.95,1.0,0.5525,0.4281,0.0,8.83,0.0,89.34,100.0,100.0,76.66,88.39,96.53,6.64,29.69,65.63,0.3398,7.97,23.623,0.2657,cuda,0.928,0.9618,0.654,0.4756,98.81,86.83,0.9872,0.9589,anatomical,0.575,infer,24.0,1.8,0.2,trained4,7.091,0.2364,0.12,0.0,0.0171,ma_zerophase,5.0,,0.012,4.7019
evaluate_epoch_e500.csv,MSEOnly_1.3_e500_phys0.3,deploy,1650,2026-09-30 17:02:52,transient,tfm_declip_cov_MSEOnly_1.3_e500_anat,1.0,0.3,2500,306,0.037644,8.2e-05,87.07,99.54,9.15,3.44,3.13,0.75,99.2,0.92,0.57,1.23,0.95,0.96,0.5525,0.4272,0.0,8.83,0.0,89.34,100.0,100.0,79.03,89.43,96.88,10.11,33.91,67.82,0.338,8.941,22.141,0.298,cuda,0.9369,0.9672,0.588,0.4756,98.87,87.44,0.9892,0.965,anatomical,0.575,infer,24.0,1.8,0.2,trained4,6.926,0.2309,0.1,0.0,0.0186,ma_zerophase,5.0,,0.0116,4.7257
evaluate_epoch_e500.csv,MSEOnly_1.3_e500_phys0.3,deploy,1700,2026-09-30 17:05:32,transient,tfm_declip_cov_MSEOnly_1.3_e500_anat,1.0,0.3,2500,306,0.037644,9.8e-05,87.07,99.61,9.15,4.12,3.13,0.87,99.2,1.0,0.57,1.27,0.95,1.0,0.5525,0.4274,0.0,8.83,0.0,89.34,100.0,100.0,75.91,88.09,96.74,4.22,28.92,67.42,0.3394,6.672,19.514,0.2224,cuda,0.9249,0.9611,0.668,0.4756,98.8,86.79,0.9868,0.9573,anatomical,0.575,infer,24.0,1.8,0.2,trained4,6.802,0.2267,0.12,0.0,0.0175,ma_zerophase,5.0,,0.0114,4.7404
evaluate_epoch_e500.csv,MSEOnly_1.3_e500_phys0.3,deploy,1750,2026-09-30 17:08:11,transient,tfm_declip_cov_MSEOnly_1.3_e500_anat,1.0,0.3,2500,306,0.037644,0.000147,87.07,99.35,9.15,4.46,3.13,0.97,98.4,0.97,0.59,1.26,0.95,0.99,0.5525,0.4283,0.0,8.83,0.0,89.34,100.0,100.0,77.28,88.38,96.6,7.15,29.29,66.02,0.3413,9.927,25.672,0.3309,cuda,0.9302,0.963,0.629,0.4756,98.85,87.15,0.9878,0.9612,anatomical,0.575,infer,24.0,1.8,0.2,trained4,6.691,0.223,0.15,0.0,0.0129,ma_zerophase,5.0,,0.0113,4.7236
evaluate_epoch_e500.csv,MSEOnly_1.3_e500_phys0.3,deploy,1800,2026-09-30 17:10:45,transient,tfm_declip_cov_MSEOnly_1.3_e500_anat,1.0,0.3,2500,306,0.037644,0.000211,87.07,99.46,9.15,5.17,3.13,1.07,98.6,1.09,0.6,1.29,0.93,1.02,0.5525,0.4319,0.0,8.83,0.0,89.34,100.0,100.0,73.69,85.98,95.79,1.48,22.68,60.26,0.3452,9.535,22.756,0.3178,cuda,0.9125,0.9509,0.752,0.4756,98.71,85.81,0.9838,0.9503,anatomical,0.575,infer,24.0,1.8,0.2,trained4,6.074,0.2025,0.12,0.0,0.0125,ma_zerophase,5.0,,0.0107,4.7252
evaluate_epoch_e500.csv,MSEOnly_1.3_e500_phys0.3,deploy,1850,2026-09-30 17:13:25,transient,tfm_declip_cov_MSEOnly_1.3_e500_anat,1.0,0.3,2500,306,0.037644,0.000141,87.07,99.62,9.15,4.36,3.13,0.96,99.1,0.94,0.58,1.23,0.95,0.96,0.5525,0.429,0.0,8.83,0.0,89.34,100.0,100.0,78.28,88.97,96.6,8.3,32.23,66.09,0.3413,5.895,14.947,0.1965,cuda,0.9333,0.9645,0.609,0.4756,98.86,87.23,0.9883,0.9627,anatomical,0.575,infer,24.0,1.8,0.2,trained4,6.812,0.2271,0.15,0.0,0.0122,ma_zerophase,5.0,,0.0116,4.7396
evaluate_epoch_e500.csv,MSEOnly_1.3_e500_phys0.3,deploy,1900,2026-09-30 17:16:07,transient,tfm_declip_cov_MSEOnly_1.3_e500_anat,1.0,0.3,2500,306,0.037644,0.000114,87.07,99.63,9.15,3.68,3.13,0.89,99.2,0.93,0.57,1.21,0.95,0.95,0.5525,0.4279,0.0,8.83,0.0,89.34,100.0,100.0,78.68,88.84,96.72,9.03,31.87,67.3,0.3408,3.61,9.477,0.1203,cuda,0.9341,0.9649,0.601,0.4756,98.89,87.55,0.9886,0.9634,anatomical,0.575,infer,24.0,1.8,0.2,trained4,7.094,0.2365,0.11,0.0,0.0145,ma_zerophase,5.0,,0.0116,4.7272
evaluate_epoch_e500.csv,MSEOnly_1.3_e500_phys0.3,deploy,1950,2026-09-30 17:18:41,transient,tfm_declip_cov_MSEOnly_1.3_e500_anat,1.0,0.3,2500,306,0.037644,7.6e-05,87.07,99.72,9.15,2.76,3.13,0.95,99.3,1.04,0.57,1.25,0.94,0.99,0.5525,0.4304,0.0,8.83,0.0,89.34,100.0,100.0,73.75,87.29,96.45,2.93,25.94,66.1,0.3427,7.024,20.188,0.2341,cuda,0.9189,0.9572,0.705,0.4756,98.83,86.92,0.9862,0.956,anatomical,0.575,infer,24.0,1.8,0.2,trained4,6.549,0.2183,0.08,0.0,0.0154,ma_zerophase,5.0,,0.011,4.7226
evaluate_epoch_e500.csv,MSEOnly_1.3_e500_phys0.3,deploy,2000,2026-09-30 17:21:19,transient,tfm_declip_cov_MSEOnly_1.3_e500_anat,1.0,0.3,2500,306,0.037644,4.7e-05,87.07,99.68,9.15,3.05,3.13,0.52,99.6,0.97,0.59,1.26,0.94,1.0,0.5525,0.4343,0.0,8.83,0.0,89.34,100.0,100.0,77.36,88.63,96.64,6.67,30.63,66.43,0.3464,10.228,21.524,0.3409,cuda,0.9308,0.9637,0.624,0.4756,98.86,87.41,0.9882,0.962,anatomical,0.575,infer,24.0,1.8,0.2,trained4,6.489,0.2163,0.12,0.0,0.0307,ma_zerophase,5.0,,0.0114,4.789
evaluate_epoch_e500.csv,MSEOnly_1.3_e500_phys0.3,deploy,2050,2026-09-30 17:23:44,transient,tfm_declip_cov_MSEOnly_1.3_e500_anat,1.0,0.3,2500,306,0.037644,8.8e-05,87.07,99.55,9.15,4.59,3.13,0.62,99.3,0.89,0.6,1.18,0.95,0.93,0.5525,0.4259,0.0,8.83,0.0,89.34,100.0,100.0,80.53,89.65,96.81,14.79,35.71,68.34,0.3395,5.356,14.693,0.1785,cuda,0.9397,0.9679,0.56,0.4756,98.89,87.56,0.9893,0.9663,anatomical,0.575,infer,24.0,1.8,0.2,trained4,6.043,0.2014,0.05,0.0,0.0179,ma_zerophase,5.0,,0.0111,4.7204
evaluate_epoch_e500.csv,MSEOnly_1.3_e500_phys0.3,deploy,2100,2026-09-30 17:26:10,transient,tfm_declip_cov_MSEOnly_1.3_e500_anat,1.0,0.3,2500,306,0.037644,4.1e-05,87.07,99.35,9.15,2.48,3.13,0.53,99.1,0.96,0.55,1.26,0.93,1.0,0.5525,0.4251,0.0,8.83,0.0,89.34,100.0,100.0,76.76,88.13,96.81,3.28,24.74,67.16,0.3388,7.85,18.973,0.2617,cuda,0.9268,0.9622,0.638,0.4756,98.89,87.53,0.9877,0.9602,anatomical,0.575,infer,24.0,1.8,0.2,trained4,6.654,0.2218,0.05,0.0,0.0168,ma_zerophase,5.0,,0.0118,4.6927
evaluate_epoch_e500.csv,MSEOnly_1.3_e500_phys0.3,deploy,2150,2026-09-30 17:28:49,transient,tfm_declip_cov_MSEOnly_1.3_e500_anat,1.0,0.3,2500,306,0.037644,5.3e-05,87.07,99.35,9.15,3.65,3.13,0.43,99.3,0.97,0.63,1.22,0.97,0.96,0.5525,0.4234,0.0,8.83,0.0,89.34,100.0,100.0,77.35,88.29,96.32,6.45,32.12,65.39,0.3374,6.721,17.234,0.224,cuda,0.9267,0.9597,0.646,0.4756,98.85,87.23,0.9868,0.959,anatomical,0.575,infer,24.0,1.8,0.2,trained4,6.717,0.2239,0.07,0.0,0.0124,ma_zerophase,5.0,,0.0118,4.7524
evaluate_epoch_e500.csv,MSEOnly_1.3_e500_phys0.3,deploy,2200,2026-09-30 17:31:28,transient,tfm_declip_cov_MSEOnly_1.3_e500_anat,1.0,0.3,2500,306,0.037644,2.3e-05,87.07,99.49,9.15,2.35,3.13,0.42,99.5,0.87,0.58,1.17,0.95,0.92,0.5525,0.4225,0.0,8.83,0.0,89.34,100.0,100.0,80.83,90.18,97.03,14.96,37.79,69.86,0.3359,4.356,10.454,0.1452,cuda,0.9423,0.97,0.544,0.4756,98.91,88.12,0.9902,0.9683,anatomical,0.575,infer,24.0,1.8,0.2,trained4,6.703,0.2234,0.05,0.0,0.0158,ma_zerophase,5.0,,0.0119,4.7114
evaluate_epoch_e500.csv,MSEOnly_1.3_e500_phys0.3,deploy,2250,2026-09-30 17:34:05,transient,tfm_declip_cov_MSEOnly_1.3_e500_anat,1.0,0.3,2500,306,0.037644,5.5e-05,87.07,99.63,9.15,2.8,3.13,0.62,99.4,1.0,0.57,1.25,0.93,1.0,0.5525,0.4263,0.0,8.83,0.0,89.34,100.0,100.0,73.95,87.64,96.57,2.45,26.98,67.3,0.3411,9.712,23.585,0.3237,cuda,0.9202,0.9578,0.69,0.4756,98.89,87.61,0.9867,0.9576,anatomical,0.575,infer,24.0,1.8,0.2,trained4,6.627,0.2209,0.14,0.0,0.0171,ma_zerophase,5.0,,0.0113,4.7334
evaluate_epoch_e500.csv,MSEOnly_1.3_e500_phys0.3,deploy,2300,2026-09-30 17:36:44,transient,tfm_declip_cov_MSEOnly_1.3_e500_anat,1.0,0.3,2500,306,0.037644,4.4e-05,87.07,99.51,9.15,2.36,3.13,0.51,99.4,0.88,0.6,1.18,0.95,0.93,0.5525,0.4255,0.0,8.83,0.0,89.34,100.0,100.0,80.43,89.73,96.88,13.73,37.43,68.94,0.3387,7.476,25.26,0.2492,cuda,0.9395,0.9679,0.561,0.4756,98.88,87.59,0.9894,0.9662,anatomical,0.575,infer,24.0,1.8,0.2,trained4,6.41,0.2137,0.04,0.0,0.022,ma_zerophase,5.0,,0.0114,4.7172
evaluate_epoch_e500.csv,MSEOnly_1.3_e500_phys0.3,deploy,2350,2026-09-30 17:39:21,transient,tfm_declip_cov_MSEOnly_1.3_e500_anat,1.0,0.3,2500,306,0.037644,4.8e-05,87.07,99.49,9.15,2.37,3.13,0.62,99.2,0.85,0.59,1.16,0.95,0.91,0.5525,0.4258,0.0,8.83,0.0,89.34,100.0,100.0,81.36,90.36,97.04,16.33,38.44,70.25,0.3383,7.336,22.408,0.2445,cuda,0.9441,0.9706,0.532,0.4756,98.91,87.81,0.9902,0.969,anatomical,0.575,infer,24.0,1.8,0.2,trained4,6.608,0.2203,0.04,0.0,0.0205,ma_zerophase,5.0,,0.0112,4.7439
evaluate_epoch_e500.csv,MSEOnly_1.3_e500_phys0.3,deploy,2400,2026-09-30 17:42:02,transient,tfm_declip_cov_MSEOnly_1.3_e500_anat,1.0,0.3,2500,306,0.037644,7.2e-05,87.07,99.55,9.15,3.71,3.13,0.61,99.3,0.97,0.58,1.23,0.95,0.99,0.5525,0.4227,0.0,8.83,0.0,89.34,100.0,100.0,77.9,89.03,96.89,2.42,29.91,69.13,0.3366,7.15,21.28,0.2383,cuda,0.9302,0.9638,0.662,0.4756,98.89,87.37,0.9865,0.9563,anatomical,0.575,infer,24.0,1.8,0.2,trained4,6.69,0.223,0.07,0.0,0.0115,ma_zerophase,5.0,,0.011,4.7346
evaluate_epoch_e500.csv,MSEOnly_1.3_e500_phys0.3,deploy,2450,2026-09-30 17:44:44,transient,tfm_declip_cov_MSEOnly_1.3_e500_anat,1.0,0.3,2500,306,0.037644,2.2e-05,87.07,99.63,9.15,2.14,3.13,0.37,99.7,0.88,0.6,1.17,0.96,0.93,0.5525,0.4238,0.0,8.83,0.0,89.34,100.0,100.0,80.74,89.97,96.82,13.86,37.88,69.17,0.3375,7.134,24.274,0.2378,cuda,0.9401,0.9678,0.565,0.4756,98.87,87.35,0.9891,0.966,anatomical,0.575,infer,24.0,1.8,0.2,trained4,6.724,0.2241,0.07,0.0,0.0127,ma_zerophase,5.0,,0.011,4.7483
evaluate_epoch_e500.csv,MSEOnly_1.3_e500_phys0.3,deploy,2500,2026-09-30 17:47:25,transient,tfm_declip_cov_MSEOnly_1.3_e500_anat,1.0,0.3,2500,306,0.037644,7.3e-05,87.07,99.28,9.15,3.19,3.13,0.69,98.8,0.99,0.56,1.25,0.94,1.0,0.5525,0.4232,0.0,8.83,0.0,89.34,100.0,100.0,76.93,89.04,96.86,2.21,30.97,68.79,0.3373,6.39,19.912,0.213,cuda,0.9298,0.9639,0.666,0.4756,98.91,87.89,0.9871,0.9578,anatomical,0.575,infer,24.0,1.8,0.2,trained4,6.651,0.2217,0.05,0.0,0.0117,ma_zerophase,5.0,,0.0111,4.7006
evaluate_epoch_e500.csv,MSEOnly_1.3_e500_phys0.3,deploy,2550,2026-09-30 21:40:25,transient,tfm_declip_cov_MSEOnly_1.3_e500_anat,1.0,0.3,3000,306,0.037644,2.3e-05,87.07,99.58,9.15,2.49,3.13,0.27,99.7,0.84,0.58,1.15,0.95,0.91,0.5525,0.422,0.0,8.83,0.0,89.34,100.0,100.0,81.73,90.44,97.09,16.83,39.12,70.41,0.3354,5.979,12.171,0.1993,cuda,0.9447,0.9709,0.525,0.4756,98.96,88.26,0.9904,0.9692,anatomical,0.575,infer,24.0,1.8,0.2,trained4,6.443,0.2148,0.07,0.0,0.0141,ma_zerophase,5.0,,0.0106,4.724
evaluate_epoch_e500.csv,MSEOnly_1.3_e500_phys0.3,deploy,2600,2026-09-30 21:42:57,transient,tfm_declip_cov_MSEOnly_1.3_e500_anat,1.0,0.3,3000,306,0.037644,6.1e-05,87.07,99.54,9.15,2.97,3.13,0.53,99.4,0.83,0.56,1.16,0.95,0.92,0.5525,0.4217,0.0,8.83,0.0,89.34,100.0,100.0,81.61,90.86,97.22,16.25,40.09,71.22,0.3355,6.634,18.758,0.2211,cuda,0.9462,0.9725,0.52,0.4756,98.97,88.51,0.9908,0.9702,anatomical,0.575,infer,24.0,1.8,0.2,trained4,6.623,0.2208,0.19,0.0,0.0181,ma_zerophase,5.0,,0.0108,4.7031
evaluate_epoch_e500.csv,MSEOnly_1.3_e500_phys0.3,deploy,2650,2026-09-30 21:45:30,transient,tfm_declip_cov_MSEOnly_1.3_e500_anat,1.0,0.3,3000,306,0.037644,4.3e-05,87.07,99.65,9.15,3.1,3.13,0.59,99.5,1.01,0.59,1.24,0.96,1.0,0.5525,0.4237,0.0,8.83,0.0,89.34,100.0,100.0,74.55,88.53,96.47,2.57,32.34,66.43,0.3385,7.158,22.065,0.2386,cuda,0.9225,0.9589,0.7,0.4756,98.91,87.8,0.9863,0.9564,anatomical,0.575,infer,24.0,1.8,0.2,trained4,6.303,0.2101,0.04,0.0,0.012,ma_zerophase,5.0,,0.011,4.7162
evaluate_epoch_e500.csv,MSEOnly_1.3_e500_phys0.3,deploy,2700,2026-09-30 21:48:05,transient,tfm_declip_cov_MSEOnly_1.3_e500_anat,1.0,0.3,3000,306,0.037644,1.4e-05,87.07,99.89,9.15,2.3,3.13,0.71,99.8,0.85,0.57,1.16,0.96,0.92,0.5525,0.4234,0.0,8.83,0.0,89.34,100.0,100.0,80.88,90.37,97.05,15.6,39.23,70.2,0.3371,5.558,11.407,0.1853,cuda,0.9425,0.9699,0.542,0.4756,98.97,88.42,0.9901,0.9683,anatomical,0.575,infer,24.0,1.8,0.2,trained4,6.686,0.2229,0.07,0.0,0.0164,ma_zerophase,5.0,,0.0111,4.7286
evaluate_epoch_e500.csv,MSEOnly_1.3_e500_phys0.3,deploy,2750,2026-09-30 21:50:46,transient,tfm_declip_cov_MSEOnly_1.3_e500_anat,1.0,0.3,3000,306,0.037644,9e-05,87.07,99.31,9.15,3.6,3.13,0.65,98.9,1.07,0.6,1.33,0.93,1.09,0.5525,0.4246,0.0,8.83,0.0,89.34,100.0,100.0,73.18,86.15,95.97,1.12,22.96,63.36,0.3415,7.275,27.343,0.2425,cuda,0.9111,0.9516,0.745,0.4756,98.77,86.42,0.9841,0.951,anatomical,0.575,infer,24.0,1.8,0.2,trained4,6.677,0.2226,0.04,0.0,0.0078,ma_zerophase,5.0,,0.0112,4.7393
evaluate_epoch_e500.csv,MSEOnly_1.3_e500_phys0.3,deploy,2800,2026-09-30 21:53:27,transient,tfm_declip_cov_MSEOnly_1.3_e500_anat,1.0,0.3,3000,306,0.037644,0.000109,87.07,99.56,9.15,3.19,3.13,0.96,99.0,0.84,0.57,1.16,0.95,0.92,0.5525,0.4227,0.0,8.83,0.0,89.34,100.0,100.0,81.67,90.54,97.06,15.69,39.2,70.05,0.3371,7.766,29.877,0.2589,cuda,0.9447,0.9711,0.535,0.4756,98.95,87.98,0.9901,0.9686,anatomical,0.575,infer,24.0,1.8,0.2,trained4,6.714,0.2238,0.07,0.0,0.0174,ma_zerophase,5.0,,0.0112,4.7008
evaluate_epoch_e500.csv,MSEOnly_1.3_e500_phys0.3,deploy,2850,2026-09-30 21:56:08,transient,tfm_declip_cov_MSEOnly_1.3_e500_anat,1.0,0.3,3000,306,0.037644,3e-05,87.07,99.68,9.15,2.54,3.13,0.43,99.7,0.84,0.56,1.15,0.96,0.92,0.5525,0.4239,0.0,8.83,0.0,89.34,100.0,100.0,81.0,90.32,97.06,14.32,38.01,70.19,0.3386,6.56,16.144,0.2187,cuda,0.9427,0.97,0.541,0.4756,98.98,88.54,0.9901,0.9685,anatomical,0.575,infer,24.0,1.8,0.2,trained4,6.639,0.2213,0.04,0.0,0.0109,ma_zerophase,5.0,,0.0111,4.7013
evaluate_epoch_e500.csv,MSEOnly_1.3_e500_phys0.3,deploy,2900,2026-09-30 21:58:45,transient,tfm_declip_cov_MSEOnly_1.3_e500_anat,1.0,0.3,3000,306,0.037644,4.8e-05,87.07,99.86,9.15,2.93,3.13,1.01,99.6,0.84,0.57,1.14,0.95,0.91,0.5525,0.4214,0.0,8.83,0.0,89.34,100.0,100.0,81.46,90.17,97.08,16.93,37.65,70.51,0.3357,5.606,12.504,0.1869,cuda,0.9432,0.9703,0.53,0.4756,98.98,88.47,0.9902,0.9687,anatomical,0.575,infer,24.0,1.8,0.2,trained4,6.448,0.2149,0.05,0.0,0.0092,ma_zerophase,5.0,,0.0117,4.682
evaluate_epoch_e500.csv,MSEOnly_1.3_e500_phys0.3,deploy,2950,2026-09-30 22:01:16,transient,tfm_declip_cov_MSEOnly_1.3_e500_anat,1.0,0.3,3000,306,0.037644,5e-06,87.07,99.83,9.15,1.34,3.13,0.27,99.9,0.83,0.59,1.15,0.96,0.91,0.5525,0.4222,0.0,8.83,0.0,89.34,100.0,100.0,81.71,90.16,96.96,18.59,39.41,69.69,0.3369,6.394,19.294,0.2131,cuda,0.9437,0.9699,0.527,0.4756,98.97,88.39,0.99,0.9683,anatomical,0.575,infer,24.0,1.8,0.2,trained4,6.442,0.2147,0.04,0.0,0.0096,ma_zerophase,5.0,,0.0111,4.719
evaluate_epoch_e500.csv,MSEOnly_1.3_e500_phys0.3,deploy,3000,2026-09-30 22:03:49,transient,tfm_declip_cov_MSEOnly_1.3_e500_anat,1.0,0.3,3000,306,0.037644,4.3e-05,87.07,99.56,9.15,2.38,3.13,0.63,99.3,0.81,0.58,1.14,0.96,0.9,0.5525,0.4214,0.0,8.83,0.0,89.34,100.0,100.0,82.43,90.58,97.05,19.19,39.5,70.27,0.3361,6.27,13.067,0.209,cuda,0.947,0.9718,0.507,0.4756,98.98,88.43,0.9905,0.97,anatomical,0.575,infer,24.0,1.8,0.2,trained4,6.487,0.2162,0.07,0.0,0.0163,ma_zerophase,5.0,,0.0109,4.7091
evaluate_epoch_e500.csv,MSEOnly_1.3_e500_phys0.3,deploy,20,2026-09-15 16:09:35,persistent,tfm_declip_cov_MSEOnly_1.3_e500_anat,1.0,0.3,500,306,0.197823,0.017544,23.78,71.72,9.09,6.33,3.23,1.51,82.7,3.5,1.29,4.11,1.38,2.9,0.5042,0.5839,0.0,8.92,0.03,23.65,99.98,100.0,,,,,,,0.5248,8.776,23.53,0.2925,cuda,0.7272,0.8004,2.335,0.4756,,,0.8888,0.7474,anatomical,0.575,infer,24.0,1.8,0.2,trained4,22.828,0.7609,48.18,0.031,0.708,ma_zerophase,5.0,,0.0119,5.0862
evaluate_epoch_e500.csv,MSEOnly_1.3_e500_phys0.3,deploy,40,2026-09-15 16:12:27,persistent,tfm_declip_cov_MSEOnly_1.3_e500_anat,1.0,0.3,500,306,0.197823,0.008797,23.78,84.93,9.09,5.97,3.23,1.58,90.4,2.63,0.94,3.1,1.17,2.13,0.5042,0.4735,0.0,8.92,0.0,23.65,100.0,100.0,,,,,,,0.386,10.333,24.274,0.3444,cuda,0.7816,0.8569,1.755,0.4756,,,0.9368,0.8245,anatomical,0.575,infer,24.0,1.8,0.2,trained4,14.234,0.4745,22.33,0.0,0.3521,ma_zerophase,5.0,,0.012,4.8324
evaluate_epoch_e500.csv,MSEOnly_1.3_e500_phys0.3,deploy,50,2026-09-19 19:36:03,persistent,tfm_declip_cov_MSEOnly_1.3_e500_anat,1.0,0.3,1500,306,0.197823,0.005923,23.78,89.69,9.09,5.97,3.23,1.47,93.9,2.15,0.9,2.65,1.14,1.8,0.5042,0.4441,0.0,8.92,0.08,23.65,99.99,100.0,,,,,,,0.3498,3.432,4.834,0.1144,cuda,0.8295,0.8958,1.397,0.4756,,,0.9549,0.8694,anatomical,0.575,infer,24.0,1.8,0.2,trained4,13.161,0.4387,11.6,0.077,0.2489,ma_zerophase,5.0,,0.0139,4.85
evaluate_epoch_e500.csv,MSEOnly_1.3_e500_phys0.3,deploy,60,2026-09-15 16:15:15,persistent,tfm_declip_cov_MSEOnly_1.3_e500_anat,1.0,0.3,500,306,0.197823,0.001127,23.78,97.55,9.09,5.28,3.23,1.39,98.6,3.37,0.88,3.4,1.17,2.63,0.5042,0.4445,0.0,8.92,0.0,23.65,100.0,100.0,,,,,,,0.3611,11.048,24.036,0.3683,cuda,0.6889,0.7522,2.743,0.4756,,,0.8718,0.7065,anatomical,0.575,infer,24.0,1.8,0.2,trained4,7.981,0.266,1.39,0.0,0.0914,ma_zerophase,5.0,,0.0118,4.9793
evaluate_epoch_e500.csv,MSEOnly_1.3_e500_phys0.3,deploy,80,2026-09-15 16:17:37,persistent,tfm_declip_cov_MSEOnly_1.3_e500_anat,1.0,0.3,500,306,0.197823,0.000194,23.78,99.14,9.09,2.75,3.23,1.12,99.6,3.52,0.83,3.56,1.13,2.88,0.5042,0.4561,0.0,8.92,0.0,23.65,100.0,100.0,,,,,,,0.3764,5.81,17.561,0.1937,cuda,0.6799,0.7299,3.107,0.4756,,,0.8552,0.691,anatomical,0.575,infer,24.0,1.8,0.2,trained4,6.381,0.2127,0.34,0.0,0.0909,ma_zerophase,5.0,,0.0108,5.5581
evaluate_epoch_e500.csv,MSEOnly_1.3_e500_phys0.3,deploy,100,2026-09-15 16:19:57,persistent,tfm_declip_cov_MSEOnly_1.3_e500_anat,1.0,0.3,500,306,0.197823,0.000304,23.78,99.41,9.09,4.21,3.23,1.69,99.6,4.16,0.81,3.74,1.08,3.01,0.5042,0.4405,0.0,8.92,0.0,23.65,100.0,100.0,,,,,,,0.3663,9.891,21.89,0.3297,cuda,0.6457,0.6884,3.625,0.4756,,,0.8183,0.645,anatomical,0.575,infer,24.0,1.8,0.2,trained4,6.095,0.2032,0.49,0.0,0.1025,ma_zerophase,5.0,,0.0103,4.9362
evaluate_epoch_e500.csv,MSEOnly_1.3_e500_phys0.3,deploy,120,2026-09-15 16:22:40,persistent,tfm_declip_cov_MSEOnly_1.3_e500_anat,1.0,0.3,500,306,0.197823,0.001589,23.78,96.36,9.09,5.86,3.23,1.6,97.6,4.55,1.43,3.94,1.4,3.1,0.5042,0.531,0.0,8.92,0.0,23.65,100.0,100.0,,,,,,,0.474,3.448,5.042,0.1149,cuda,0.6449,0.6943,3.961,0.4756,,,0.8152,0.6478,anatomical,0.575,infer,24.0,1.8,0.2,trained4,14.558,0.4853,2.76,0.0,0.0636,ma_zerophase,5.0,,0.0133,10.6731
evaluate_epoch_e500.csv,MSEOnly_1.3_e500_phys0.3,deploy,140,2026-09-15 16:25:40,persistent,tfm_declip_cov_MSEOnly_1.3_e500_anat,1.0,0.3,500,306,0.197823,0.001286,23.78,96.96,9.09,6.12,3.23,1.58,98.1,3.51,1.25,3.13,1.3,2.41,0.5042,0.5321,0.0,8.92,0.0,23.65,100.0,100.0,,,,,,,0.459,3.677,6.794,0.1226,cuda,0.6781,0.7361,3.094,0.4756,,,0.8588,0.7014,anatomical,0.575,infer,24.0,1.8,0.2,trained4,15.574,0.5191,2.78,0.0,0.0628,ma_zerophase,5.0,,0.0125,9.0899
evaluate_epoch_e500.csv,MSEOnly_1.3_e500_phys0.3,deploy,150,2026-09-19 19:39:03,persistent,tfm_declip_cov_MSEOnly_1.3_e500_anat,1.0,0.3,1500,306,0.197823,0.002007,23.78,95.36,9.09,6.85,3.23,1.45,97.3,3.52,1.14,3.04,1.24,2.31,0.5042,0.5582,0.0,8.92,0.19,23.65,99.99,100.0,,,,,,,0.4809,3.485,4.895,0.1162,cuda,0.691,0.7435,3.118,0.4756,,,0.8611,0.7109,anatomical,0.575,infer,24.0,1.8,0.2,trained4,18.054,0.6018,3.21,0.189,0.0837,ma_zerophase,5.0,,0.0135,9.18
evaluate_epoch_e500.csv,MSEOnly_1.3_e500_phys0.3,deploy,160,2026-09-15 16:28:39,persistent,tfm_declip_cov_MSEOnly_1.3_e500_anat,1.0,0.3,500,306,0.197823,0.001563,23.78,96.24,9.09,6.84,3.23,1.5,97.7,3.87,1.33,3.66,1.37,2.91,0.5042,0.5357,0.0,8.92,0.0,23.65,100.0,100.0,,,,,,,0.472,3.504,5.451,0.1168,cuda,0.6621,0.7125,3.454,0.4756,,,0.837,0.6764,anatomical,0.575,infer,24.0,1.8,0.2,trained4,17.659,0.5886,3.05,0.0,0.0696,ma_zerophase,5.0,,0.0129,8.5863
evaluate_epoch_e500.csv,MSEOnly_1.3_e500_phys0.3,deploy,180,2026-09-15 16:31:39,persistent,tfm_declip_cov_MSEOnly_1.3_e500_anat,1.0,0.3,500,306,0.197823,0.001239,23.78,96.63,9.09,6.22,3.23,1.4,98.1,2.96,0.98,2.76,1.14,2.11,0.5042,0.5866,0.0,8.92,0.0,23.65,100.0,100.0,,,,,,,0.512,3.475,5.023,0.1158,cuda,0.7192,0.7823,2.59,0.4756,,,0.8906,0.7543,anatomical,0.575,infer,24.0,1.8,0.2,trained4,14.912,0.4971,2.33,0.0,0.0605,ma_zerophase,5.0,,0.0138,8.0924
evaluate_epoch_e500.csv,MSEOnly_1.3_e500_phys0.3,deploy,200,2026-09-15 16:34:34,persistent,tfm_declip_cov_MSEOnly_1.3_e500_anat,1.0,0.3,500,306,0.197823,0.001425,23.78,96.54,9.09,6.16,3.23,1.62,97.7,2.94,1.03,2.69,1.12,2.05,0.5042,0.5597,0.0,8.92,0.0,23.65,100.0,100.0,,,,,,,0.4836,3.414,6.933,0.1138,cuda,0.722,0.7829,2.599,0.4756,,,0.8911,0.7555,anatomical,0.575,infer,24.0,1.8,0.2,trained4,15.304,0.5101,2.36,0.0,0.0579,ma_zerophase,5.0,,0.0124,7.8071
evaluate_epoch_e500.csv,MSEOnly_1.3_e500_phys0.3,deploy,220,2026-09-15 16:37:30,persistent,tfm_declip_cov_MSEOnly_1.3_e500_anat,1.0,0.3,500,306,0.197823,0.000993,23.78,97.19,9.09,6.82,3.23,1.41,98.4,2.75,1.01,2.59,1.1,1.96,0.5042,0.5434,0.0,8.92,0.0,23.65,100.0,100.0,,,,,,,0.4662,3.219,5.022,0.1073,cuda,0.7334,0.7977,2.436,0.4756,,,0.8984,0.7688,anatomical,0.575,infer,24.0,1.8,0.2,trained4,15.353,0.5118,2.36,0.0,0.0705,ma_zerophase,5.0,,0.0126,7.1201
evaluate_epoch_e500.csv,MSEOnly_1.3_e500_phys0.3,deploy,240,2026-09-15 16:40:34,persistent,tfm_declip_cov_MSEOnly_1.3_e500_anat,1.0,0.3,500,306,0.197823,0.001055,23.78,97.16,9.09,6.95,3.23,1.47,98.3,2.75,1.1,2.54,1.19,1.89,0.5042,0.5296,0.0,8.92,0.0,23.65,100.0,100.0,,,,,,,0.4528,3.499,4.922,0.1166,cuda,0.7314,0.7961,2.43,0.4756,,,0.8972,0.7666,anatomical,0.575,infer,24.0,1.8,0.2,trained4,16.083,0.5361,2.42,0.0,0.0658,ma_zerophase,5.0,,0.0139,7.0051
evaluate_epoch_e500.csv,MSEOnly_1.3_e500_phys0.3,deploy,250,2026-09-19 19:42:00,persistent,tfm_declip_cov_MSEOnly_1.3_e500_anat,1.0,0.3,1500,306,0.197823,0.001153,23.78,96.41,9.09,6.12,3.23,1.35,98.0,2.44,0.98,2.36,1.1,1.76,0.5042,0.5388,0.0,8.92,0.0,23.65,100.0,100.0,,,,,,,0.456,3.061,4.866,0.102,cuda,0.7664,0.8309,2.105,0.4756,,,0.918,0.8076,anatomical,0.575,infer,24.0,1.8,0.2,trained4,17.014,0.5671,2.72,0.0,0.0706,ma_zerophase,5.0,,0.013,6.5962
evaluate_epoch_e500.csv,MSEOnly_1.3_e500_phys0.3,deploy,260,2026-09-15 16:43:39,persistent,tfm_declip_cov_MSEOnly_1.3_e500_anat,1.0,0.3,500,306,0.197823,0.001131,23.78,96.14,9.09,6.28,3.23,1.25,98.0,2.27,0.99,2.23,1.09,1.65,0.5042,0.5285,0.0,8.92,0.0,23.65,100.0,100.0,,,,,,,0.4437,3.371,4.811,0.1124,cuda,0.7844,0.8463,1.949,0.4756,,,0.9264,0.8246,anatomical,0.575,infer,24.0,1.8,0.2,trained4,17.137,0.5712,2.67,0.0,0.0722,ma_zerophase,5.0,,0.0137,6.5652
evaluate_epoch_e500.csv,MSEOnly_1.3_e500_phys0.3,deploy,280,2026-09-15 16:46:45,persistent,tfm_declip_cov_MSEOnly_1.3_e500_anat,1.0,0.3,500,306,0.197823,0.001271,23.78,96.24,9.09,5.97,3.23,1.35,97.9,2.3,0.93,2.24,1.06,1.66,0.5042,0.5334,0.0,8.92,0.0,23.65,100.0,100.0,,,,,,,0.4486,3.656,4.976,0.1219,cuda,0.773,0.8404,1.978,0.4756,,,0.9264,0.8193,anatomical,0.575,infer,24.0,1.8,0.2,trained4,16.301,0.5434,2.83,0.0,0.0705,ma_zerophase,5.0,,0.0142,6.4193
evaluate_epoch_e500.csv,MSEOnly_1.3_e500_phys0.3,deploy,300,2026-09-15 16:49:50,persistent,tfm_declip_cov_MSEOnly_1.3_e500_anat,1.0,0.3,500,306,0.197823,0.001175,23.78,96.84,9.09,6.95,3.23,1.49,98.1,2.31,0.99,2.22,1.09,1.66,0.5042,0.5395,0.0,8.92,0.15,23.65,99.98,100.0,,,,,,,0.4547,3.573,4.864,0.1191,cuda,0.7777,0.8419,2.006,0.4756,,,0.9253,0.8217,anatomical,0.575,infer,24.0,1.8,0.2,trained4,15.835,0.5278,2.54,0.145,0.0667,ma_zerophase,5.0,,0.0141,6.7768
evaluate_epoch_e500.csv,MSEOnly_1.3_e500_phys0.3,deploy,320,2026-09-15 16:52:54,persistent,tfm_declip_cov_MSEOnly_1.3_e500_anat,1.0,0.3,500,306,0.197823,0.001059,23.78,96.41,9.09,4.96,3.23,1.31,98.1,2.15,0.91,2.11,1.06,1.54,0.5042,0.5183,0.0,8.92,0.0,23.65,100.0,100.0,,,,,,,0.4306,3.534,4.892,0.1178,cuda,0.7936,0.8553,1.827,0.4756,,,0.9334,0.8373,anatomical,0.575,infer,24.0,1.8,0.2,trained4,15.874,0.5291,2.51,0.0,0.0691,ma_zerophase,5.0,,0.014,6.2718
evaluate_epoch_e500.csv,MSEOnly_1.3_e500_phys0.3,deploy,340,2026-09-15 16:55:58,persistent,tfm_declip_cov_MSEOnly_1.3_e500_anat,1.0,0.3,500,306,0.197823,0.000904,23.78,96.6,9.09,5.71,3.23,1.21,98.3,2.21,0.97,2.15,1.14,1.58,0.5042,0.5257,0.0,8.92,0.0,23.65,100.0,100.0,,,,,,,0.4403,3.532,5.037,0.1177,cuda,0.7882,0.8506,1.878,0.4756,,,0.9301,0.8313,anatomical,0.575,infer,24.0,1.8,0.2,trained4,16.165,0.5388,2.78,0.0,0.0723,ma_zerophase,5.0,,0.0138,6.1983
evaluate_epoch_e500.csv,MSEOnly_1.3_e500_phys0.3,deploy,350,2026-09-19 19:44:57,persistent,tfm_declip_cov_MSEOnly_1.3_e500_anat,1.0,0.3,1500,306,0.197823,0.001021,23.78,96.53,9.09,5.6,3.23,1.3,98.2,2.1,0.89,2.09,1.06,1.53,0.5042,0.5084,0.0,8.92,0.0,23.65,100.0,100.0,,,,,,,0.4208,3.133,4.797,0.1044,cuda,0.7997,0.8591,1.782,0.4756,,,0.9356,0.8414,anatomical,0.575,infer,24.0,1.8,0.2,trained4,14.775,0.4925,2.57,0.0,0.074,ma_zerophase,5.0,,0.0125,6.0183
evaluate_epoch_e500.csv,MSEOnly_1.3_e500_phys0.3,deploy,360,2026-09-15 16:59:02,persistent,tfm_declip_cov_MSEOnly_1.3_e500_anat,1.0,0.3,500,306,0.197823,0.001243,23.78,96.6,9.09,6.78,3.23,1.4,98.1,2.16,0.95,2.12,1.11,1.56,0.5042,0.5208,0.0,8.92,0.02,23.65,99.99,100.0,,,,,,,0.4336,3.46,4.82,0.1153,cuda,0.7896,0.8524,1.856,0.4756,,,0.9316,0.8327,anatomical,0.575,infer,24.0,1.8,0.2,trained4,16.042,0.5347,2.81,0.023,0.0713,ma_zerophase,5.0,,0.0136,6.1935
evaluate_epoch_e500.csv,MSEOnly_1.3_e500_phys0.3,deploy,380,2026-09-15 17:02:02,persistent,tfm_declip_cov_MSEOnly_1.3_e500_anat,1.0,0.3,500,306,0.197823,0.001138,23.78,96.53,9.09,5.9,3.23,1.37,98.1,2.01,0.96,2.01,1.11,1.45,0.5042,0.5063,0.0,8.92,0.84,23.65,99.99,100.0,,,,,,,0.418,3.268,4.82,0.1089,cuda,0.8113,0.8699,1.695,0.4756,,,0.94,0.8535,anatomical,0.575,infer,24.0,1.8,0.2,trained4,16.811,0.5604,2.73,0.839,0.0725,ma_zerophase,5.0,,0.0129,6.0219
evaluate_epoch_e500.csv,MSEOnly_1.3_e500_phys0.3,deploy,400,2026-09-15 17:05:03,persistent,tfm_declip_cov_MSEOnly_1.3_e500_anat,1.0,0.3,500,306,0.197823,0.001033,23.78,96.53,9.09,6.08,3.23,1.27,98.2,2.15,0.89,2.11,1.06,1.56,0.5042,0.5096,0.0,8.92,0.03,23.65,99.99,100.0,,,,,,,0.4223,3.337,4.719,0.1112,cuda,0.7926,0.8555,1.825,0.4756,,,0.933,0.8376,anatomical,0.575,infer,24.0,1.8,0.2,trained4,16.503,0.5501,2.93,0.032,0.0764,ma_zerophase,5.0,,0.0142,6.0741
evaluate_epoch_e500.csv,MSEOnly_1.3_e500_phys0.3,deploy,420,2026-09-15 17:08:09,persistent,tfm_declip_cov_MSEOnly_1.3_e500_anat,1.0,0.3,500,306,0.197823,0.000911,23.78,96.79,9.09,5.14,3.23,1.27,98.4,2.0,0.93,2.02,1.1,1.46,0.5042,0.5055,0.0,8.92,0.0,23.65,100.0,100.0,,,,,,,0.4165,3.495,4.75,0.1165,cuda,0.8114,0.8708,1.675,0.4756,,,0.9403,0.8535,anatomical,0.575,infer,24.0,1.8,0.2,trained4,16.134,0.5378,2.81,0.0,0.0683,ma_zerophase,5.0,,0.0146,5.9758
evaluate_epoch_e500.csv,MSEOnly_1.3_e500_phys0.3,deploy,440,2026-09-15 17:11:14,persistent,tfm_declip_cov_MSEOnly_1.3_e500_anat,1.0,0.3,500,306,0.197823,0.000989,23.78,96.7,9.09,6.08,3.23,1.3,98.3,2.05,0.89,2.06,1.05,1.51,0.5042,0.5086,0.0,8.92,0.0,23.65,100.0,100.0,,,,,,,0.4205,3.43,4.915,0.1143,cuda,0.8031,0.8644,1.735,0.4756,,,0.9383,0.8487,anatomical,0.575,infer,24.0,1.8,0.2,trained4,16.211,0.5404,2.81,0.0,0.0671,ma_zerophase,5.0,,0.0136,6.0397
evaluate_epoch_e500.csv,MSEOnly_1.3_e500_phys0.3,deploy,450,2026-09-19 19:47:51,persistent,tfm_declip_cov_MSEOnly_1.3_e500_anat,1.0,0.3,1500,306,0.197823,0.001157,23.78,96.54,9.09,6.15,3.23,1.38,98.1,1.94,0.89,1.96,1.06,1.41,0.5042,0.509,0.0,8.92,0.0,23.65,100.0,100.0,,,,,,,0.4181,3.458,4.954,0.1153,cuda,0.8189,0.8766,1.623,0.4756,,,0.9441,0.8623,anatomical,0.575,infer,24.0,1.8,0.2,trained4,16.064,0.5355,2.84,0.0,0.0724,ma_zerophase,5.0,,0.0148,5.9593
evaluate_epoch_e500.csv,MSEOnly_1.3_e500_phys0.3,deploy,460,2026-09-15 17:14:18,persistent,tfm_declip_cov_MSEOnly_1.3_e500_anat,1.0,0.3,500,306,0.197823,0.000932,23.78,96.67,9.09,6.8,3.23,1.23,98.3,1.92,0.9,1.97,1.06,1.42,0.5042,0.5057,0.0,8.92,0.52,23.65,99.99,100.0,,,,,,,0.4149,3.557,4.975,0.1186,cuda,0.82,0.8792,1.596,0.4756,,,0.9451,0.8641,anatomical,0.575,infer,24.0,1.8,0.2,trained4,16.841,0.5614,2.91,0.518,0.0736,ma_zerophase,5.0,,0.0139,5.8804
evaluate_epoch_e500.csv,MSEOnly_1.3_e500_phys0.3,deploy,480,2026-09-15 17:17:23,persistent,tfm_declip_cov_MSEOnly_1.3_e500_anat,1.0,0.3,500,306,0.197823,0.001001,23.78,96.69,9.09,5.02,3.23,1.34,98.2,1.89,0.9,1.94,1.07,1.39,0.5042,0.5067,0.0,8.92,0.0,23.65,100.0,100.0,,,,,,,0.4159,3.343,5.059,0.1114,cuda,0.8261,0.8825,1.561,0.4756,,,0.9468,0.8689,anatomical,0.575,infer,24.0,1.8,0.2,trained4,15.827,0.5276,2.85,0.0,0.0736,ma_zerophase,5.0,,0.0128,5.9748
evaluate_epoch_e500.csv,MSEOnly_1.3_e500_phys0.3,deploy,500,2026-09-15 17:20:26,persistent,tfm_declip_cov_MSEOnly_1.3_e500_anat,1.0,0.3,500,306,0.197823,0.001124,23.78,96.22,9.09,5.88,3.23,1.29,98.0,1.87,0.89,1.91,1.05,1.37,0.5042,0.508,0.0,8.92,0.16,23.65,99.99,100.0,,,,,,,0.4152,3.172,4.916,0.1057,cuda,0.8271,0.8843,1.549,0.4756,,,0.9476,0.8706,anatomical,0.575,infer,24.0,1.8,0.2,trained4,15.958,0.5319,2.94,0.165,0.074,ma_zerophase,5.0,,0.0125,5.8989
evaluate_epoch_e500.csv,MSEOnly_1.3_e500_phys0.3,deploy,550,2026-09-19 19:50:50,persistent,tfm_declip_cov_MSEOnly_1.3_e500_anat,1.0,0.3,1500,306,0.197823,0.000992,23.78,96.62,9.09,5.16,3.23,1.27,98.3,2.0,0.87,1.96,1.05,1.44,0.5042,0.5216,0.0,8.92,0.0,23.65,100.0,100.0,,,,,,,0.4302,3.472,4.967,0.1157,cuda,0.8072,0.8674,1.7,0.4756,,,0.9407,0.853,anatomical,0.575,infer,24.0,1.8,0.2,trained4,15.808,0.5269,2.77,0.0,0.0675,ma_zerophase,5.0,,0.0134,6.0648
evaluate_epoch_e500.csv,MSEOnly_1.3_e500_phys0.3,deploy,600,2026-09-19 19:53:47,persistent,tfm_declip_cov_MSEOnly_1.3_e500_anat,1.0,0.3,1500,306,0.197823,0.001067,23.78,96.82,9.09,6.76,3.23,1.39,98.2,2.1,0.91,2.08,1.08,1.57,0.5042,0.5116,0.0,8.92,0.38,23.65,99.99,100.0,,,,,,,0.4208,3.426,4.674,0.1142,cuda,0.7956,0.8587,1.799,0.4756,,,0.9347,0.84,anatomical,0.575,infer,24.0,1.8,0.2,trained4,16.958,0.5653,2.65,0.378,0.0672,ma_zerophase,5.0,,0.0136,6.1488
evaluate_epoch_e500.csv,MSEOnly_1.3_e500_phys0.3,deploy,650,2026-09-19 19:56:41,persistent,tfm_declip_cov_MSEOnly_1.3_e500_anat,1.0,0.3,1500,306,0.197823,0.000381,23.78,98.09,9.09,4.47,3.23,1.07,99.2,2.38,1.05,2.23,1.15,1.69,0.5042,0.5532,0.0,8.92,0.0,23.65,100.0,100.0,,,,,,,0.4691,3.433,4.918,0.1144,cuda,0.766,0.83,2.065,0.4756,,,0.9217,0.8105,anatomical,0.575,infer,24.0,1.8,0.2,trained4,11.708,0.3903,1.81,0.0,0.0687,ma_zerophase,5.0,,0.0134,6.7291
evaluate_epoch_e500.csv,MSEOnly_1.3_e500_phys0.3,deploy,700,2026-09-19 19:59:25,persistent,tfm_declip_cov_MSEOnly_1.3_e500_anat,1.0,0.3,1500,306,0.197823,3.6e-05,23.78,99.67,9.09,1.86,3.23,0.89,99.9,1.68,0.63,1.81,0.97,1.31,0.5042,0.4406,0.0,8.92,0.0,23.65,100.0,100.0,,,,,,,0.3403,3.337,4.73,0.1112,cuda,0.8299,0.8895,1.389,0.4756,,,0.9568,0.8778,anatomical,0.575,infer,24.0,1.8,0.2,trained4,6.758,0.2253,0.09,0.0,0.1011,ma_zerophase,5.0,,0.0128,4.5813
evaluate_epoch_e500.csv,MSEOnly_1.3_e500_phys0.3,deploy,750,2026-09-19 20:02:03,persistent,tfm_declip_cov_MSEOnly_1.3_e500_anat,1.0,0.3,1500,306,0.197823,4.7e-05,23.78,99.59,9.09,1.79,3.23,0.82,99.9,1.6,0.59,1.79,1.0,1.28,0.5042,0.4358,0.0,8.92,0.0,23.65,100.0,100.0,,,,,,,0.3376,3.385,4.782,0.1128,cuda,0.8385,0.9025,1.274,0.4756,,,0.9623,0.8885,anatomical,0.575,infer,24.0,1.8,0.2,trained4,6.913,0.2304,0.21,0.0,0.1293,ma_zerophase,5.0,,0.0129,4.5596
evaluate_epoch_e500.csv,MSEOnly_1.3_e500_phys0.3,deploy,800,2026-09-19 20:04:34,persistent,tfm_declip_cov_MSEOnly_1.3_e500_anat,1.0,0.3,1500,306,0.197823,0.000116,23.78,99.65,9.09,3.09,3.23,1.45,99.8,1.76,0.58,1.94,0.95,1.45,0.5042,0.4295,0.0,8.92,0.0,23.65,100.0,100.0,,,,,,,0.3293,6.665,17.773,0.2222,cuda,0.8178,0.8868,1.436,0.4756,,,0.9538,0.8661,anatomical,0.575,infer,24.0,1.8,0.2,trained4,6.075,0.2025,0.13,0.0,0.0121,ma_zerophase,5.0,,0.0106,4.5199
evaluate_epoch_e500.csv,MSEOnly_1.3_e500_phys0.3,deploy,850,2026-09-19 20:06:49,persistent,tfm_declip_cov_MSEOnly_1.3_e500_anat,1.0,0.3,1500,306,0.197823,8.6e-05,23.78,99.4,9.09,2.01,3.23,1.02,99.8,1.4,0.54,1.64,0.96,1.16,0.5042,0.4253,0.0,8.92,0.0,23.65,100.0,100.0,,,,,,,0.322,7.904,20.316,0.2635,cuda,0.867,0.9228,1.09,0.4756,,,0.9713,0.9109,anatomical,0.575,infer,24.0,1.8,0.2,trained4,6.027,0.2009,0.32,0.0,0.1528,ma_zerophase,5.0,,0.0105,4.5759
evaluate_epoch_e500.csv,MSEOnly_1.3_e500_phys0.3,deploy,900,2026-09-19 20:09:07,persistent,tfm_declip_cov_MSEOnly_1.3_e500_anat,1.0,0.3,1500,306,0.197823,0.000106,23.78,99.55,9.09,2.36,3.23,1.3,99.8,1.78,0.76,1.95,1.1,1.53,0.5042,0.4303,0.0,8.92,0.0,23.65,100.0,100.0,,,,,,,0.334,10.413,22.806,0.3471,cuda,0.8119,0.8804,1.522,0.4756,,,0.9483,0.8598,anatomical,0.575,infer,24.0,1.8,0.2,trained4,5.794,0.1931,0.25,0.0,0.08,ma_zerophase,5.0,,0.0106,4.4894
evaluate_epoch_e500.csv,MSEOnly_1.3_e500_phys0.3,deploy,950,2026-09-19 20:11:25,persistent,tfm_declip_cov_MSEOnly_1.3_e500_anat,1.0,0.3,1500,306,0.197823,3.9e-05,23.78,98.93,9.09,1.46,3.23,0.41,99.8,1.43,0.53,1.74,0.94,1.31,0.5042,0.423,0.0,8.92,0.0,23.65,100.0,100.0,,,,,,,0.3201,9.996,23.445,0.3332,cuda,0.8545,0.9193,1.126,0.4756,,,0.9695,0.9049,anatomical,0.575,infer,24.0,1.8,0.2,trained4,5.953,0.1984,0.31,0.0,0.152,ma_zerophase,5.0,,0.0106,4.59
evaluate_epoch_e500.csv,MSEOnly_1.3_e500_phys0.3,deploy,1000,2026-09-19 20:13:44,persistent,tfm_declip_cov_MSEOnly_1.3_e500_anat,1.0,0.3,1500,306,0.197823,0.000267,23.78,98.98,9.09,3.43,3.23,1.2,99.5,1.3,0.56,1.54,0.96,1.1,0.5042,0.4262,0.0,8.92,0.0,23.65,100.0,100.0,,,,,,,0.3203,10.795,22.987,0.3598,cuda,0.8771,0.9293,1.003,0.4756,,,0.9755,0.9243,anatomical,0.575,infer,24.0,1.8,0.2,trained4,5.94,0.198,0.33,0.0,0.0925,ma_zerophase,5.0,,0.0107,4.6176
evaluate_epoch_e500.csv,MSEOnly_1.3_e500_phys0.3,deploy,1050,2026-09-19 20:16:02,persistent,tfm_declip_cov_MSEOnly_1.3_e500_anat,1.0,0.3,1500,306,0.197823,9.7e-05,23.78,99.26,9.09,2.54,3.23,0.85,99.7,1.18,0.51,1.45,0.96,1.01,0.5042,0.4151,0.0,8.92,0.0,23.65,100.0,100.0,,,,,,,0.3079,9.961,24.185,0.332,cuda,0.8937,0.9417,0.881,0.4756,,,0.9803,0.9364,anatomical,0.575,infer,24.0,1.8,0.2,trained4,5.861,0.1954,0.53,0.0,0.1491,ma_zerophase,5.0,,0.0106,4.5576
evaluate_epoch_e500.csv,MSEOnly_1.3_e500_phys0.3,deploy,1100,2026-09-19 20:18:20,persistent,tfm_declip_cov_MSEOnly_1.3_e500_anat,1.0,0.3,1500,306,0.197823,0.000133,23.78,99.26,9.09,2.84,3.23,1.0,99.7,1.12,0.54,1.44,0.99,1.02,0.5042,0.4192,0.0,8.92,0.0,23.65,100.0,100.0,,,,,,,0.3113,9.566,22.465,0.3189,cuda,0.901,0.9457,0.849,0.4756,,,0.9809,0.9397,anatomical,0.575,infer,24.0,1.8,0.2,trained4,5.729,0.191,0.23,0.0,0.0946,ma_zerophase,5.0,,0.0106,4.5906
evaluate_epoch_e500.csv,MSEOnly_1.3_e500_phys0.3,deploy,1150,2026-09-19 20:20:38,persistent,tfm_declip_cov_MSEOnly_1.3_e500_anat,1.0,0.3,1500,306,0.197823,2.2e-05,23.78,99.41,9.09,0.95,3.23,0.41,99.9,1.12,0.51,1.41,0.96,1.0,0.5042,0.418,0.0,8.92,0.0,23.65,100.0,100.0,,,,,,,0.3094,10.434,22.381,0.3478,cuda,0.898,0.9441,0.847,0.4756,,,0.9812,0.9405,anatomical,0.575,infer,24.0,1.8,0.2,trained4,5.807,0.1936,0.34,0.0,0.1592,ma_zerophase,5.0,,0.0107,4.6252
evaluate_epoch_e500.csv,MSEOnly_1.3_e500_phys0.3,deploy,1200,2026-09-19 20:22:57,persistent,tfm_declip_cov_MSEOnly_1.3_e500_anat,1.0,0.3,1500,306,0.197823,7.7e-05,23.78,98.99,9.09,1.8,3.23,0.63,99.7,1.14,0.52,1.4,0.95,1.0,0.5042,0.4192,0.0,8.92,0.0,23.65,100.0,100.0,,,,,,,0.3096,10.287,23.492,0.3429,cuda,0.8965,0.9432,0.867,0.4756,,,0.9807,0.939,anatomical,0.575,infer,24.0,1.8,0.2,trained4,5.828,0.1943,0.33,0.0,0.1725,ma_zerophase,5.0,,0.0108,4.5851
evaluate_epoch_e500.csv,MSEOnly_1.3_e500_phys0.3,deploy,1250,2026-09-19 20:25:14,persistent,tfm_declip_cov_MSEOnly_1.3_e500_anat,1.0,0.3,1500,306,0.197823,1.6e-05,23.78,99.75,9.09,1.36,3.23,0.52,99.9,1.29,0.5,1.64,0.91,1.24,0.5042,0.4153,0.0,8.92,0.0,23.65,100.0,100.0,,,,,,,0.3106,8.113,24.287,0.2704,cuda,0.8767,0.9328,1.009,0.4756,,,0.9734,0.9171,anatomical,0.575,infer,24.0,1.8,0.2,trained4,5.603,0.1868,0.13,0.0,0.0929,ma_zerophase,5.0,,0.0105,4.5393
evaluate_epoch_e500.csv,MSEOnly_1.3_e500_phys0.3,deploy,1300,2026-09-19 20:27:32,persistent,tfm_declip_cov_MSEOnly_1.3_e500_anat,1.0,0.3,1500,306,0.197823,5.6e-05,23.78,99.39,9.09,1.74,3.23,0.6,99.9,1.06,0.52,1.37,0.96,0.97,0.5042,0.4167,0.0,8.92,0.0,23.65,100.0,100.0,,,,,,,0.3074,10.364,21.609,0.3455,cuda,0.9097,0.9508,0.788,0.4756,,,0.9829,0.9457,anatomical,0.575,infer,24.0,1.8,0.2,trained4,5.747,0.1916,0.2,0.0,0.0742,ma_zerophase,5.0,,0.0105,4.5883
evaluate_epoch_e500.csv,MSEOnly_1.3_e500_phys0.3,deploy,1350,2026-09-19 20:29:50,persistent,tfm_declip_cov_MSEOnly_1.3_e500_anat,1.0,0.3,1500,306,0.197823,1.4e-05,23.78,99.41,9.09,0.94,3.23,0.39,99.9,1.06,0.52,1.37,0.95,0.97,0.5042,0.4187,0.0,8.92,0.0,23.65,100.0,100.0,,,,,,,0.3086,10.216,22.195,0.3405,cuda,0.9066,0.9488,0.786,0.4756,,,0.983,0.9461,anatomical,0.575,infer,24.0,1.8,0.2,trained4,5.932,0.1977,0.39,0.0,0.2249,ma_zerophase,5.0,,0.0106,4.6109
evaluate_epoch_e500.csv,MSEOnly_1.3_e500_phys0.3,deploy,1400,2026-09-19 20:32:08,persistent,tfm_declip_cov_MSEOnly_1.3_e500_anat,1.0,0.3,1500,306,0.197823,2.9e-05,23.78,99.55,9.09,1.53,3.23,0.71,99.9,1.37,0.57,1.52,0.95,1.12,0.5042,0.4224,0.0,8.92,0.0,23.65,100.0,100.0,,,,,,,0.3161,9.747,20.991,0.3249,cuda,0.8575,0.9126,1.146,0.4756,,,0.9696,0.9116,anatomical,0.575,infer,24.0,1.8,0.2,trained4,5.594,0.1865,0.14,0.0,0.1291,ma_zerophase,5.0,,0.0106,4.6351
evaluate_epoch_e500.csv,MSEOnly_1.3_e500_phys0.3,deploy,1450,2026-09-19 20:34:27,persistent,tfm_declip_cov_MSEOnly_1.3_e500_anat,1.0,0.3,1500,306,0.197823,4e-06,23.78,99.86,9.09,1.09,3.23,0.24,100.0,1.05,0.5,1.34,0.94,0.96,0.5042,0.4134,0.0,8.92,0.0,23.65,100.0,100.0,,,,,,,0.304,10.269,22.511,0.3423,cuda,0.9036,0.9477,0.81,0.4756,,,0.9826,0.9449,anatomical,0.575,infer,24.0,1.8,0.2,trained4,5.627,0.1876,0.27,0.0,0.2634,ma_zerophase,5.0,,0.0107,4.5361
evaluate_epoch_e500.csv,MSEOnly_1.3_e500_phys0.3,deploy,1500,2026-09-19 20:36:46,persistent,tfm_declip_cov_MSEOnly_1.3_e500_anat,1.0,0.3,1500,306,0.197823,2.9e-05,23.78,99.41,9.09,1.37,3.23,0.45,99.9,0.95,0.51,1.3,0.95,0.92,0.5042,0.4107,0.0,8.92,0.0,23.65,100.0,100.0,,,,,,,0.3006,10.414,22.725,0.3471,cuda,0.921,0.9575,0.703,0.4756,,,0.9857,0.9545,anatomical,0.575,infer,24.0,1.8,0.2,trained4,5.57,0.1857,0.12,0.0,0.0457,ma_zerophase,5.0,,0.0106,4.5896
evaluate_epoch_e500.csv,MSEOnly_1.3_e500_phys0.3,deploy,1550,2026-09-30 16:58:19,persistent,tfm_declip_cov_MSEOnly_1.3_e500_anat,1.0,0.3,2500,306,0.197823,1e-06,23.78,99.86,9.09,0.65,3.23,0.18,100.0,1.19,0.47,1.46,0.88,1.11,0.5042,0.4149,0.0,8.92,0.0,23.65,100.0,100.0,,,,,,,0.3053,4.1,10.62,0.1367,cuda,0.8723,0.93,0.964,0.4756,,,0.9775,0.9286,anatomical,0.575,infer,24.0,1.8,0.2,trained4,7.012,0.2337,0.16,0.0,0.0423,ma_zerophase,5.0,,0.0126,4.5736
evaluate_epoch_e500.csv,MSEOnly_1.3_e500_phys0.3,deploy,1600,2026-09-30 17:00:58,persistent,tfm_declip_cov_MSEOnly_1.3_e500_anat,1.0,0.3,2500,306,0.197823,3.5e-05,23.78,99.41,9.09,1.06,3.23,0.58,99.9,0.99,0.49,1.31,0.94,0.93,0.5042,0.4115,0.0,8.92,0.0,23.65,100.0,100.0,,,,,,,0.3015,7.836,20.719,0.2612,cuda,0.9158,0.9551,0.743,0.4756,,,0.9848,0.9507,anatomical,0.575,infer,24.0,1.8,0.2,trained4,6.597,0.2199,0.29,0.0,0.1166,ma_zerophase,5.0,,0.0119,4.572
evaluate_epoch_e500.csv,MSEOnly_1.3_e500_phys0.3,deploy,1650,2026-09-30 17:03:37,persistent,tfm_declip_cov_MSEOnly_1.3_e500_anat,1.0,0.3,2500,306,0.197823,1.9e-05,23.78,99.51,9.09,1.08,3.23,0.39,99.9,0.9,0.46,1.25,0.94,0.88,0.5042,0.4094,0.0,8.92,0.0,23.65,100.0,100.0,,,,,,,0.2982,7.664,24.6,0.2555,cuda,0.9295,0.9637,0.643,0.4756,,,0.9879,0.9602,anatomical,0.575,infer,24.0,1.8,0.2,trained4,6.722,0.2241,0.29,0.0,0.2889,ma_zerophase,5.0,,0.0123,4.5828
evaluate_epoch_e500.csv,MSEOnly_1.3_e500_phys0.3,deploy,1700,2026-09-30 17:06:15,persistent,tfm_declip_cov_MSEOnly_1.3_e500_anat,1.0,0.3,2500,306,0.197823,1.3e-05,23.78,99.55,9.09,0.74,3.23,0.3,99.9,0.98,0.48,1.3,0.91,0.94,0.5042,0.4084,0.0,8.92,0.0,23.65,100.0,100.0,,,,,,,0.2992,6.029,20.529,0.201,cuda,0.9137,0.9548,0.754,0.4756,,,0.9839,0.9485,anatomical,0.575,infer,24.0,1.8,0.2,trained4,6.592,0.2197,0.25,0.0,0.2335,ma_zerophase,5.0,,0.0118,4.5388
evaluate_epoch_e500.csv,MSEOnly_1.3_e500_phys0.3,deploy,1750,2026-09-30 17:08:55,persistent,tfm_declip_cov_MSEOnly_1.3_e500_anat,1.0,0.3,2500,306,0.197823,2.6e-05,23.78,99.36,9.09,0.97,3.23,0.52,99.9,0.89,0.5,1.26,0.93,0.89,0.5042,0.4099,0.0,8.92,0.0,23.65,100.0,100.0,,,,,,,0.2984,9.958,27.484,0.3319,cuda,0.9283,0.9628,0.648,0.4756,,,0.9876,0.96,anatomical,0.575,infer,24.0,1.8,0.2,trained4,6.692,0.2231,0.31,0.0,0.2823,ma_zerophase,5.0,,0.0117,4.5995
evaluate_epoch_e500.csv,MSEOnly_1.3_e500_phys0.3,deploy,1800,2026-09-30 17:11:29,persistent,tfm_declip_cov_MSEOnly_1.3_e500_anat,1.0,0.3,2500,306,0.197823,1.4e-05,23.78,99.54,9.09,1.05,3.23,0.47,99.9,0.99,0.52,1.29,0.92,0.92,0.5042,0.4118,0.0,8.92,0.0,23.65,100.0,100.0,,,,,,,0.3012,5.058,15.627,0.1686,cuda,0.9144,0.9531,0.744,0.4756,,,0.9844,0.9514,anatomical,0.575,infer,24.0,1.8,0.2,trained4,6.733,0.2244,0.14,0.0,0.2278,ma_zerophase,5.0,,0.0122,4.5975
evaluate_epoch_e500.csv,MSEOnly_1.3_e500_phys0.3,deploy,1850,2026-09-30 17:14:11,persistent,tfm_declip_cov_MSEOnly_1.3_e500_anat,1.0,0.3,2500,306,0.197823,1.3e-05,23.78,99.87,9.09,0.82,3.23,0.72,100.0,0.9,0.47,1.24,0.93,0.88,0.5042,0.4101,0.0,8.92,0.0,23.65,100.0,100.0,,,,,,,0.299,11.533,23.86,0.3844,cuda,0.9255,0.9614,0.66,0.4756,,,0.9874,0.9587,anatomical,0.575,infer,24.0,1.8,0.2,trained4,6.813,0.2271,0.31,0.0,0.1263,ma_zerophase,5.0,,0.0124,4.5774
evaluate_epoch_e500.csv,MSEOnly_1.3_e500_phys0.3,deploy,1900,2026-09-30 17:16:50,persistent,tfm_declip_cov_MSEOnly_1.3_e500_anat,1.0,0.3,2500,306,0.197823,2.3e-05,23.78,99.67,9.09,1.29,3.23,0.46,99.9,0.88,0.47,1.22,0.93,0.86,0.5042,0.4086,0.0,8.92,0.0,23.65,100.0,100.0,,,,,,,0.2972,4.126,10.31,0.1375,cuda,0.927,0.9622,0.649,0.4756,,,0.9877,0.96,anatomical,0.575,infer,24.0,1.8,0.2,trained4,6.543,0.2181,0.19,0.0,0.0682,ma_zerophase,5.0,,0.0115,4.5728
evaluate_epoch_e500.csv,MSEOnly_1.3_e500_phys0.3,deploy,1950,2026-09-30 17:19:25,persistent,tfm_declip_cov_MSEOnly_1.3_e500_anat,1.0,0.3,2500,306,0.197823,2e-05,23.78,99.69,9.09,1.01,3.23,0.42,99.9,1.01,0.47,1.27,0.93,0.92,0.5042,0.412,0.0,8.92,0.0,23.65,100.0,100.0,,,,,,,0.3008,6.734,19.131,0.2245,cuda,0.9039,0.9497,0.789,0.4756,,,0.9841,0.9478,anatomical,0.575,infer,24.0,1.8,0.2,trained4,6.585,0.2195,0.28,0.0,0.2564,ma_zerophase,5.0,,0.0115,4.5914
evaluate_epoch_e500.csv,MSEOnly_1.3_e500_phys0.3,deploy,2000,2026-09-30 17:22:01,persistent,tfm_declip_cov_MSEOnly_1.3_e500_anat,1.0,0.3,2500,306,0.197823,5.2e-05,23.78,99.23,9.09,1.64,3.23,0.5,99.8,0.9,0.49,1.27,0.92,0.91,0.5042,0.4114,0.0,8.92,0.0,23.65,100.0,100.0,,,,,,,0.301,7.52,19.873,0.2507,cuda,0.9251,0.961,0.664,0.4756,,,0.9872,0.9584,anatomical,0.575,infer,24.0,1.8,0.2,trained4,6.254,0.2085,0.4,0.0,0.2706,ma_zerophase,5.0,,0.0113,4.5762
evaluate_epoch_e500.csv,MSEOnly_1.3_e500_phys0.3,deploy,2050,2026-09-30 17:24:23,persistent,tfm_declip_cov_MSEOnly_1.3_e500_anat,1.0,0.3,2500,306,0.197823,1e-06,23.78,99.59,9.09,0.33,3.23,0.12,100.0,0.82,0.47,1.19,0.93,0.83,0.5042,0.4068,0.0,8.92,0.0,23.65,100.0,100.0,,,,,,,0.2953,6.674,19.718,0.2225,cuda,0.9372,0.9672,0.585,0.4756,,,0.9891,0.9648,anatomical,0.575,infer,24.0,1.8,0.2,trained4,5.966,0.1989,0.07,0.0,0.065,ma_zerophase,5.0,,0.0116,4.5685
evaluate_epoch_e500.csv,MSEOnly_1.3_e500_phys0.3,deploy,2100,2026-09-30 17:26:55,persistent,tfm_declip_cov_MSEOnly_1.3_e500_anat,1.0,0.3,2500,306,0.197823,3e-05,23.78,99.29,9.09,1.02,3.23,0.51,99.9,0.88,0.45,1.24,0.9,0.88,0.5042,0.4065,0.0,8.92,0.0,23.65,100.0,100.0,,,,,,,0.2952,7.469,22.963,0.249,cuda,0.9278,0.9634,0.642,0.4756,,,0.9878,0.9603,anatomical,0.575,infer,24.0,1.8,0.2,trained4,6.959,0.232,0.31,0.0,0.1983,ma_zerophase,5.0,,0.0123,4.5982
evaluate_epoch_e500.csv,MSEOnly_1.3_e500_phys0.3,deploy,2150,2026-09-30 17:29:33,persistent,tfm_declip_cov_MSEOnly_1.3_e500_anat,1.0,0.3,2500,306,0.197823,2.2e-05,23.78,99.26,9.09,1.03,3.23,0.35,99.9,0.9,0.52,1.21,0.94,0.86,0.5042,0.4054,0.0,8.92,0.0,23.65,100.0,100.0,,,,,,,0.2948,4.289,9.839,0.143,cuda,0.921,0.9572,0.685,0.4756,,,0.9862,0.9561,anatomical,0.575,infer,24.0,1.8,0.2,trained4,6.815,0.2272,0.26,0.0,0.2679,ma_zerophase,5.0,,0.0129,4.644
evaluate_epoch_e500.csv,MSEOnly_1.3_e500_phys0.3,deploy,2200,2026-09-30 17:32:09,persistent,tfm_declip_cov_MSEOnly_1.3_e500_anat,1.0,0.3,2500,306,0.197823,9e-06,23.78,99.35,9.09,0.84,3.23,0.26,99.9,0.82,0.48,1.17,0.93,0.82,0.5042,0.4045,0.0,8.92,0.0,23.65,100.0,100.0,,,,,,,0.2933,5.361,14.766,0.1787,cuda,0.9358,0.967,0.592,0.4756,,,0.9892,0.9647,anatomical,0.575,infer,24.0,1.8,0.2,trained4,6.313,0.2104,0.29,0.0,0.3549,ma_zerophase,5.0,,0.0117,4.5707
evaluate_epoch_e500.csv,MSEOnly_1.3_e500_phys0.3,deploy,2250,2026-09-30 17:34:51,persistent,tfm_declip_cov_MSEOnly_1.3_e500_anat,1.0,0.3,2500,306,0.197823,2.5e-05,23.78,99.6,9.09,0.97,3.23,0.47,99.9,0.93,0.47,1.24,0.92,0.89,0.5042,0.408,0.0,8.92,0.0,23.65,100.0,100.0,,,,,,,0.2974,10.756,25.613,0.3585,cuda,0.9165,0.9564,0.709,0.4756,,,0.9865,0.9559,anatomical,0.575,infer,24.0,1.8,0.2,trained4,6.671,0.2224,0.27,0.0,0.2462,ma_zerophase,5.0,,0.012,4.6081
evaluate_epoch_e500.csv,MSEOnly_1.3_e500_phys0.3,deploy,2300,2026-09-30 17:37:27,persistent,tfm_declip_cov_MSEOnly_1.3_e500_anat,1.0,0.3,2500,306,0.197823,1.1e-05,23.78,99.62,9.09,0.94,3.23,0.39,99.9,0.85,0.49,1.19,0.93,0.85,0.5042,0.4086,0.0,8.92,0.0,23.65,100.0,100.0,,,,,,,0.2968,7.379,24.345,0.246,cuda,0.9309,0.9644,0.623,0.4756,,,0.9881,0.9616,anatomical,0.575,infer,24.0,1.8,0.2,trained4,6.516,0.2172,0.29,0.0,0.3706,ma_zerophase,5.0,,0.0118,4.5761
evaluate_epoch_e500.csv,MSEOnly_1.3_e500_phys0.3,deploy,2350,2026-09-30 17:40:06,persistent,tfm_declip_cov_MSEOnly_1.3_e500_anat,1.0,0.3,2500,306,0.197823,1.5e-05,23.78,99.47,9.09,0.89,3.23,0.35,99.9,0.79,0.47,1.15,0.92,0.81,0.5042,0.4079,0.0,8.92,0.0,23.65,100.0,100.0,,,,,,,0.2955,7.723,28.63,0.2574,cuda,0.9404,0.9691,0.561,0.4756,,,0.9898,0.967,anatomical,0.575,infer,24.0,1.8,0.2,trained4,6.713,0.2238,0.31,0.0,0.3471,ma_zerophase,5.0,,0.0114,4.578
evaluate_epoch_e500.csv,MSEOnly_1.3_e500_phys0.3,deploy,2400,2026-09-30 17:42:47,persistent,tfm_declip_cov_MSEOnly_1.3_e500_anat,1.0,0.3,2500,306,0.197823,3.4e-05,23.78,99.38,9.09,1.5,3.23,0.5,99.9,0.92,0.48,1.24,0.92,0.9,0.5042,0.4068,0.0,8.92,0.0,23.65,100.0,100.0,,,,,,,0.2957,7.842,25.099,0.2614,cuda,0.9239,0.9611,0.702,0.4756,,,0.9854,0.9524,anatomical,0.575,infer,24.0,1.8,0.2,trained4,6.733,0.2244,0.22,0.0,0.3182,ma_zerophase,5.0,,0.0115,4.6098
evaluate_epoch_e500.csv,MSEOnly_1.3_e500_phys0.3,deploy,2450,2026-09-30 17:45:29,persistent,tfm_declip_cov_MSEOnly_1.3_e500_anat,1.0,0.3,2500,306,0.197823,3e-06,23.78,99.8,9.09,0.55,3.23,0.23,100.0,0.82,0.49,1.17,0.94,0.82,0.5042,0.4048,0.0,8.92,0.0,23.65,100.0,100.0,,,,,,,0.2931,7.983,32.228,0.2661,cuda,0.9359,0.9663,0.594,0.4756,,,0.9887,0.9641,anatomical,0.575,infer,24.0,1.8,0.2,trained4,6.753,0.2251,0.27,0.0,0.0605,ma_zerophase,5.0,,0.0116,4.6163
evaluate_epoch_e500.csv,MSEOnly_1.3_e500_phys0.3,deploy,2500,2026-09-30 17:48:09,persistent,tfm_declip_cov_MSEOnly_1.3_e500_anat,1.0,0.3,2500,306,0.197823,2.7e-05,23.78,99.35,9.09,1.13,3.23,0.47,99.9,0.92,0.47,1.25,0.92,0.9,0.5042,0.4072,0.0,8.92,0.0,23.65,100.0,100.0,,,,,,,0.2955,5.015,14.945,0.1672,cuda,0.9265,0.9626,0.691,0.4756,,,0.9866,0.9559,anatomical,0.575,infer,24.0,1.8,0.2,trained4,6.689,0.223,0.31,0.0,0.3662,ma_zerophase,5.0,,0.0115,4.6037
evaluate_epoch_e500.csv,MSEOnly_1.3_e500_phys0.3,deploy,2550,2026-09-30 21:41:07,persistent,tfm_declip_cov_MSEOnly_1.3_e500_anat,1.0,0.3,3000,306,0.197823,4e-06,23.78,99.68,9.09,0.68,3.23,0.22,100.0,0.78,0.49,1.15,0.94,0.81,0.5042,0.4035,0.0,8.92,0.0,23.65,100.0,100.0,,,,,,,0.2916,6.686,12.654,0.2229,cuda,0.9401,0.9689,0.561,0.4756,,,0.9897,0.9666,anatomical,0.575,infer,24.0,1.8,0.2,trained4,6.421,0.214,0.31,0.0,0.3738,ma_zerophase,5.0,,0.0111,4.585
evaluate_epoch_e500.csv,MSEOnly_1.3_e500_phys0.3,deploy,2600,2026-09-30 21:43:39,persistent,tfm_declip_cov_MSEOnly_1.3_e500_anat,1.0,0.3,3000,306,0.197823,5.8e-05,23.78,99.4,9.09,1.53,3.23,0.7,99.8,0.81,0.47,1.17,0.94,0.83,0.5042,0.4055,0.0,8.92,0.0,23.65,100.0,100.0,,,,,,,0.294,6.596,13.571,0.2199,cuda,0.9398,0.9692,0.577,0.4756,,,0.9895,0.9658,anatomical,0.575,infer,24.0,1.8,0.2,trained4,6.436,0.2145,0.31,0.0,0.2567,ma_zerophase,5.0,,0.0112,4.5896
evaluate_epoch_e500.csv,MSEOnly_1.3_e500_phys0.3,deploy,2650,2026-09-30 21:46:12,persistent,tfm_declip_cov_MSEOnly_1.3_e500_anat,1.0,0.3,3000,306,0.197823,1.2e-05,23.78,99.77,9.09,0.7,3.23,0.47,100.0,0.95,0.49,1.24,0.95,0.91,0.5042,0.4051,0.0,8.92,0.0,23.65,100.0,100.0,,,,,,,0.2941,7.144,25.274,0.2381,cuda,0.9186,0.9569,0.732,0.4756,,,0.9852,0.9523,anatomical,0.575,infer,24.0,1.8,0.2,trained4,6.432,0.2144,0.24,0.0,0.1292,ma_zerophase,5.0,,0.0112,4.6142
evaluate_epoch_e500.csv,MSEOnly_1.3_e500_phys0.3,deploy,2700,2026-09-30 21:48:49,persistent,tfm_declip_cov_MSEOnly_1.3_e500_anat,1.0,0.3,3000,306,0.197823,1.6e-05,23.78,99.72,9.09,0.82,3.23,0.56,99.9,0.8,0.46,1.15,0.93,0.81,0.5042,0.4054,0.0,8.92,0.0,23.65,100.0,100.0,,,,,,,0.2932,7.459,21.319,0.2486,cuda,0.9378,0.968,0.578,0.4756,,,0.9895,0.966,anatomical,0.575,infer,24.0,1.8,0.2,trained4,6.688,0.2229,0.23,0.0,0.2629,ma_zerophase,5.0,,0.0115,4.6024
evaluate_epoch_e500.csv,MSEOnly_1.3_e500_phys0.3,deploy,2750,2026-09-30 21:51:31,persistent,tfm_declip_cov_MSEOnly_1.3_e500_anat,1.0,0.3,3000,306,0.197823,2.4e-05,23.78,99.02,9.09,1.28,3.23,0.42,99.8,1.0,0.52,1.35,0.93,0.99,0.5042,0.4064,0.0,8.92,0.0,23.65,100.0,100.0,,,,,,,0.2952,7.736,25.894,0.2579,cuda,0.9056,0.9499,0.781,0.4756,,,0.9835,0.9485,anatomical,0.575,infer,24.0,1.8,0.2,trained4,6.702,0.2234,0.15,0.0,0.0597,ma_zerophase,5.0,,0.0122,4.6104
evaluate_epoch_e500.csv,MSEOnly_1.3_e500_phys0.3,deploy,2800,2026-09-30 21:54:12,persistent,tfm_declip_cov_MSEOnly_1.3_e500_anat,1.0,0.3,3000,306,0.197823,1.8e-05,23.78,99.54,9.09,1.13,3.23,0.48,99.9,0.8,0.47,1.16,0.94,0.83,0.5042,0.4065,0.0,8.92,0.0,23.65,100.0,100.0,,,,,,,0.2949,6.662,21.443,0.2221,cuda,0.9392,0.9685,0.578,0.4756,,,0.9893,0.9654,anatomical,0.575,infer,24.0,1.8,0.2,trained4,6.738,0.2246,0.31,0.0,0.3255,ma_zerophase,5.0,,0.0115,4.5973
evaluate_epoch_e500.csv,MSEOnly_1.3_e500_phys0.3,deploy,2850,2026-09-30 21:56:52,persistent,tfm_declip_cov_MSEOnly_1.3_e500_anat,1.0,0.3,3000,306,0.197823,1.9e-05,23.78,99.62,9.09,1.1,3.23,0.43,99.9,0.8,0.44,1.15,0.94,0.81,0.5042,0.406,0.0,8.92,0.0,23.65,100.0,100.0,,,,,,,0.2936,6.586,12.372,0.2195,cuda,0.9383,0.968,0.574,0.4756,,,0.9895,0.9662,anatomical,0.575,infer,24.0,1.8,0.2,trained4,6.709,0.2236,0.16,0.0,0.0504,ma_zerophase,5.0,,0.0113,4.6094
evaluate_epoch_e500.csv,MSEOnly_1.3_e500_phys0.3,deploy,2900,2026-09-30 21:59:26,persistent,tfm_declip_cov_MSEOnly_1.3_e500_anat,1.0,0.3,3000,306,0.197823,1e-05,23.78,99.75,9.09,0.78,3.23,0.44,100.0,0.79,0.46,1.14,0.92,0.81,0.5042,0.4045,0.0,8.92,0.0,23.65,100.0,100.0,,,,,,,0.2925,6.868,19.145,0.2289,cuda,0.9363,0.9672,0.578,0.4756,,,0.9894,0.9655,anatomical,0.575,infer,24.0,1.8,0.2,trained4,6.156,0.2052,0.26,0.0,0.3349,ma_zerophase,5.0,,0.0109,4.5897
evaluate_epoch_e500.csv,MSEOnly_1.3_e500_phys0.3,deploy,2950,2026-09-30 22:01:58,persistent,tfm_declip_cov_MSEOnly_1.3_e500_anat,1.0,0.3,3000,306,0.197823,1.1e-05,23.78,99.76,9.09,0.81,3.23,0.46,100.0,0.78,0.48,1.14,0.93,0.8,0.5042,0.4045,0.0,8.92,0.0,23.65,100.0,100.0,,,,,,,0.2924,6.874,19.279,0.2291,cuda,0.9394,0.9681,0.563,0.4756,,,0.9895,0.9663,anatomical,0.575,infer,24.0,1.8,0.2,trained4,6.406,0.2135,0.29,0.0,0.1495,ma_zerophase,5.0,,0.0112,4.5938
evaluate_epoch_e500.csv,MSEOnly_1.3_e500_phys0.3,deploy,3000,2026-09-30 22:04:31,persistent,tfm_declip_cov_MSEOnly_1.3_e500_anat,1.0,0.3,3000,306,0.197823,1.6e-05,23.78,99.53,9.09,1.07,3.23,0.35,99.9,0.75,0.47,1.13,0.94,0.79,0.5042,0.4048,0.0,8.92,0.0,23.65,100.0,100.0,,,,,,,0.2926,5.863,15.197,0.1954,cuda,0.9437,0.9706,0.536,0.4756,,,0.9901,0.9685,anatomical,0.575,infer,24.0,1.8,0.2,trained4,6.362,0.2121,0.14,0.0,0.0925,ma_zerophase,5.0,,0.011,4.6
evaluate_epoch_e500_modelonly.csv,MSEOnly_1.3_e500_phys0.3,modelonly,20,2026-09-15 17:21:05,legacy80,tfm_declip_cov_MSEOnly_1.3_e500_anat,1.0,0.3,500,306,0.065638,0.195885,75.56,61.39,8.9,9.13,2.98,4.2,-122.4,4.87,0.74,5.34,0.8,2.63,0.4466,1.2433,0.0,8.87,8.94,83.15,62.24,-219.0,,,,,,,1.0838,3.153,5.06,0.1051,cuda,0.756,0.8262,2.065,0.4756,,,0.9097,0.7771,anatomical,0.575,off,,,,,,,,,,off,,,,7.8455
evaluate_epoch_e500_modelonly.csv,MSEOnly_1.3_e500_phys0.3,modelonly,40,2026-09-15 17:22:26,legacy80,tfm_declip_cov_MSEOnly_1.3_e500_anat,1.0,0.3,500,306,0.065638,0.014561,75.56,88.46,8.9,8.71,2.98,1.7,73.2,3.88,0.93,4.07,0.76,2.35,0.4466,1.1263,0.0,8.87,8.92,83.15,97.09,84.5,,,,,,,0.9545,3.132,5.013,0.1044,cuda,0.7329,0.8065,2.221,0.4756,,,0.916,0.7712,anatomical,0.575,off,,,,,,,,,,off,,,,9.833
evaluate_epoch_e500_modelonly.csv,MSEOnly_1.3_e500_phys0.3,modelonly,50,2026-09-19 20:37:18,legacy80,tfm_declip_cov_MSEOnly_1.3_e500_anat,1.0,0.3,1500,306,0.065638,0.008395,75.56,97.39,8.9,8.53,2.98,2.81,89.9,2.99,1.05,3.5,0.94,1.85,0.4466,0.9779,0.0,8.87,8.77,83.15,98.07,88.6,,,,,,,0.7872,6.761,18.751,0.2254,cuda,0.8398,0.9009,1.383,0.4756,,,0.9569,0.87,anatomical,0.575,off,,,,,,,,,,off,,,,7.709
evaluate_epoch_e500_modelonly.csv,MSEOnly_1.3_e500_phys0.3,modelonly,60,2026-09-15 17:23:49,legacy80,tfm_declip_cov_MSEOnly_1.3_e500_anat,1.0,0.3,500,306,0.065638,0.010753,75.56,97.51,8.9,8.65,2.98,3.46,88.2,3.8,1.32,4.2,0.93,2.63,0.4466,0.9643,0.0,8.87,8.91,83.15,97.94,85.8,,,,,,,0.7684,3.132,4.851,0.1044,cuda,0.7075,0.7745,2.443,0.4756,,,0.8935,0.7429,anatomical,0.575,off,,,,,,,,,,off,,,,15.1734
evaluate_epoch_e500_modelonly.csv,MSEOnly_1.3_e500_phys0.3,modelonly,80,2026-09-15 17:25:10,legacy80,tfm_declip_cov_MSEOnly_1.3_e500_anat,1.0,0.3,500,306,0.065638,0.007572,75.56,96.3,8.9,8.57,2.98,2.31,88.3,4.56,0.98,4.3,0.99,2.72,0.4466,0.9627,0.0,8.87,8.93,83.15,97.9,89.4,,,,,,,0.7584,2.873,4.32,0.0958,cuda,0.6712,0.7084,3.342,0.4756,,,0.8442,0.6725,anatomical,0.575,off,,,,,,,,,,off,,,,22.7153
evaluate_epoch_e500_modelonly.csv,MSEOnly_1.3_e500_phys0.3,modelonly,100,2026-09-15 17:26:31,legacy80,tfm_declip_cov_MSEOnly_1.3_e500_anat,1.0,0.3,500,306,0.065638,0.002147,75.56,98.56,8.9,6.38,2.98,2.33,95.4,4.34,1.62,4.07,1.1,2.58,0.4466,0.845,0.0,8.87,5.6,83.15,99.43,98.5,,,,,,,0.6465,3.415,5.453,0.1138,cuda,0.6727,0.7143,3.241,0.4756,,,0.8471,0.6689,anatomical,0.575,off,,,,,,,,,,off,,,,13.0843
evaluate_epoch_e500_modelonly.csv,MSEOnly_1.3_e500_phys0.3,modelonly,120,2026-09-15 17:27:50,legacy80,tfm_declip_cov_MSEOnly_1.3_e500_anat,1.0,0.3,500,306,0.065638,0.005345,75.56,95.13,8.9,6.74,2.98,1.84,87.7,5.26,1.4,4.75,1.04,3.16,0.4466,1.2044,0.0,8.87,7.0,83.15,98.17,93.4,,,,,,,1.0378,3.035,5.876,0.1012,cuda,0.6273,0.6676,4.085,0.4756,,,0.816,0.6247,anatomical,0.575,off,,,,,,,,,,off,,,,34.3066
evaluate_epoch_e500_modelonly.csv,MSEOnly_1.3_e500_phys0.3,modelonly,140,2026-09-15 17:29:11,legacy80,tfm_declip_cov_MSEOnly_1.3_e500_anat,1.0,0.3,500,306,0.065638,0.002253,75.56,97.65,8.9,6.0,2.98,1.84,94.0,5.03,1.33,3.98,1.03,2.41,0.4466,1.2331,0.0,8.87,5.46,83.15,99.3,98.4,,,,,,,1.0522,3.019,4.648,0.1006,cuda,0.6303,0.6775,3.794,0.4756,,,0.8223,0.6299,anatomical,0.575,off,,,,,,,,,,off,,,,42.5926
evaluate_epoch_e500_modelonly.csv,MSEOnly_1.3_e500_phys0.3,modelonly,150,2026-09-19 20:38:24,legacy80,tfm_declip_cov_MSEOnly_1.3_e500_anat,1.0,0.3,1500,306,0.065638,0.008075,75.56,93.88,8.9,7.69,2.98,2.12,82.2,4.98,1.46,3.84,1.1,2.28,0.4466,1.365,0.0,8.87,7.94,83.15,98.03,91.9,,,,,,,1.1851,6.994,23.837,0.2331,cuda,0.6467,0.6907,3.777,0.4756,,,0.8316,0.6482,anatomical,0.575,off,,,,,,,,,,off,,,,42.6582
evaluate_epoch_e500_modelonly.csv,MSEOnly_1.3_e500_phys0.3,modelonly,160,2026-09-15 17:30:32,legacy80,tfm_declip_cov_MSEOnly_1.3_e500_anat,1.0,0.3,500,306,0.065638,0.003985,75.56,95.04,8.9,6.6,2.98,1.61,89.0,5.65,1.35,4.8,1.02,3.26,0.4466,1.2714,0.0,8.87,6.86,83.15,99.07,97.0,,,,,,,1.1084,3.056,4.619,0.1019,cuda,0.6081,0.6364,4.456,0.4756,,,0.7738,0.5883,anatomical,0.575,off,,,,,,,,,,off,,,,35.9037
evaluate_epoch_e500_modelonly.csv,MSEOnly_1.3_e500_phys0.3,modelonly,180,2026-09-15 17:31:54,legacy80,tfm_declip_cov_MSEOnly_1.3_e500_anat,1.0,0.3,500,306,0.065638,0.001531,75.56,98.17,8.9,5.94,2.98,1.74,95.6,4.04,1.39,3.37,1.1,1.81,0.4466,1.5836,0.0,8.87,4.74,83.15,99.58,98.6,,,,,,,1.4237,3.193,4.903,0.1064,cuda,0.7291,0.7901,2.768,0.4756,,,0.8904,0.7563,anatomical,0.575,off,,,,,,,,,,off,,,,41.6016
evaluate_epoch_e500_modelonly.csv,MSEOnly_1.3_e500_phys0.3,modelonly,200,2026-09-15 17:33:17,legacy80,tfm_declip_cov_MSEOnly_1.3_e500_anat,1.0,0.3,500,306,0.065638,0.001667,75.56,97.72,8.9,6.19,2.98,1.54,95.2,4.03,1.31,3.33,1.1,1.84,0.4466,1.4997,0.0,8.87,4.67,83.15,99.4,98.6,,,,,,,1.3416,3.111,4.78,0.1037,cuda,0.7146,0.7714,2.87,0.4756,,,0.8852,0.7428,anatomical,0.575,off,,,,,,,,,,off,,,,37.3072
evaluate_epoch_e500_modelonly.csv,MSEOnly_1.3_e500_phys0.3,modelonly,220,2026-09-15 17:34:40,legacy80,tfm_declip_cov_MSEOnly_1.3_e500_anat,1.0,0.3,500,306,0.065638,0.001397,75.56,97.29,8.9,6.06,2.98,1.42,94.7,3.8,1.24,3.13,1.11,1.58,0.4466,1.4758,0.0,8.87,4.87,83.15,99.8,99.5,,,,,,,1.3119,3.065,4.764,0.1022,cuda,0.7364,0.7982,2.524,0.4756,,,0.9009,0.7739,anatomical,0.575,off,,,,,,,,,,off,,,,32.345
evaluate_epoch_e500_modelonly.csv,MSEOnly_1.3_e500_phys0.3,modelonly,240,2026-09-15 17:36:00,legacy80,tfm_declip_cov_MSEOnly_1.3_e500_anat,1.0,0.3,500,306,0.065638,0.001046,75.56,97.56,8.9,5.19,2.98,1.4,95.3,3.71,1.33,3.09,1.09,1.63,0.4466,1.3796,0.0,8.87,1.92,83.15,99.87,99.8,,,,,,,1.2137,3.015,4.545,0.1005,cuda,0.7275,0.7975,2.53,0.4756,,,0.8957,0.7645,anatomical,0.575,off,,,,,,,,,,off,,,,33.7259
evaluate_epoch_e500_modelonly.csv,MSEOnly_1.3_e500_phys0.3,modelonly,250,2026-09-19 20:39:30,legacy80,tfm_declip_cov_MSEOnly_1.3_e500_anat,1.0,0.3,1500,306,0.065638,0.001986,75.56,96.59,8.9,6.28,2.98,1.57,92.7,3.47,1.35,2.94,1.13,1.47,0.4466,1.3656,0.0,8.87,4.08,83.15,99.47,99.1,,,,,,,1.1986,7.233,23.648,0.2411,cuda,0.7723,0.838,2.18,0.4756,,,0.9176,0.8095,anatomical,0.575,off,,,,,,,,,,off,,,,28.0732
evaluate_epoch_e500_modelonly.csv,MSEOnly_1.3_e500_phys0.3,modelonly,260,2026-09-15 17:37:17,legacy80,tfm_declip_cov_MSEOnly_1.3_e500_anat,1.0,0.3,500,306,0.065638,0.000454,75.56,98.64,8.9,3.95,2.98,1.28,97.6,3.31,1.4,2.8,1.15,1.35,0.4466,1.3225,0.0,8.87,2.12,83.15,99.88,99.9,,,,,,,1.1555,3.12,4.678,0.104,cuda,0.7987,0.8569,2.038,0.4756,,,0.9248,0.8297,anatomical,0.575,off,,,,,,,,,,off,,,,30.7642
evaluate_epoch_e500_modelonly.csv,MSEOnly_1.3_e500_phys0.3,modelonly,280,2026-09-15 17:38:39,legacy80,tfm_declip_cov_MSEOnly_1.3_e500_anat,1.0,0.3,500,306,0.065638,0.000957,75.56,97.65,8.9,5.67,2.98,1.32,95.7,3.73,1.13,2.89,1.07,1.42,0.4466,1.3786,0.0,8.87,1.55,83.15,99.84,99.8,,,,,,,1.2162,3.037,4.618,0.1012,cuda,0.7379,0.7991,2.476,0.4756,,,0.9028,0.7735,anatomical,0.575,off,,,,,,,,,,off,,,,28.9224
evaluate_epoch_e500_modelonly.csv,MSEOnly_1.3_e500_phys0.3,modelonly,300,2026-09-15 17:40:02,legacy80,tfm_declip_cov_MSEOnly_1.3_e500_anat,1.0,0.3,500,306,0.065638,0.000538,75.56,98.54,8.9,5.81,2.98,1.25,97.5,3.51,1.31,2.91,1.09,1.47,0.4466,1.4026,0.0,8.87,1.16,83.15,99.98,100.0,,,,,,,1.2415,3.263,4.848,0.1088,cuda,0.7658,0.8313,2.256,0.4756,,,0.9147,0.8001,anatomical,0.575,off,,,,,,,,,,off,,,,29.9007
evaluate_epoch_e500_modelonly.csv,MSEOnly_1.3_e500_phys0.3,modelonly,320,2026-09-15 17:41:24,legacy80,tfm_declip_cov_MSEOnly_1.3_e500_anat,1.0,0.3,500,306,0.065638,0.002218,75.56,96.24,8.9,5.76,2.98,1.57,91.9,3.0,1.23,2.59,1.11,1.16,0.4466,1.2169,0.0,8.87,3.58,83.15,99.5,99.0,,,,,,,1.0432,3.126,4.641,0.1042,cuda,0.8167,0.8794,1.714,0.4756,,,0.9411,0.8581,anatomical,0.575,off,,,,,,,,,,off,,,,23.2486
evaluate_epoch_e500_modelonly.csv,MSEOnly_1.3_e500_phys0.3,modelonly,340,2026-09-15 17:42:46,legacy80,tfm_declip_cov_MSEOnly_1.3_e500_anat,1.0,0.3,500,306,0.065638,0.000662,75.56,98.54,8.9,5.81,2.98,1.39,97.2,3.24,1.28,2.64,1.14,1.22,0.4466,1.3257,0.0,8.87,0.62,83.15,99.91,99.9,,,,,,,1.1568,3.049,4.597,0.1016,cuda,0.798,0.8634,1.93,0.4756,,,0.9317,0.8389,anatomical,0.575,off,,,,,,,,,,off,,,,27.7607
evaluate_epoch_e500_modelonly.csv,MSEOnly_1.3_e500_phys0.3,modelonly,350,2026-09-19 20:40:36,legacy80,tfm_declip_cov_MSEOnly_1.3_e500_anat,1.0,0.3,1500,306,0.065638,0.001485,75.56,97.65,8.9,6.11,2.98,1.57,94.9,2.95,1.24,2.56,1.13,1.14,0.4466,1.2197,0.0,8.87,2.82,83.15,99.5,99.1,,,,,,,1.0478,8.904,21.122,0.2968,cuda,0.8391,0.8882,1.64,0.4756,,,0.9425,0.8662,anatomical,0.575,off,,,,,,,,,,off,,,,24.7709
evaluate_epoch_e500_modelonly.csv,MSEOnly_1.3_e500_phys0.3,modelonly,360,2026-09-15 17:44:04,legacy80,tfm_declip_cov_MSEOnly_1.3_e500_anat,1.0,0.3,500,306,0.065638,0.001338,75.56,97.39,8.9,5.93,2.98,1.48,94.7,2.97,1.19,2.57,1.1,1.13,0.4466,1.2342,0.0,8.87,3.31,83.15,99.64,99.4,,,,,,,1.061,2.845,4.308,0.0948,cuda,0.8257,0.8809,1.719,0.4756,,,0.9418,0.8652,anatomical,0.575,off,,,,,,,,,,off,,,,25.5451
evaluate_epoch_e500_modelonly.csv,MSEOnly_1.3_e500_phys0.3,modelonly,380,2026-09-15 17:45:26,legacy80,tfm_declip_cov_MSEOnly_1.3_e500_anat,1.0,0.3,500,306,0.065638,0.001786,75.56,96.56,8.9,6.28,2.98,1.45,93.1,2.9,1.24,2.46,1.1,1.03,0.4466,1.1768,0.0,8.87,2.78,83.15,99.62,99.4,,,,,,,0.9953,3.206,4.979,0.1069,cuda,0.8502,0.8993,1.571,0.4756,,,0.9468,0.878,anatomical,0.575,off,,,,,,,,,,off,,,,24.5675
evaluate_epoch_e500_modelonly.csv,MSEOnly_1.3_e500_phys0.3,modelonly,400,2026-09-15 17:46:50,legacy80,tfm_declip_cov_MSEOnly_1.3_e500_anat,1.0,0.3,500,306,0.065638,0.00157,75.56,96.23,8.9,6.19,2.98,1.39,92.8,3.45,1.13,2.83,1.04,1.41,0.4466,1.2479,0.0,8.87,1.73,83.15,99.79,99.8,,,,,,,1.0747,3.012,4.272,0.1004,cuda,0.7691,0.8381,2.147,0.4756,,,0.9124,0.7924,anatomical,0.575,off,,,,,,,,,,off,,,,25.8714
evaluate_epoch_e500_modelonly.csv,MSEOnly_1.3_e500_phys0.3,modelonly,420,2026-09-15 17:48:10,legacy80,tfm_declip_cov_MSEOnly_1.3_e500_anat,1.0,0.3,500,306,0.065638,0.000563,75.56,98.21,8.9,5.12,2.98,1.24,97.0,2.95,1.21,2.48,1.09,1.09,0.4466,1.2073,0.0,8.87,0.94,83.15,99.93,99.9,,,,,,,1.0329,3.044,4.663,0.1015,cuda,0.8282,0.887,1.685,0.4756,,,0.943,0.8657,anatomical,0.575,off,,,,,,,,,,off,,,,24.757
evaluate_epoch_e500_modelonly.csv,MSEOnly_1.3_e500_phys0.3,modelonly,440,2026-09-15 17:49:30,legacy80,tfm_declip_cov_MSEOnly_1.3_e500_anat,1.0,0.3,500,306,0.065638,0.000651,75.56,98.2,8.9,5.73,2.98,1.31,96.8,3.01,1.18,2.59,1.07,1.18,0.4466,1.193,0.0,8.87,0.79,83.15,99.89,99.9,,,,,,,1.0145,3.41,6.569,0.1137,cuda,0.8219,0.8824,1.731,0.4756,,,0.9395,0.8562,anatomical,0.575,off,,,,,,,,,,off,,,,25.0072
evaluate_epoch_e500_modelonly.csv,MSEOnly_1.3_e500_phys0.3,modelonly,450,2026-09-19 20:41:44,legacy80,tfm_declip_cov_MSEOnly_1.3_e500_anat,1.0,0.3,1500,306,0.065638,0.001375,75.56,98.03,8.9,5.88,2.98,1.69,95.4,2.82,1.24,2.41,1.08,1.0,0.4466,1.1555,0.0,8.87,1.93,83.15,99.63,99.4,,,,,,,0.9713,8.691,21.958,0.2897,cuda,0.8548,0.9039,1.492,0.4756,,,0.9511,0.887,anatomical,0.575,off,,,,,,,,,,off,,,,23.4062
evaluate_epoch_e500_modelonly.csv,MSEOnly_1.3_e500_phys0.3,modelonly,460,2026-09-15 17:50:53,legacy80,tfm_declip_cov_MSEOnly_1.3_e500_anat,1.0,0.3,500,306,0.065638,0.00122,75.56,98.14,8.9,5.78,2.98,1.61,95.9,2.92,1.18,2.5,1.05,1.06,0.4466,1.1759,0.0,8.87,1.84,83.15,99.71,99.6,,,,,,,0.9936,3.111,4.597,0.1037,cuda,0.8338,0.8927,1.611,0.4756,,,0.9469,0.8731,anatomical,0.575,off,,,,,,,,,,off,,,,23.3974
evaluate_epoch_e500_modelonly.csv,MSEOnly_1.3_e500_phys0.3,modelonly,480,2026-09-15 17:52:14,legacy80,tfm_declip_cov_MSEOnly_1.3_e500_anat,1.0,0.3,500,306,0.065638,0.00177,75.56,96.86,8.9,6.3,2.98,1.55,93.3,2.86,1.15,2.47,1.04,1.03,0.4466,1.1827,0.0,8.87,2.62,83.15,99.6,99.3,,,,,,,1.0007,3.225,5.101,0.1075,cuda,0.839,0.8955,1.576,0.4756,,,0.9467,0.8742,anatomical,0.575,off,,,,,,,,,,off,,,,24.0727
evaluate_epoch_e500_modelonly.csv,MSEOnly_1.3_e500_phys0.3,modelonly,500,2026-09-15 17:53:36,legacy80,tfm_declip_cov_MSEOnly_1.3_e500_anat,1.0,0.3,500,306,0.065638,0.001642,75.56,96.88,8.9,6.38,2.98,1.36,94.2,2.89,1.17,2.42,1.07,1.0,0.4466,1.2285,0.0,8.87,2.62,83.15,99.62,99.3,,,,,,,1.0501,3.176,4.486,0.1059,cuda,0.835,0.8935,1.591,0.4756,,,0.9479,0.8757,anatomical,0.575,off,,,,,,,,,,off,,,,22.9569
evaluate_epoch_e500_modelonly.csv,MSEOnly_1.3_e500_phys0.3,modelonly,550,2026-09-19 20:42:51,legacy80,tfm_declip_cov_MSEOnly_1.3_e500_anat,1.0,0.3,1500,306,0.065638,0.001956,75.56,96.13,8.9,5.76,2.98,1.35,92.8,3.24,1.15,2.66,0.99,1.15,0.4466,1.252,0.0,8.87,3.17,83.15,99.59,99.5,,,,,,,1.0695,9.225,24.738,0.3075,cuda,0.8004,0.8695,1.827,0.4756,,,0.9358,0.8409,anatomical,0.575,off,,,,,,,,,,off,,,,22.6915
evaluate_epoch_e500_modelonly.csv,MSEOnly_1.3_e500_phys0.3,modelonly,600,2026-09-19 20:44:01,legacy80,tfm_declip_cov_MSEOnly_1.3_e500_anat,1.0,0.3,1500,306,0.065638,0.000568,75.56,98.81,8.9,5.41,2.98,1.42,97.7,2.96,1.18,2.52,1.04,1.16,0.4466,1.237,0.0,8.87,2.29,83.15,99.71,99.6,,,,,,,1.0599,5.531,18.197,0.1844,cuda,0.817,0.8779,1.748,0.4756,,,0.9412,0.8599,anatomical,0.575,off,,,,,,,,,,off,,,,24.0504
evaluate_epoch_e500_modelonly.csv,MSEOnly_1.3_e500_phys0.3,modelonly,650,2026-09-19 20:45:17,legacy80,tfm_declip_cov_MSEOnly_1.3_e500_anat,1.0,0.3,1500,306,0.065638,0.001457,75.56,97.98,8.9,6.95,2.98,1.42,96.1,2.99,1.14,2.54,1.04,1.19,0.4466,1.5357,0.0,8.87,5.14,83.15,99.17,97.7,,,,,,,1.3614,5.015,12.745,0.1672,cuda,0.7969,0.8565,1.793,0.4756,,,0.9408,0.8459,anatomical,0.575,off,,,,,,,,,,off,,,,28.4801
evaluate_epoch_e500_modelonly.csv,MSEOnly_1.3_e500_phys0.3,modelonly,700,2026-09-19 20:46:34,legacy80,tfm_declip_cov_MSEOnly_1.3_e500_anat,1.0,0.3,1500,306,0.065638,0.001193,75.56,97.12,8.9,6.27,2.98,1.18,95.3,2.52,1.17,2.26,1.08,0.81,0.4466,0.855,0.0,8.87,1.62,83.15,99.88,99.8,,,,,,,0.6424,6.003,18.255,0.2001,cuda,0.8658,0.9241,1.069,0.4756,,,0.9744,0.9159,anatomical,0.575,off,,,,,,,,,,off,,,,7.9575
evaluate_epoch_e500_modelonly.csv,MSEOnly_1.3_e500_phys0.3,modelonly,750,2026-09-19 20:47:52,legacy80,tfm_declip_cov_MSEOnly_1.3_e500_anat,1.0,0.3,1500,306,0.065638,0.000338,75.56,99.55,8.9,5.95,2.98,1.44,99.1,2.68,1.13,2.33,1.06,0.9,0.4466,0.9181,0.0,8.87,0.55,83.15,99.97,100.0,,,,,,,0.7139,4.279,8.533,0.1426,cuda,0.8244,0.8964,1.315,0.4756,,,0.9653,0.8876,anatomical,0.575,off,,,,,,,,,,off,,,,9.313
evaluate_epoch_e500_modelonly.csv,MSEOnly_1.3_e500_phys0.3,modelonly,800,2026-09-19 20:48:55,legacy80,tfm_declip_cov_MSEOnly_1.3_e500_anat,1.0,0.3,1500,306,0.065638,0.000319,75.56,99.12,8.9,5.15,2.98,1.21,98.5,2.43,1.06,2.3,1.08,0.87,0.4466,0.8034,0.0,8.87,0.97,83.15,99.96,99.9,,,,,,,0.5805,3.639,5.723,0.1213,cuda,0.8628,0.9263,1.091,0.4756,,,0.9722,0.9076,anatomical,0.575,off,,,,,,,,,,off,,,,7.5657
evaluate_epoch_e500_modelonly.csv,MSEOnly_1.3_e500_phys0.3,modelonly,850,2026-09-19 20:50:02,legacy80,tfm_declip_cov_MSEOnly_1.3_e500_anat,1.0,0.3,1500,306,0.065638,4e-05,75.56,99.77,8.9,3.45,2.98,0.73,99.8,2.34,1.21,2.15,1.09,0.82,0.4466,0.8057,0.0,8.87,0.66,83.15,99.96,100.0,,,,,,,0.5837,5.023,14.911,0.1674,cuda,0.881,0.9334,1.037,0.4756,,,0.9726,0.9111,anatomical,0.575,off,,,,,,,,,,off,,,,7.8908
evaluate_epoch_e500_modelonly.csv,MSEOnly_1.3_e500_phys0.3,modelonly,900,2026-09-19 20:51:10,legacy80,tfm_declip_cov_MSEOnly_1.3_e500_anat,1.0,0.3,1500,306,0.065638,4e-05,75.56,99.86,8.9,2.86,2.98,1.23,99.8,3.43,1.09,2.96,1.0,1.56,0.4466,0.868,0.0,8.87,0.0,83.15,100.0,100.0,,,,,,,0.6622,8.658,23.208,0.2886,cuda,0.7626,0.8338,2.122,0.4756,,,0.9087,0.7955,anatomical,0.575,off,,,,,,,,,,off,,,,8.0221
evaluate_epoch_e500_modelonly.csv,MSEOnly_1.3_e500_phys0.3,modelonly,950,2026-09-19 20:52:22,legacy80,tfm_declip_cov_MSEOnly_1.3_e500_anat,1.0,0.3,1500,306,0.065638,0.001416,75.56,94.72,8.9,6.21,2.98,0.91,93.4,2.41,1.14,2.3,1.1,0.83,0.4466,0.7421,0.0,8.87,3.01,83.15,99.68,99.3,,,,,,,0.5007,5.543,17.412,0.1848,cuda,0.8913,0.9467,0.903,0.4756,,,0.9798,0.9309,anatomical,0.575,off,,,,,,,,,,off,,,,7.1324
evaluate_epoch_e500_modelonly.csv,MSEOnly_1.3_e500_phys0.3,modelonly,1000,2026-09-19 20:53:36,legacy80,tfm_declip_cov_MSEOnly_1.3_e500_anat,1.0,0.3,1500,306,0.065638,0.000947,75.56,99.13,8.9,6.36,2.98,1.65,98.0,2.35,1.02,2.1,1.04,0.61,0.4466,0.7746,0.0,8.87,3.81,83.15,99.87,99.4,,,,,,,0.5343,3.812,8.339,0.1271,cuda,0.8878,0.9408,0.89,0.4756,,,0.9826,0.9399,anatomical,0.575,off,,,,,,,,,,off,,,,7.9749
evaluate_epoch_e500_modelonly.csv,MSEOnly_1.3_e500_phys0.3,modelonly,1050,2026-09-19 20:54:43,legacy80,tfm_declip_cov_MSEOnly_1.3_e500_anat,1.0,0.3,1500,306,0.065638,0.000616,75.56,99.35,8.9,5.17,2.98,1.6,98.6,2.1,1.11,1.94,1.08,0.48,0.4466,0.7061,0.0,8.87,3.9,83.15,99.91,99.5,,,,,,,0.4543,2.8,5.997,0.0933,cuda,0.9349,0.9699,0.622,0.4756,,,0.9911,0.9672,anatomical,0.575,off,,,,,,,,,,off,,,,7.423
evaluate_epoch_e500_modelonly.csv,MSEOnly_1.3_e500_phys0.3,modelonly,1100,2026-09-19 20:55:48,legacy80,tfm_declip_cov_MSEOnly_1.3_e500_anat,1.0,0.3,1500,306,0.065638,0.000316,75.56,99.08,8.9,5.05,2.98,1.25,98.4,1.96,1.19,1.83,1.17,0.47,0.4466,0.733,0.0,8.87,1.67,83.15,99.93,99.9,,,,,,,0.4843,4.274,13.124,0.1425,cuda,0.9361,0.97,0.617,0.4756,,,0.9909,0.9671,anatomical,0.575,off,,,,,,,,,,off,,,,7.9905
evaluate_epoch_e500_modelonly.csv,MSEOnly_1.3_e500_phys0.3,modelonly,1150,2026-09-19 20:56:54,legacy80,tfm_declip_cov_MSEOnly_1.3_e500_anat,1.0,0.3,1500,306,0.065638,0.001514,75.56,97.43,8.9,6.2,2.98,1.72,93.9,1.98,1.18,1.89,1.12,0.46,0.4466,0.6889,0.0,8.87,4.27,83.15,99.86,99.4,,,,,,,0.4318,6.117,17.745,0.2039,cuda,0.9392,0.9726,0.586,0.4756,,,0.9918,0.97,anatomical,0.575,off,,,,,,,,,,off,,,,7.4902
evaluate_epoch_e500_modelonly.csv,MSEOnly_1.3_e500_phys0.3,modelonly,1200,2026-09-19 20:57:57,legacy80,tfm_declip_cov_MSEOnly_1.3_e500_anat,1.0,0.3,1500,306,0.065638,0.000434,75.56,98.88,8.9,6.0,2.98,1.24,98.1,1.97,1.2,1.82,1.15,0.45,0.4466,0.7303,0.0,8.87,2.22,83.15,99.89,99.8,,,,,,,0.4728,2.899,6.421,0.0966,cuda,0.9279,0.967,0.642,0.4756,,,0.9908,0.9662,anatomical,0.575,off,,,,,,,,,,off,,,,7.938
evaluate_epoch_e500_modelonly.csv,MSEOnly_1.3_e500_phys0.3,modelonly,1250,2026-09-19 20:59:00,legacy80,tfm_declip_cov_MSEOnly_1.3_e500_anat,1.0,0.3,1500,306,0.065638,0.006582,75.56,96.23,8.9,6.37,2.98,2.97,84.6,2.46,1.12,2.43,1.1,0.9,0.4466,0.6624,0.0,8.87,4.43,83.15,99.27,98.5,,,,,,,0.4091,3.269,5.96,0.109,cuda,0.9053,0.9527,0.856,0.4756,,,0.9784,0.9284,anatomical,0.575,off,,,,,,,,,,off,,,,6.4635
evaluate_epoch_e500_modelonly.csv,MSEOnly_1.3_e500_phys0.3,modelonly,1300,2026-09-19 21:00:01,legacy80,tfm_declip_cov_MSEOnly_1.3_e500_anat,1.0,0.3,1500,306,0.065638,0.000467,75.56,98.64,8.9,5.02,2.98,1.24,97.7,1.82,1.15,1.74,1.12,0.44,0.4466,0.6666,0.0,8.87,2.77,83.15,99.89,99.7,,,,,,,0.4027,4.377,5.959,0.1459,cuda,0.9482,0.9758,0.542,0.4756,,,0.9923,0.9721,anatomical,0.575,off,,,,,,,,,,off,,,,7.4741
evaluate_epoch_e500_modelonly.csv,MSEOnly_1.3_e500_phys0.3,modelonly,1350,2026-09-19 21:01:07,legacy80,tfm_declip_cov_MSEOnly_1.3_e500_anat,1.0,0.3,1500,306,0.065638,0.000288,75.56,99.55,8.9,5.33,2.98,1.42,99.1,1.93,1.08,1.84,1.08,0.46,0.4466,0.68,0.0,8.87,1.86,83.15,99.91,99.8,,,,,,,0.416,4.912,17.643,0.1637,cuda,0.9379,0.9715,0.571,0.4756,,,0.9922,0.9715,anatomical,0.575,off,,,,,,,,,,off,,,,7.3433
evaluate_epoch_e500_modelonly.csv,MSEOnly_1.3_e500_phys0.3,modelonly,1400,2026-09-19 21:02:16,legacy80,tfm_declip_cov_MSEOnly_1.3_e500_anat,1.0,0.3,1500,306,0.065638,0.000476,75.56,98.44,8.9,5.37,2.98,1.16,97.5,2.37,1.1,2.02,1.08,0.7,0.4466,0.7137,0.0,8.87,1.81,83.15,99.9,99.9,,,,,,,0.4541,7.95,20.887,0.265,cuda,0.8476,0.9093,1.14,0.4756,,,0.9736,0.9136,anatomical,0.575,off,,,,,,,,,,off,,,,8.6905
evaluate_epoch_e500_modelonly.csv,MSEOnly_1.3_e500_phys0.3,modelonly,1450,2026-09-19 21:03:26,legacy80,tfm_declip_cov_MSEOnly_1.3_e500_anat,1.0,0.3,1500,306,0.065638,0.000768,75.56,98.2,8.9,4.08,2.98,1.67,95.9,1.79,1.21,1.66,1.15,0.43,0.4466,0.6466,0.0,8.87,1.33,83.15,99.88,99.8,,,,,,,0.3771,8.372,21.078,0.2791,cuda,0.9355,0.9715,0.601,0.4756,,,0.9918,0.9696,anatomical,0.575,off,,,,,,,,,,off,,,,6.814
evaluate_epoch_e500_modelonly.csv,MSEOnly_1.3_e500_phys0.3,modelonly,1500,2026-09-19 21:04:39,legacy80,tfm_declip_cov_MSEOnly_1.3_e500_anat,1.0,0.3,1500,306,0.065638,0.000548,75.56,97.8,8.9,4.15,2.98,1.07,96.8,1.7,1.19,1.62,1.17,0.38,0.4466,0.6409,0.0,8.87,1.82,83.15,99.86,99.7,,,,,,,0.3712,4.553,11.084,0.1518,cuda,0.954,0.9795,0.494,0.4756,,,0.994,0.9776,anatomical,0.575,off,,,,,,,,,,off,,,,7.0541
evaluate_epoch_e500_modelonly.csv,MSEOnly_1.3_e500_phys0.3,modelonly,1550,2026-09-30 17:48:45,legacy80,tfm_declip_cov_MSEOnly_1.3_e500_anat,1.0,0.3,2500,306,0.065638,0.00099,75.56,97.55,8.9,4.53,2.98,1.55,94.8,2.44,1.03,1.96,1.08,0.75,0.4466,0.7099,0.0,8.87,2.6,83.15,99.56,99.2,,,,,,,0.4432,4.658,15.783,0.1553,cuda,0.8147,0.875,1.363,0.4756,,,0.9617,0.8847,anatomical,0.575,off,,,,,,,,,,off,,,,9.3929
evaluate_epoch_e500_modelonly.csv,MSEOnly_1.3_e500_phys0.3,modelonly,1600,2026-09-30 17:49:55,legacy80,tfm_declip_cov_MSEOnly_1.3_e500_anat,1.0,0.3,2500,306,0.065638,0.000744,75.56,96.85,8.9,5.44,2.98,0.99,95.7,1.89,1.12,1.76,1.08,0.52,0.4466,0.6662,0.0,8.87,3.72,83.15,99.84,99.3,,,,,,,0.3982,5.049,16.047,0.1683,cuda,0.933,0.9696,0.66,0.4756,,,0.9893,0.9607,anatomical,0.575,off,,,,,,,,,,off,,,,7.0932
evaluate_epoch_e500_modelonly.csv,MSEOnly_1.3_e500_phys0.3,modelonly,1650,2026-09-30 17:51:12,legacy80,tfm_declip_cov_MSEOnly_1.3_e500_anat,1.0,0.3,2500,306,0.065638,0.00045,75.56,97.75,8.9,5.26,2.98,0.73,97.8,1.71,1.18,1.63,1.15,0.35,0.4466,0.6165,0.0,8.87,2.96,83.15,99.86,99.3,,,,,,,0.3343,3.547,7.755,0.1182,cuda,0.9648,0.9857,0.432,0.4756,,,0.9952,0.9819,anatomical,0.575,off,,,,,,,,,,off,,,,6.7439
evaluate_epoch_e500_modelonly.csv,MSEOnly_1.3_e500_phys0.3,modelonly,1700,2026-09-30 17:52:28,legacy80,tfm_declip_cov_MSEOnly_1.3_e500_anat,1.0,0.3,2500,306,0.065638,0.000295,75.56,97.57,8.9,2.98,2.98,0.72,97.6,1.68,1.18,1.58,1.16,0.38,0.4466,0.6208,0.0,8.87,2.21,83.15,99.83,99.5,,,,,,,0.3427,2.99,6.108,0.0997,cuda,0.9541,0.9808,0.512,0.4756,,,0.994,0.9771,anatomical,0.575,off,,,,,,,,,,off,,,,6.7482
evaluate_epoch_e500_modelonly.csv,MSEOnly_1.3_e500_phys0.3,modelonly,1750,2026-09-30 17:53:39,legacy80,tfm_declip_cov_MSEOnly_1.3_e500_anat,1.0,0.3,2500,306,0.065638,0.000706,75.56,96.54,8.9,4.1,2.98,1.0,95.2,1.6,1.23,1.59,1.19,0.36,0.4466,0.6188,0.0,8.87,2.64,83.15,99.84,99.5,,,,,,,0.3378,4.476,13.103,0.1492,cuda,0.9627,0.9846,0.416,0.4756,,,0.9957,0.9838,anatomical,0.575,off,,,,,,,,,,off,,,,6.7473
evaluate_epoch_e500_modelonly.csv,MSEOnly_1.3_e500_phys0.3,modelonly,1800,2026-09-30 17:54:47,legacy80,tfm_declip_cov_MSEOnly_1.3_e500_anat,1.0,0.3,2500,306,0.065638,0.000228,75.56,98.94,8.9,3.14,2.98,1.09,98.4,1.66,1.23,1.58,1.16,0.36,0.4466,0.6428,0.0,8.87,2.0,83.15,99.84,99.7,,,,,,,0.3635,4.129,7.535,0.1376,cuda,0.9525,0.9789,0.483,0.4756,,,0.9944,0.9793,anatomical,0.575,off,,,,,,,,,,off,,,,7.0276
evaluate_epoch_e500_modelonly.csv,MSEOnly_1.3_e500_phys0.3,modelonly,1850,2026-09-30 17:55:54,legacy80,tfm_declip_cov_MSEOnly_1.3_e500_anat,1.0,0.3,2500,306,0.065638,0.000549,75.56,98.26,8.9,3.78,2.98,1.36,96.7,1.64,1.15,1.56,1.15,0.34,0.4466,0.6066,0.0,8.87,1.82,83.15,99.88,99.8,,,,,,,0.3195,6.182,18.231,0.2061,cuda,0.955,0.9813,0.469,0.4756,,,0.995,0.981,anatomical,0.575,off,,,,,,,,,,off,,,,6.8265
evaluate_epoch_e500_modelonly.csv,MSEOnly_1.3_e500_phys0.3,modelonly,1900,2026-09-30 17:57:02,legacy80,tfm_declip_cov_MSEOnly_1.3_e500_anat,1.0,0.3,2500,306,0.065638,0.000202,75.56,98.98,8.9,2.63,2.98,1.14,98.4,1.6,1.17,1.49,1.16,0.31,0.4466,0.6043,0.0,8.87,2.5,83.15,99.85,99.6,,,,,,,0.3161,6.637,18.94,0.2212,cuda,0.9578,0.982,0.456,0.4756,,,0.9952,0.9818,anatomical,0.575,off,,,,,,,,,,off,,,,6.7141
evaluate_epoch_e500_modelonly.csv,MSEOnly_1.3_e500_phys0.3,modelonly,1950,2026-09-30 17:58:12,legacy80,tfm_declip_cov_MSEOnly_1.3_e500_anat,1.0,0.3,2500,306,0.065638,0.000493,75.56,98.28,8.9,3.29,2.98,1.3,96.9,1.84,1.18,1.64,1.14,0.42,0.4466,0.6214,0.0,8.87,2.22,83.15,99.84,99.6,,,,,,,0.3428,9.784,20.596,0.3261,cuda,0.928,0.9683,0.657,0.4756,,,0.9902,0.9639,anatomical,0.575,off,,,,,,,,,,off,,,,7.0434
evaluate_epoch_e500_modelonly.csv,MSEOnly_1.3_e500_phys0.3,modelonly,2000,2026-09-30 17:59:21,legacy80,tfm_declip_cov_MSEOnly_1.3_e500_anat,1.0,0.3,2500,306,0.065638,0.000375,75.56,98.49,8.9,3.2,2.98,1.23,97.4,1.64,1.16,1.6,1.14,0.44,0.4466,0.6211,0.0,8.87,2.15,83.15,99.84,99.7,,,,,,,0.3387,5.251,16.717,0.175,cuda,0.945,0.9761,0.517,0.4756,,,0.9938,0.9766,anatomical,0.575,off,,,,,,,,,,off,,,,6.9151
evaluate_epoch_e500_modelonly.csv,MSEOnly_1.3_e500_phys0.3,modelonly,2050,2026-09-30 18:00:33,legacy80,tfm_declip_cov_MSEOnly_1.3_e500_anat,1.0,0.3,2500,306,0.065638,0.000242,75.56,98.85,8.9,3.32,2.98,1.12,98.2,1.53,1.18,1.49,1.14,0.29,0.4466,0.5988,0.0,8.87,3.32,83.15,99.86,99.5,,,,,,,0.3115,6.02,15.92,0.2007,cuda,0.9674,0.9864,0.38,0.4756,,,0.9965,0.9866,anatomical,0.575,off,,,,,,,,,,off,,,,6.8274
evaluate_epoch_e500_modelonly.csv,MSEOnly_1.3_e500_phys0.3,modelonly,2100,2026-09-30 18:01:42,legacy80,tfm_declip_cov_MSEOnly_1.3_e500_anat,1.0,0.3,2500,306,0.065638,0.001045,75.56,96.92,8.9,4.48,2.98,1.3,94.5,1.5,1.18,1.52,1.14,0.37,0.4466,0.5996,0.0,8.87,3.91,83.15,99.85,99.3,,,,,,,0.3108,8.076,20.59,0.2692,cuda,0.9651,0.9858,0.403,0.4756,,,0.9959,0.9843,anatomical,0.575,off,,,,,,,,,,off,,,,6.8498
evaluate_epoch_e500_modelonly.csv,MSEOnly_1.3_e500_phys0.3,modelonly,2150,2026-09-30 18:02:50,legacy80,tfm_declip_cov_MSEOnly_1.3_e500_anat,1.0,0.3,2500,306,0.065638,0.000519,75.56,97.6,8.9,3.56,2.98,1.1,96.4,1.53,1.21,1.47,1.18,0.31,0.4466,0.5961,0.0,8.87,2.58,83.15,99.86,99.6,,,,,,,0.3114,7.733,20.587,0.2578,cuda,0.9599,0.9821,0.42,0.4756,,,0.9955,0.9832,anatomical,0.575,off,,,,,,,,,,off,,,,6.9477
evaluate_epoch_e500_modelonly.csv,MSEOnly_1.3_e500_phys0.3,modelonly,2200,2026-09-30 18:03:57,legacy80,tfm_declip_cov_MSEOnly_1.3_e500_anat,1.0,0.3,2500,306,0.065638,0.000146,75.56,98.8,8.9,2.69,2.98,0.8,98.7,1.48,1.2,1.43,1.17,0.27,0.4466,0.5804,0.0,8.87,2.69,83.15,99.86,99.6,,,,,,,0.2901,6.815,23.423,0.2272,cuda,0.9733,0.9889,0.347,0.4756,,,0.9969,0.9882,anatomical,0.575,off,,,,,,,,,,off,,,,6.6409
evaluate_epoch_e500_modelonly.csv,MSEOnly_1.3_e500_phys0.3,modelonly,2250,2026-09-30 18:05:06,legacy80,tfm_declip_cov_MSEOnly_1.3_e500_anat,1.0,0.3,2500,306,0.065638,0.000511,75.56,97.81,8.9,3.89,2.98,1.14,96.6,1.66,1.18,1.55,1.14,0.42,0.4466,0.6129,0.0,8.87,3.89,83.15,99.85,99.3,,,,,,,0.3318,9.634,21.13,0.3211,cuda,0.9304,0.9679,0.602,0.4756,,,0.9922,0.9711,anatomical,0.575,off,,,,,,,,,,off,,,,7.0821
evaluate_epoch_e500_modelonly.csv,MSEOnly_1.3_e500_phys0.3,modelonly,2300,2026-09-30 18:06:16,legacy80,tfm_declip_cov_MSEOnly_1.3_e500_anat,1.0,0.3,2500,306,0.065638,0.000472,75.56,97.66,8.9,3.22,2.98,1.09,96.5,1.56,1.22,1.5,1.17,0.32,0.4466,0.5925,0.0,8.87,3.22,83.15,99.85,99.4,,,,,,,0.3043,9.917,23.446,0.3306,cuda,0.9634,0.9849,0.423,0.4756,,,0.9953,0.9824,anatomical,0.575,off,,,,,,,,,,off,,,,6.6119
evaluate_epoch_e500_modelonly.csv,MSEOnly_1.3_e500_phys0.3,modelonly,2350,2026-09-30 18:07:24,legacy80,tfm_declip_cov_MSEOnly_1.3_e500_anat,1.0,0.3,2500,306,0.065638,0.000237,75.56,98.58,8.9,2.81,2.98,1.02,98.0,1.45,1.21,1.43,1.17,0.27,0.4466,0.5741,0.0,8.87,2.81,83.15,99.84,99.5,,,,,,,0.2796,6.716,19.443,0.2239,cuda,0.9763,0.9905,0.323,0.4756,,,0.9975,0.9905,anatomical,0.575,off,,,,,,,,,,off,,,,6.5761
evaluate_epoch_e500_modelonly.csv,MSEOnly_1.3_e500_phys0.3,modelonly,2400,2026-09-30 18:08:27,legacy80,tfm_declip_cov_MSEOnly_1.3_e500_anat,1.0,0.3,2500,306,0.065638,0.000211,75.56,99.14,8.9,3.94,2.98,1.23,98.5,1.44,1.18,1.47,1.17,0.32,0.4466,0.5842,0.0,8.87,3.94,83.15,99.88,99.4,,,,,,,0.2912,4.165,4.853,0.1388,cuda,0.9763,0.9899,0.364,0.4756,,,0.9965,0.9865,anatomical,0.575,off,,,,,,,,,,off,,,,6.7544
evaluate_epoch_e500_modelonly.csv,MSEOnly_1.3_e500_phys0.3,modelonly,2450,2026-09-30 18:09:34,legacy80,tfm_declip_cov_MSEOnly_1.3_e500_anat,1.0,0.3,2500,306,0.065638,0.000266,75.56,98.82,8.9,2.84,2.98,1.25,98.0,1.42,1.21,1.4,1.17,0.26,0.4466,0.5721,0.0,8.87,2.84,83.15,99.85,99.6,,,,,,,0.2762,6.364,19.624,0.2121,cuda,0.9777,0.991,0.314,0.4756,,,0.9976,0.9908,anatomical,0.575,off,,,,,,,,,,off,,,,6.7842
evaluate_epoch_e500_modelonly.csv,MSEOnly_1.3_e500_phys0.3,modelonly,2500,2026-09-30 18:10:42,legacy80,tfm_declip_cov_MSEOnly_1.3_e500_anat,1.0,0.3,2500,306,0.065638,8.4e-05,75.56,99.31,8.9,3.16,2.98,0.81,99.2,1.57,1.22,1.53,1.15,0.37,0.4466,0.5717,0.0,8.87,3.16,83.15,99.88,99.6,,,,,,,0.2776,7.213,21.438,0.2404,cuda,0.9604,0.9844,0.454,0.4756,,,0.9944,0.9787,anatomical,0.575,off,,,,,,,,,,off,,,,6.5376
evaluate_epoch_e500_modelonly.csv,MSEOnly_1.3_e500_phys0.3,modelonly,2550,2026-09-30 22:05:06,legacy80,tfm_declip_cov_MSEOnly_1.3_e500_anat,1.0,0.3,3000,306,0.065638,0.000699,75.56,97.53,8.9,3.56,2.98,1.32,95.5,1.42,1.2,1.42,1.16,0.25,0.4466,0.5702,0.0,8.87,3.18,83.15,99.85,99.4,,,,,,,0.2754,4.855,11.828,0.1618,cuda,0.9816,0.9926,0.284,0.4756,,,0.998,0.9924,anatomical,0.575,off,,,,,,,,,,off,,,,6.6367
evaluate_epoch_e500_modelonly.csv,MSEOnly_1.3_e500_phys0.3,modelonly,2600,2026-09-30 22:06:22,legacy80,tfm_declip_cov_MSEOnly_1.3_e500_anat,1.0,0.3,3000,306,0.065638,0.000732,75.56,97.59,8.9,3.72,2.98,1.34,95.6,1.49,1.17,1.47,1.13,0.32,0.4466,0.5669,0.0,8.87,2.98,83.15,99.85,99.4,,,,,,,0.2733,7.409,13.455,0.247,cuda,0.9724,0.9888,0.392,0.4756,,,0.9965,0.9864,anatomical,0.575,off,,,,,,,,,,off,,,,6.5291
evaluate_epoch_e500_modelonly.csv,MSEOnly_1.3_e500_phys0.3,modelonly,2650,2026-09-30 22:07:38,legacy80,tfm_declip_cov_MSEOnly_1.3_e500_anat,1.0,0.3,3000,306,0.065638,0.000143,75.56,99.2,8.9,3.48,2.98,1.06,98.8,1.64,1.1,1.54,1.12,0.42,0.4466,0.5921,0.0,8.87,3.48,83.15,99.91,99.6,,,,,,,0.3076,5.419,10.545,0.1806,cuda,0.9445,0.9754,0.585,0.4756,,,0.9923,0.9708,anatomical,0.575,off,,,,,,,,,,off,,,,6.9305
evaluate_epoch_e500_modelonly.csv,MSEOnly_1.3_e500_phys0.3,modelonly,2700,2026-09-30 22:08:46,legacy80,tfm_declip_cov_MSEOnly_1.3_e500_anat,1.0,0.3,3000,306,0.065638,0.00031,75.56,97.97,8.9,3.44,2.98,1.0,97.2,1.39,1.2,1.37,1.17,0.24,0.4466,0.5681,0.0,8.87,3.44,83.15,99.86,99.5,,,,,,,0.2718,6.148,17.238,0.2049,cuda,0.9788,0.9917,0.301,0.4756,,,0.9979,0.9918,anatomical,0.575,off,,,,,,,,,,off,,,,6.4669
evaluate_epoch_e500_modelonly.csv,MSEOnly_1.3_e500_phys0.3,modelonly,2750,2026-09-30 22:10:01,legacy80,tfm_declip_cov_MSEOnly_1.3_e500_anat,1.0,0.3,3000,306,0.065638,0.000271,75.56,98.98,8.9,3.78,2.98,1.3,98.2,1.51,1.2,1.56,1.15,0.45,0.4466,0.5867,0.0,8.87,3.78,83.15,99.86,99.4,,,,,,,0.3004,5.181,11.354,0.1727,cuda,0.9512,0.9789,0.48,0.4756,,,0.9946,0.9798,anatomical,0.575,off,,,,,,,,,,off,,,,6.7481
evaluate_epoch_e500_modelonly.csv,MSEOnly_1.3_e500_phys0.3,modelonly,2800,2026-09-30 22:11:19,legacy80,tfm_declip_cov_MSEOnly_1.3_e500_anat,1.0,0.3,3000,306,0.065638,0.000148,75.56,99.16,8.9,3.76,2.98,0.97,98.9,1.39,1.23,1.4,1.17,0.27,0.4466,0.5743,0.0,8.87,3.76,83.15,99.86,99.4,,,,,,,0.2765,5.245,13.034,0.1748,cuda,0.9803,0.9921,0.298,0.4756,,,0.9978,0.9916,anatomical,0.575,off,,,,,,,,,,off,,,,6.885
evaluate_epoch_e500_modelonly.csv,MSEOnly_1.3_e500_phys0.3,modelonly,2850,2026-09-30 22:12:36,legacy80,tfm_declip_cov_MSEOnly_1.3_e500_anat,1.0,0.3,3000,306,0.065638,0.000209,75.56,98.7,8.9,3.79,2.98,0.93,98.3,1.45,1.18,1.42,1.14,0.31,0.4466,0.5722,0.0,8.87,3.79,83.15,99.88,99.4,,,,,,,0.2781,5.823,14.884,0.1941,cuda,0.9638,0.9851,0.389,0.4756,,,0.9964,0.9863,anatomical,0.575,off,,,,,,,,,,off,,,,6.6487
evaluate_epoch_e500_modelonly.csv,MSEOnly_1.3_e500_phys0.3,modelonly,2900,2026-09-30 22:13:55,legacy80,tfm_declip_cov_MSEOnly_1.3_e500_anat,1.0,0.3,3000,306,0.065638,0.000531,75.56,97.91,8.9,3.44,2.98,1.21,96.5,1.44,1.17,1.4,1.14,0.25,0.4466,0.563,0.0,8.87,2.77,83.15,99.85,99.5,,,,,,,0.2654,6.727,17.942,0.2242,cuda,0.9774,0.991,0.313,0.4756,,,0.9977,0.991,anatomical,0.575,off,,,,,,,,,,off,,,,6.4557
evaluate_epoch_e500_modelonly.csv,MSEOnly_1.3_e500_phys0.3,modelonly,2950,2026-09-30 22:15:10,legacy80,tfm_declip_cov_MSEOnly_1.3_e500_anat,1.0,0.3,3000,306,0.065638,0.00038,75.56,97.95,8.9,3.01,2.98,1.08,97.0,1.4,1.18,1.41,1.14,0.26,0.4466,0.5587,0.0,8.87,2.47,83.15,99.85,99.6,,,,,,,0.2618,7.057,13.942,0.2352,cuda,0.98,0.9917,0.29,0.4756,,,0.9977,0.9913,anatomical,0.575,off,,,,,,,,,,off,,,,6.405
evaluate_epoch_e500_modelonly.csv,MSEOnly_1.3_e500_phys0.3,modelonly,3000,2026-09-30 22:16:26,legacy80,tfm_declip_cov_MSEOnly_1.3_e500_anat,1.0,0.3,3000,306,0.065638,0.000165,75.56,98.91,8.9,3.92,2.98,0.89,98.7,1.36,1.16,1.38,1.14,0.26,0.4466,0.5634,0.0,8.87,3.92,83.15,99.88,99.5,,,,,,,0.2681,6.078,13.222,0.2026,cuda,0.9806,0.9921,0.301,0.4756,,,0.9977,0.9913,anatomical,0.575,off,,,,,,,,,,off,,,,6.6717
evaluate_epoch_e500_modelonly.csv,MSEOnly_1.3_e500_phys0.3,modelonly,20,2026-09-15 17:21:49,persistent,tfm_declip_cov_MSEOnly_1.3_e500_anat,1.0,0.3,500,306,0.197823,0.197957,23.78,42.17,9.09,9.25,3.23,3.33,21.9,3.38,1.18,3.73,1.15,2.57,0.5042,1.2992,0.0,8.92,8.94,23.65,51.63,22.8,,,,,,,1.104,3.28,5.314,0.1093,cuda,0.7428,0.8174,2.17,0.4756,,,0.899,0.7635,anatomical,0.575,off,,,,,,,,,,off,,,,9.666
evaluate_epoch_e500_modelonly.csv,MSEOnly_1.3_e500_phys0.3,modelonly,40,2026-09-15 17:23:11,persistent,tfm_declip_cov_MSEOnly_1.3_e500_anat,1.0,0.3,500,306,0.197823,0.042473,23.78,68.94,9.09,7.09,3.23,2.42,69.5,2.55,0.9,2.72,0.93,1.83,0.5042,1.0603,0.0,8.92,7.34,23.65,76.86,73.7,,,,,,,0.8338,3.443,5.029,0.1148,cuda,0.7924,0.8683,1.654,0.4756,,,0.943,0.8355,anatomical,0.575,off,,,,,,,,,,off,,,,10.1937
evaluate_epoch_e500_modelonly.csv,MSEOnly_1.3_e500_phys0.3,modelonly,50,2026-09-19 20:37:54,persistent,tfm_declip_cov_MSEOnly_1.3_e500_anat,1.0,0.3,1500,306,0.197823,0.021309,23.78,81.55,9.09,7.2,3.23,2.12,84.1,2.07,0.9,2.23,0.93,1.48,0.5042,0.9497,0.0,8.92,7.2,23.65,88.18,87.8,,,,,,,0.7042,7.921,25.697,0.264,cuda,0.8452,0.9087,1.294,0.4756,,,0.9605,0.8822,anatomical,0.575,off,,,,,,,,,,off,,,,9.578
evaluate_epoch_e500_modelonly.csv,MSEOnly_1.3_e500_phys0.3,modelonly,60,2026-09-15 17:24:32,persistent,tfm_declip_cov_MSEOnly_1.3_e500_anat,1.0,0.3,500,306,0.197823,0.003952,23.78,97.02,9.09,6.86,3.23,2.08,97.5,3.37,0.87,3.05,0.93,2.35,0.5042,0.9664,0.0,8.92,5.03,23.65,98.69,98.9,,,,,,,0.7318,3.023,4.72,0.1008,cuda,0.6876,0.7516,2.732,0.4756,,,0.8731,0.7057,anatomical,0.575,off,,,,,,,,,,off,,,,16.3877
evaluate_epoch_e500_modelonly.csv,MSEOnly_1.3_e500_phys0.3,modelonly,80,2026-09-15 17:25:54,persistent,tfm_declip_cov_MSEOnly_1.3_e500_anat,1.0,0.3,500,306,0.197823,0.000975,23.78,99.01,9.09,6.41,3.23,1.8,99.3,3.59,0.86,3.26,0.97,2.65,0.5042,1.0062,0.0,8.92,5.06,23.65,99.75,99.6,,,,,,,0.7705,2.934,4.403,0.0978,cuda,0.6771,0.7249,3.173,0.4756,,,0.8525,0.6855,anatomical,0.575,off,,,,,,,,,,off,,,,21.6722
evaluate_epoch_e500_modelonly.csv,MSEOnly_1.3_e500_phys0.3,modelonly,100,2026-09-15 17:27:14,persistent,tfm_declip_cov_MSEOnly_1.3_e500_anat,1.0,0.3,500,306,0.197823,0.001493,23.78,99.47,9.09,6.78,3.23,2.57,99.4,4.18,0.81,3.38,0.9,2.72,0.5042,0.9506,0.0,8.92,4.94,23.65,99.79,99.7,,,,,,,0.7242,3.582,5.851,0.1194,cuda,0.6441,0.6861,3.635,0.4756,,,0.8182,0.6421,anatomical,0.575,off,,,,,,,,,,off,,,,17.9326
evaluate_epoch_e500_modelonly.csv,MSEOnly_1.3_e500_phys0.3,modelonly,120,2026-09-15 17:28:34,persistent,tfm_declip_cov_MSEOnly_1.3_e500_anat,1.0,0.3,500,306,0.197823,0.002247,23.78,96.95,9.09,6.26,3.23,1.89,97.7,4.68,1.6,3.63,1.13,2.86,0.5042,1.283,0.0,8.92,4.27,23.65,98.82,99.0,,,,,,,1.0754,2.989,4.638,0.0996,cuda,0.6429,0.6926,4.096,0.4756,,,0.8148,0.6456,anatomical,0.575,off,,,,,,,,,,off,,,,47.3342
evaluate_epoch_e500_modelonly.csv,MSEOnly_1.3_e500_phys0.3,modelonly,140,2026-09-15 17:29:54,persistent,tfm_declip_cov_MSEOnly_1.3_e500_anat,1.0,0.3,500,306,0.197823,0.001496,23.78,98.32,9.09,6.25,3.23,2.13,98.6,3.67,1.45,2.79,1.05,2.15,0.5042,1.3117,0.0,8.92,4.78,23.65,99.44,99.6,,,,,,,1.0975,3.025,4.521,0.1008,cuda,0.6752,0.7317,3.268,0.4756,,,0.853,0.6956,anatomical,0.575,off,,,,,,,,,,off,,,,41.3687
evaluate_epoch_e500_modelonly.csv,MSEOnly_1.3_e500_phys0.3,modelonly,150,2026-09-19 20:39:00,persistent,tfm_declip_cov_MSEOnly_1.3_e500_anat,1.0,0.3,1500,306,0.197823,0.003134,23.78,96.34,9.09,5.73,3.23,1.86,97.2,3.71,1.35,2.71,0.98,2.05,0.5042,1.475,0.0,8.92,4.98,23.65,99.01,99.2,,,,,,,1.2708,7.093,21.064,0.2364,cuda,0.6895,0.7396,3.314,0.4756,,,0.8539,0.7057,anatomical,0.575,off,,,,,,,,,,off,,,,42.4764
evaluate_epoch_e500_modelonly.csv,MSEOnly_1.3_e500_phys0.3,modelonly,160,2026-09-15 17:31:17,persistent,tfm_declip_cov_MSEOnly_1.3_e500_anat,1.0,0.3,500,306,0.197823,0.002018,23.78,97.79,9.09,5.97,3.23,1.85,98.3,3.98,1.47,3.34,1.1,2.65,0.5042,1.4053,0.0,8.92,4.9,23.65,99.42,99.4,,,,,,,1.2217,3.128,4.373,0.1043,cuda,0.6614,0.7109,3.565,0.4756,,,0.8345,0.6742,anatomical,0.575,off,,,,,,,,,,off,,,,37.5455
evaluate_epoch_e500_modelonly.csv,MSEOnly_1.3_e500_phys0.3,modelonly,180,2026-09-15 17:32:39,persistent,tfm_declip_cov_MSEOnly_1.3_e500_anat,1.0,0.3,500,306,0.197823,0.001326,23.78,98.2,9.09,6.02,3.23,1.64,98.8,3.1,1.11,2.41,0.87,1.84,0.5042,1.8068,0.0,8.92,2.95,23.65,99.58,99.8,,,,,,,1.6397,3.089,4.405,0.103,cuda,0.7208,0.7814,2.743,0.4756,,,0.8844,0.7518,anatomical,0.575,off,,,,,,,,,,off,,,,36.7375
evaluate_epoch_e500_modelonly.csv,MSEOnly_1.3_e500_phys0.3,modelonly,200,2026-09-15 17:34:03,persistent,tfm_declip_cov_MSEOnly_1.3_e500_anat,1.0,0.3,500,306,0.197823,0.0008,23.78,98.62,9.09,4.64,3.23,1.86,99.0,3.06,1.16,2.32,0.83,1.76,0.5042,1.6386,0.0,8.92,2.5,23.65,99.8,99.9,,,,,,,1.4632,3.283,4.694,0.1094,cuda,0.7246,0.7843,2.722,0.4756,,,0.8873,0.7559,anatomical,0.575,off,,,,,,,,,,off,,,,35.9881
evaluate_epoch_e500_modelonly.csv,MSEOnly_1.3_e500_phys0.3,modelonly,220,2026-09-15 17:35:23,persistent,tfm_declip_cov_MSEOnly_1.3_e500_anat,1.0,0.3,500,306,0.197823,0.001182,23.78,99.24,9.09,6.82,3.23,2.15,99.3,2.84,1.11,2.19,0.78,1.65,0.5042,1.5206,0.0,8.92,4.91,23.65,99.83,99.7,,,,,,,1.3394,3.067,4.571,0.1022,cuda,0.7375,0.8013,2.523,0.4756,,,0.8958,0.7715,anatomical,0.575,off,,,,,,,,,,off,,,,32.8617
evaluate_epoch_e500_modelonly.csv,MSEOnly_1.3_e500_phys0.3,modelonly,240,2026-09-15 17:36:41,persistent,tfm_declip_cov_MSEOnly_1.3_e500_anat,1.0,0.3,500,306,0.197823,0.001191,23.78,98.92,9.09,6.19,3.23,1.96,99.1,2.82,1.21,2.13,0.83,1.57,0.5042,1.4452,0.0,8.92,3.99,23.65,99.79,99.7,,,,,,,1.2685,2.994,4.706,0.0998,cuda,0.7345,0.7996,2.501,0.4756,,,0.8952,0.769,anatomical,0.575,off,,,,,,,,,,off,,,,31.7011
evaluate_epoch_e500_modelonly.csv,MSEOnly_1.3_e500_phys0.3,modelonly,250,2026-09-19 20:40:06,persistent,tfm_declip_cov_MSEOnly_1.3_e500_anat,1.0,0.3,1500,306,0.197823,0.000605,23.78,98.44,9.09,5.01,3.23,1.36,99.1,2.47,1.04,1.94,0.74,1.43,0.5042,1.4398,0.0,8.92,2.83,23.65,99.76,99.9,,,,,,,1.2594,8.451,22.082,0.2817,cuda,0.7753,0.8394,2.131,0.4756,,,0.9185,0.8157,anatomical,0.575,off,,,,,,,,,,off,,,,27.9352
evaluate_epoch_e500_modelonly.csv,MSEOnly_1.3_e500_phys0.3,modelonly,260,2026-09-15 17:38:02,persistent,tfm_declip_cov_MSEOnly_1.3_e500_anat,1.0,0.3,500,306,0.197823,0.000793,23.78,98.0,9.09,3.97,3.23,1.3,98.9,2.29,1.03,1.79,0.73,1.31,0.5042,1.3974,0.0,8.92,3.59,23.65,99.75,99.7,,,,,,,1.2128,2.973,4.409,0.0991,cuda,0.7953,0.8553,1.961,0.4756,,,0.9271,0.8336,anatomical,0.575,off,,,,,,,,,,off,,,,27.8797
evaluate_epoch_e500_modelonly.csv,MSEOnly_1.3_e500_phys0.3,modelonly,280,2026-09-15 17:39:23,persistent,tfm_declip_cov_MSEOnly_1.3_e500_anat,1.0,0.3,500,306,0.197823,0.000726,23.78,97.97,9.09,4.47,3.23,1.27,99.0,2.34,0.99,1.79,0.71,1.31,0.5042,1.428,0.0,8.92,3.61,23.65,99.79,99.8,,,,,,,1.244,3.074,4.816,0.1025,cuda,0.7807,0.8462,2.013,0.4756,,,0.926,0.8254,anatomical,0.575,off,,,,,,,,,,off,,,,26.9045
evaluate_epoch_e500_modelonly.csv,MSEOnly_1.3_e500_phys0.3,modelonly,300,2026-09-15 17:40:46,persistent,tfm_declip_cov_MSEOnly_1.3_e500_anat,1.0,0.3,500,306,0.197823,0.000243,23.78,99.08,9.09,3.21,3.23,1.34,99.5,2.34,1.05,1.79,0.73,1.32,0.5042,1.4384,0.0,8.92,2.79,23.65,99.86,99.9,,,,,,,1.2574,3.124,4.846,0.1041,cuda,0.7869,0.8495,2.028,0.4756,,,0.9265,0.8299,anatomical,0.575,off,,,,,,,,,,off,,,,29.2985
evaluate_epoch_e500_modelonly.csv,MSEOnly_1.3_e500_phys0.3,modelonly,320,2026-09-15 17:42:09,persistent,tfm_declip_cov_MSEOnly_1.3_e500_anat,1.0,0.3,500,306,0.197823,0.000521,23.78,98.05,9.09,4.19,3.23,1.18,99.1,2.15,0.94,1.64,0.69,1.17,0.5042,1.3089,0.0,8.92,2.17,23.65,99.83,99.9,,,,,,,1.1167,3.197,4.783,0.1066,cuda,0.8054,0.8651,1.824,0.4756,,,0.9346,0.8472,anatomical,0.575,off,,,,,,,,,,off,,,,26.0263
evaluate_epoch_e500_modelonly.csv,MSEOnly_1.3_e500_phys0.3,modelonly,340,2026-09-15 17:43:28,persistent,tfm_declip_cov_MSEOnly_1.3_e500_anat,1.0,0.3,500,306,0.197823,0.000671,23.78,98.46,9.09,4.73,3.23,1.38,99.1,2.19,0.98,1.68,0.76,1.21,0.5042,1.3802,0.0,8.92,2.62,23.65,99.67,99.8,,,,,,,1.1984,3.164,4.516,0.1055,cuda,0.7999,0.8618,1.859,0.4756,,,0.9326,0.8425,anatomical,0.575,off,,,,,,,,,,off,,,,25.6355
evaluate_epoch_e500_modelonly.csv,MSEOnly_1.3_e500_phys0.3,modelonly,350,2026-09-19 20:41:13,persistent,tfm_declip_cov_MSEOnly_1.3_e500_anat,1.0,0.3,1500,306,0.197823,0.001456,23.78,97.71,9.09,5.33,3.23,1.6,98.5,2.09,0.91,1.61,0.69,1.16,0.5042,1.2637,0.0,8.92,3.57,23.65,99.61,99.7,,,,,,,1.0715,10.729,23.267,0.3576,cuda,0.813,0.87,1.759,0.4756,,,0.9374,0.8527,anatomical,0.575,off,,,,,,,,,,off,,,,24.4969
evaluate_epoch_e500_modelonly.csv,MSEOnly_1.3_e500_phys0.3,modelonly,360,2026-09-15 17:44:48,persistent,tfm_declip_cov_MSEOnly_1.3_e500_anat,1.0,0.3,500,306,0.197823,0.001047,23.78,98.26,9.09,5.2,3.23,1.6,98.9,2.16,0.97,1.65,0.73,1.18,0.5042,1.3084,0.0,8.92,3.62,23.65,99.73,99.7,,,,,,,1.1174,3.43,5.323,0.1143,cuda,0.8016,0.8632,1.845,0.4756,,,0.9334,0.8434,anatomical,0.575,off,,,,,,,,,,off,,,,25.9871
evaluate_epoch_e500_modelonly.csv,MSEOnly_1.3_e500_phys0.3,modelonly,380,2026-09-15 17:46:11,persistent,tfm_declip_cov_MSEOnly_1.3_e500_anat,1.0,0.3,500,306,0.197823,0.000994,23.78,98.24,9.09,4.87,3.23,1.52,98.9,1.98,0.97,1.51,0.71,1.05,0.5042,1.2352,0.0,8.92,4.01,23.65,99.67,99.7,,,,,,,1.0371,3.149,4.646,0.105,cuda,0.8269,0.8832,1.654,0.4756,,,0.9431,0.8673,anatomical,0.575,off,,,,,,,,,,off,,,,24.7435
evaluate_epoch_e500_modelonly.csv,MSEOnly_1.3_e500_phys0.3,modelonly,400,2026-09-15 17:47:33,persistent,tfm_declip_cov_MSEOnly_1.3_e500_anat,1.0,0.3,500,306,0.197823,0.001073,23.78,98.42,9.09,5.14,3.23,1.5,99.0,2.11,0.9,1.62,0.66,1.17,0.5042,1.2669,0.0,8.92,3.25,23.65,99.59,99.7,,,,,,,1.0764,3.217,4.952,0.1072,cuda,0.8069,0.8687,1.788,0.4756,,,0.9362,0.8511,anatomical,0.575,off,,,,,,,,,,off,,,,24.7294
evaluate_epoch_e500_modelonly.csv,MSEOnly_1.3_e500_phys0.3,modelonly,420,2026-09-15 17:48:53,persistent,tfm_declip_cov_MSEOnly_1.3_e500_anat,1.0,0.3,500,306,0.197823,0.001073,23.78,98.09,9.09,5.21,3.23,1.52,98.8,1.96,0.93,1.52,0.7,1.06,0.5042,1.2564,0.0,8.92,2.52,23.65,99.54,99.7,,,,,,,1.0609,3.231,4.877,0.1077,cuda,0.8269,0.8848,1.627,0.4756,,,0.9438,0.8677,anatomical,0.575,off,,,,,,,,,,off,,,,23.561
evaluate_epoch_e500_modelonly.csv,MSEOnly_1.3_e500_phys0.3,modelonly,440,2026-09-15 17:50:14,persistent,tfm_declip_cov_MSEOnly_1.3_e500_anat,1.0,0.3,500,306,0.197823,0.000632,23.78,98.54,9.09,5.49,3.23,1.44,99.1,2.01,0.88,1.56,0.66,1.12,0.5042,1.2548,0.0,8.92,3.1,23.65,99.61,99.8,,,,,,,1.0627,3.593,6.602,0.1198,cuda,0.8191,0.8785,1.693,0.4756,,,0.9414,0.8631,anatomical,0.575,off,,,,,,,,,,off,,,,24.8709
evaluate_epoch_e500_modelonly.csv,MSEOnly_1.3_e500_phys0.3,modelonly,450,2026-09-19 20:42:20,persistent,tfm_declip_cov_MSEOnly_1.3_e500_anat,1.0,0.3,1500,306,0.197823,0.000832,23.78,98.13,9.09,5.05,3.23,1.44,98.9,1.9,0.89,1.45,0.67,1.01,0.5042,1.244,0.0,8.92,2.36,23.65,99.63,99.9,,,,,,,1.044,9.876,23.037,0.3292,cuda,0.8367,0.891,1.571,0.4756,,,0.9472,0.8774,anatomical,0.575,off,,,,,,,,,,off,,,,24.0517
evaluate_epoch_e500_modelonly.csv,MSEOnly_1.3_e500_phys0.3,modelonly,460,2026-09-15 17:51:37,persistent,tfm_declip_cov_MSEOnly_1.3_e500_anat,1.0,0.3,500,306,0.197823,0.000958,23.78,98.38,9.09,5.72,3.23,1.45,99.0,1.86,0.88,1.46,0.65,1.02,0.5042,1.2146,0.0,8.92,3.74,23.65,99.55,99.6,,,,,,,1.0119,3.193,4.997,0.1064,cuda,0.8393,0.8951,1.532,0.4756,,,0.9489,0.8807,anatomical,0.575,off,,,,,,,,,,off,,,,23.3445
evaluate_epoch_e500_modelonly.csv,MSEOnly_1.3_e500_phys0.3,modelonly,480,2026-09-15 17:52:57,persistent,tfm_declip_cov_MSEOnly_1.3_e500_anat,1.0,0.3,500,306,0.197823,0.000966,23.78,98.24,9.09,5.25,3.23,1.55,98.9,1.84,0.9,1.42,0.66,0.98,0.5042,1.2202,0.0,8.92,2.53,23.65,99.5,99.7,,,,,,,1.0184,3.149,5.091,0.105,cuda,0.8434,0.8965,1.51,0.4756,,,0.9498,0.8837,anatomical,0.575,off,,,,,,,,,,off,,,,24.1347
evaluate_epoch_e500_modelonly.csv,MSEOnly_1.3_e500_phys0.3,modelonly,500,2026-09-15 17:54:21,persistent,tfm_declip_cov_MSEOnly_1.3_e500_anat,1.0,0.3,500,306,0.197823,0.000933,23.78,97.53,9.09,5.09,3.23,1.22,98.8,1.81,0.87,1.39,0.64,0.96,0.5042,1.2382,0.0,8.92,2.68,23.65,99.54,99.8,,,,,,,1.037,3.116,5.203,0.1039,cuda,0.8467,0.8998,1.485,0.4756,,,0.9511,0.8868,anatomical,0.575,off,,,,,,,,,,off,,,,23.1195
evaluate_epoch_e500_modelonly.csv,MSEOnly_1.3_e500_phys0.3,modelonly,550,2026-09-19 20:43:28,persistent,tfm_declip_cov_MSEOnly_1.3_e500_anat,1.0,0.3,1500,306,0.197823,0.001015,23.78,97.9,9.09,4.43,3.23,1.34,98.9,1.97,0.87,1.46,0.63,1.04,0.5042,1.3481,0.0,8.92,2.66,23.65,99.5,99.7,,,,,,,1.1503,9.25,19.268,0.3083,cuda,0.8224,0.8804,1.664,0.4756,,,0.9432,0.8667,anatomical,0.575,off,,,,,,,,,,off,,,,23.4183
evaluate_epoch_e500_modelonly.csv,MSEOnly_1.3_e500_phys0.3,modelonly,600,2026-09-19 20:44:42,persistent,tfm_declip_cov_MSEOnly_1.3_e500_anat,1.0,0.3,1500,306,0.197823,0.000897,23.78,98.68,9.09,4.98,3.23,1.63,99.1,2.06,0.9,1.58,0.7,1.17,0.5042,1.2535,0.0,8.92,4.98,23.65,99.72,99.6,,,,,,,1.0555,4.789,15.0,0.1596,cuda,0.8108,0.8727,1.754,0.4756,,,0.9381,0.8543,anatomical,0.575,off,,,,,,,,,,off,,,,23.6514
evaluate_epoch_e500_modelonly.csv,MSEOnly_1.3_e500_phys0.3,modelonly,650,2026-09-19 20:45:59,persistent,tfm_declip_cov_MSEOnly_1.3_e500_anat,1.0,0.3,1500,306,0.197823,0.001151,23.78,99.0,9.09,5.74,3.23,1.9,99.2,2.42,1.13,1.77,0.79,1.32,0.5042,1.6899,0.0,8.92,5.0,23.65,99.67,99.7,,,,,,,1.5155,8.536,26.004,0.2845,cuda,0.7728,0.8334,2.113,0.4756,,,0.9209,0.8145,anatomical,0.575,off,,,,,,,,,,off,,,,30.6903
evaluate_epoch_e500_modelonly.csv,MSEOnly_1.3_e500_phys0.3,modelonly,700,2026-09-19 20:47:17,persistent,tfm_declip_cov_MSEOnly_1.3_e500_anat,1.0,0.3,1500,306,0.197823,6.1e-05,23.78,99.52,9.09,2.58,3.23,0.95,99.8,1.57,0.58,1.27,0.6,0.88,0.5042,0.9517,0.0,8.92,1.8,23.65,99.89,99.9,,,,,,,0.7353,6.439,20.041,0.2146,cuda,0.8476,0.9026,1.264,0.4756,,,0.9627,0.8925,anatomical,0.575,off,,,,,,,,,,off,,,,9.2419
evaluate_epoch_e500_modelonly.csv,MSEOnly_1.3_e500_phys0.3,modelonly,750,2026-09-19 20:48:27,persistent,tfm_declip_cov_MSEOnly_1.3_e500_anat,1.0,0.3,1500,306,0.197823,0.000298,23.78,99.42,9.09,3.49,3.23,1.28,99.7,1.48,0.55,1.23,0.6,0.83,0.5042,0.9258,0.0,8.92,2.09,23.65,99.8,99.9,,,,,,,0.7064,4.199,6.758,0.14,cuda,0.8579,0.9175,1.137,0.4756,,,0.969,0.9044,anatomical,0.575,off,,,,,,,,,,off,,,,8.6962
evaluate_epoch_e500_modelonly.csv,MSEOnly_1.3_e500_phys0.3,modelonly,800,2026-09-19 20:49:32,persistent,tfm_declip_cov_MSEOnly_1.3_e500_anat,1.0,0.3,1500,306,0.197823,0.000149,23.78,99.52,9.09,3.39,3.23,1.36,99.7,1.63,0.56,1.4,0.64,1.02,0.5042,0.8651,0.0,8.92,2.01,23.65,99.88,99.9,,,,,,,0.6335,4.048,9.397,0.1349,cuda,0.837,0.9021,1.3,0.4756,,,0.9602,0.8816,anatomical,0.575,off,,,,,,,,,,off,,,,7.9258
evaluate_epoch_e500_modelonly.csv,MSEOnly_1.3_e500_phys0.3,modelonly,850,2026-09-19 20:50:39,persistent,tfm_declip_cov_MSEOnly_1.3_e500_anat,1.0,0.3,1500,306,0.197823,0.000699,23.78,99.15,9.09,4.51,3.23,1.54,99.5,1.26,0.5,1.07,0.55,0.71,0.5042,0.8321,0.0,8.92,3.27,23.65,99.69,99.8,,,,,,,0.598,7.067,20.195,0.2356,cuda,0.8904,0.9389,0.934,0.4756,,,0.9778,0.9288,anatomical,0.575,off,,,,,,,,,,off,,,,8.1031
evaluate_epoch_e500_modelonly.csv,MSEOnly_1.3_e500_phys0.3,modelonly,900,2026-09-19 20:51:48,persistent,tfm_declip_cov_MSEOnly_1.3_e500_anat,1.0,0.3,1500,306,0.197823,0.0003,23.78,99.38,9.09,3.54,3.23,1.51,99.6,1.68,0.77,1.41,0.82,1.1,0.5042,0.8903,0.0,8.92,2.91,23.65,99.78,99.9,,,,,,,0.6669,5.02,15.386,0.1673,cuda,0.8281,0.8929,1.402,0.4756,,,0.9541,0.8736,anatomical,0.575,off,,,,,,,,,,off,,,,9.0872
evaluate_epoch_e500_modelonly.csv,MSEOnly_1.3_e500_phys0.3,modelonly,950,2026-09-19 20:53:03,persistent,tfm_declip_cov_MSEOnly_1.3_e500_anat,1.0,0.3,1500,306,0.197823,0.000863,23.78,98.61,9.09,4.71,3.23,0.88,99.5,1.29,0.5,1.19,0.58,0.87,0.5042,0.7875,0.0,8.92,4.31,23.65,99.68,99.7,,,,,,,0.5456,5.38,16.491,0.1793,cuda,0.8776,0.9358,0.974,0.4756,,,0.9761,0.9227,anatomical,0.575,off,,,,,,,,,,off,,,,7.748
evaluate_epoch_e500_modelonly.csv,MSEOnly_1.3_e500_phys0.3,modelonly,1000,2026-09-19 20:54:13,persistent,tfm_declip_cov_MSEOnly_1.3_e500_anat,1.0,0.3,1500,306,0.197823,0.0005,23.78,98.79,9.09,3.89,3.23,1.43,99.3,1.16,0.52,0.96,0.56,0.63,0.5042,0.808,0.0,8.92,2.57,23.65,99.65,99.8,,,,,,,0.5618,4.683,12.422,0.1561,cuda,0.8992,0.9438,0.85,0.4756,,,0.9816,0.9412,anatomical,0.575,off,,,,,,,,,,off,,,,8.1088
evaluate_epoch_e500_modelonly.csv,MSEOnly_1.3_e500_phys0.3,modelonly,1050,2026-09-19 20:55:19,persistent,tfm_declip_cov_MSEOnly_1.3_e500_anat,1.0,0.3,1500,306,0.197823,0.000736,23.78,98.86,9.09,5.27,3.23,1.37,99.4,1.01,0.49,0.84,0.57,0.52,0.5042,0.7205,0.0,8.92,3.48,23.65,99.47,99.6,,,,,,,0.4525,3.169,6.864,0.1056,cuda,0.9231,0.9598,0.692,0.4756,,,0.9871,0.9567,anatomical,0.575,off,,,,,,,,,,off,,,,7.4261
evaluate_epoch_e500_modelonly.csv,MSEOnly_1.3_e500_phys0.3,modelonly,1100,2026-09-19 20:56:23,persistent,tfm_declip_cov_MSEOnly_1.3_e500_anat,1.0,0.3,1500,306,0.197823,0.000275,23.78,99.06,9.09,3.89,3.23,1.24,99.5,0.96,0.51,0.83,0.62,0.53,0.5042,0.7485,0.0,8.92,2.77,23.65,99.74,99.8,,,,,,,0.4903,6.216,16.909,0.2072,cuda,0.9292,0.9627,0.668,0.4756,,,0.9872,0.9589,anatomical,0.575,off,,,,,,,,,,off,,,,7.5131
evaluate_epoch_e500_modelonly.csv,MSEOnly_1.3_e500_phys0.3,modelonly,1150,2026-09-19 20:57:28,persistent,tfm_declip_cov_MSEOnly_1.3_e500_anat,1.0,0.3,1500,306,0.197823,0.000468,23.78,99.25,9.09,4.43,3.23,1.14,99.7,0.95,0.47,0.8,0.57,0.51,0.5042,0.7238,0.0,8.92,3.0,23.65,99.66,99.7,,,,,,,0.459,4.752,13.003,0.1584,cuda,0.9261,0.9617,0.661,0.4756,,,0.9878,0.9602,anatomical,0.575,off,,,,,,,,,,off,,,,7.3503
evaluate_epoch_e500_modelonly.csv,MSEOnly_1.3_e500_phys0.3,modelonly,1200,2026-09-19 20:58:31,persistent,tfm_declip_cov_MSEOnly_1.3_e500_anat,1.0,0.3,1500,306,0.197823,0.00055,23.78,98.69,9.09,5.34,3.23,1.05,99.4,0.97,0.52,0.79,0.56,0.5,0.5042,0.7202,0.0,8.92,3.51,23.65,99.68,99.8,,,,,,,0.4519,4.225,12.705,0.1408,cuda,0.9259,0.9608,0.675,0.4756,,,0.9871,0.9588,anatomical,0.575,off,,,,,,,,,,off,,,,7.265
evaluate_epoch_e500_modelonly.csv,MSEOnly_1.3_e500_phys0.3,modelonly,1250,2026-09-19 20:59:33,persistent,tfm_declip_cov_MSEOnly_1.3_e500_anat,1.0,0.3,1500,306,0.197823,4.5e-05,23.78,99.59,9.09,1.95,3.23,0.72,99.9,1.14,0.47,1.07,0.53,0.78,0.5042,0.7315,0.0,8.92,2.21,23.65,99.86,99.9,,,,,,,0.4764,4.503,6.056,0.1501,cuda,0.9002,0.9494,0.852,0.4756,,,0.98,0.9348,anatomical,0.575,off,,,,,,,,,,off,,,,7.1807
evaluate_epoch_e500_modelonly.csv,MSEOnly_1.3_e500_phys0.3,modelonly,1300,2026-09-19 21:00:36,persistent,tfm_declip_cov_MSEOnly_1.3_e500_anat,1.0,0.3,1500,306,0.197823,0.000143,23.78,99.16,9.09,2.84,3.23,0.81,99.7,0.89,0.47,0.75,0.55,0.47,0.5042,0.6932,0.0,8.92,3.09,23.65,99.78,99.9,,,,,,,0.4211,4.613,9.773,0.1538,cuda,0.9368,0.9672,0.607,0.4756,,,0.9892,0.9644,anatomical,0.575,off,,,,,,,,,,off,,,,7.3261
evaluate_epoch_e500_modelonly.csv,MSEOnly_1.3_e500_phys0.3,modelonly,1350,2026-09-19 21:01:44,persistent,tfm_declip_cov_MSEOnly_1.3_e500_anat,1.0,0.3,1500,306,0.197823,0.000699,23.78,99.13,9.09,4.82,3.23,1.16,99.6,0.89,0.47,0.76,0.55,0.48,0.5042,0.7025,0.0,8.92,4.14,23.65,99.59,99.6,,,,,,,0.4274,6.865,21.96,0.2288,cuda,0.935,0.966,0.595,0.4756,,,0.9894,0.9656,anatomical,0.575,off,,,,,,,,,,off,,,,7.3116
evaluate_epoch_e500_modelonly.csv,MSEOnly_1.3_e500_phys0.3,modelonly,1400,2026-09-19 21:02:54,persistent,tfm_declip_cov_MSEOnly_1.3_e500_anat,1.0,0.3,1500,306,0.197823,5e-05,23.78,99.42,9.09,2.37,3.23,0.79,99.8,1.27,0.53,0.96,0.55,0.67,0.5042,0.7509,0.0,8.92,2.63,23.65,99.85,99.9,,,,,,,0.4875,10.494,23.736,0.3498,cuda,0.8706,0.9199,1.039,0.4756,,,0.9741,0.9226,anatomical,0.575,off,,,,,,,,,,off,,,,9.1438
evaluate_epoch_e500_modelonly.csv,MSEOnly_1.3_e500_phys0.3,modelonly,1450,2026-09-19 21:04:04,persistent,tfm_declip_cov_MSEOnly_1.3_e500_anat,1.0,0.3,1500,306,0.197823,0.00058,23.78,99.71,9.09,5.1,3.23,2.47,99.7,0.9,0.45,0.73,0.51,0.47,0.5042,0.6681,0.0,8.92,3.84,23.65,99.72,99.7,,,,,,,0.3887,9.63,25.193,0.321,cuda,0.9276,0.9632,0.642,0.4756,,,0.9888,0.963,anatomical,0.575,off,,,,,,,,,,off,,,,7.1543
evaluate_epoch_e500_modelonly.csv,MSEOnly_1.3_e500_phys0.3,modelonly,1500,2026-09-19 21:05:20,persistent,tfm_declip_cov_MSEOnly_1.3_e500_anat,1.0,0.3,1500,306,0.197823,6.5e-05,23.78,99.29,9.09,2.43,3.23,0.6,99.8,0.77,0.46,0.67,0.53,0.41,0.5042,0.6679,0.0,8.92,2.69,23.65,99.85,99.9,,,,,,,0.3893,7.007,24.203,0.2336,cuda,0.951,0.9752,0.501,0.4756,,,0.9921,0.9744,anatomical,0.575,off,,,,,,,,,,off,,,,7.0559
evaluate_epoch_e500_modelonly.csv,MSEOnly_1.3_e500_phys0.3,modelonly,1550,2026-09-30 17:49:23,persistent,tfm_declip_cov_MSEOnly_1.3_e500_anat,1.0,0.3,2500,306,0.197823,4.3e-05,23.78,99.62,9.09,2.52,3.23,0.69,99.9,1.04,0.47,0.88,0.52,0.65,0.5042,0.6888,0.0,8.92,2.77,23.65,99.8,99.9,,,,,,,0.412,4.476,14.553,0.1492,cuda,0.8952,0.9443,0.803,0.4756,,,0.9832,0.9453,anatomical,0.575,off,,,,,,,,,,off,,,,7.4342
evaluate_epoch_e500_modelonly.csv,MSEOnly_1.3_e500_phys0.3,modelonly,1600,2026-09-30 17:50:36,persistent,tfm_declip_cov_MSEOnly_1.3_e500_anat,1.0,0.3,2500,306,0.197823,0.000317,23.78,99.26,9.09,3.88,3.23,1.05,99.7,0.81,0.46,0.68,0.52,0.43,0.5042,0.6612,0.0,8.92,2.59,23.65,99.69,99.8,,,,,,,0.3738,4.83,13.935,0.161,cuda,0.945,0.9726,0.548,0.4756,,,0.9912,0.9703,anatomical,0.575,off,,,,,,,,,,off,,,,7.0297
evaluate_epoch_e500_modelonly.csv,MSEOnly_1.3_e500_phys0.3,modelonly,1650,2026-09-30 17:51:54,persistent,tfm_declip_cov_MSEOnly_1.3_e500_anat,1.0,0.3,2500,306,0.197823,0.000538,23.78,99.39,9.09,4.17,3.23,1.24,99.7,0.7,0.43,0.61,0.51,0.36,0.5042,0.6335,0.0,8.92,4.17,23.65,99.73,99.7,,,,,,,0.336,3.444,7.094,0.1148,cuda,0.9616,0.9818,0.426,0.4756,,,0.9943,0.9803,anatomical,0.575,off,,,,,,,,,,off,,,,6.7484
evaluate_epoch_e500_modelonly.csv,MSEOnly_1.3_e500_phys0.3,modelonly,1700,2026-09-30 17:53:07,persistent,tfm_declip_cov_MSEOnly_1.3_e500_anat,1.0,0.3,2500,306,0.197823,0.000452,23.78,99.48,9.09,4.24,3.23,1.34,99.7,0.79,0.47,0.66,0.5,0.44,0.5042,0.6349,0.0,8.92,4.49,23.65,99.79,99.7,,,,,,,0.3407,3.264,6.316,0.1088,cuda,0.9448,0.9729,0.544,0.4756,,,0.9904,0.9684,anatomical,0.575,off,,,,,,,,,,off,,,,6.6913
evaluate_epoch_e500_modelonly.csv,MSEOnly_1.3_e500_phys0.3,modelonly,1750,2026-09-30 17:54:16,persistent,tfm_declip_cov_MSEOnly_1.3_e500_anat,1.0,0.3,2500,306,0.197823,0.000569,23.78,99.17,9.09,4.6,3.23,1.17,99.6,0.7,0.46,0.63,0.51,0.39,0.5042,0.637,0.0,8.92,4.16,23.65,99.71,99.7,,,,,,,0.3465,6.454,19.934,0.2151,cuda,0.9595,0.9806,0.436,0.4756,,,0.994,0.9799,anatomical,0.575,off,,,,,,,,,,off,,,,6.7851
evaluate_epoch_e500_modelonly.csv,MSEOnly_1.3_e500_phys0.3,modelonly,1800,2026-09-30 17:55:24,persistent,tfm_declip_cov_MSEOnly_1.3_e500_anat,1.0,0.3,2500,306,0.197823,7.1e-05,23.78,99.3,9.09,2.88,3.23,0.73,99.8,0.81,0.51,0.65,0.5,0.41,0.5042,0.6559,0.0,8.92,3.14,23.65,99.83,99.9,,,,,,,0.365,6.253,21.556,0.2084,cuda,0.9443,0.9702,0.542,0.4756,,,0.9906,0.9708,anatomical,0.575,off,,,,,,,,,,off,,,,6.9049
evaluate_epoch_e500_modelonly.csv,MSEOnly_1.3_e500_phys0.3,modelonly,1850,2026-09-30 17:56:31,persistent,tfm_declip_cov_MSEOnly_1.3_e500_anat,1.0,0.3,2500,306,0.197823,0.000255,23.78,99.61,9.09,3.16,3.23,1.3,99.8,0.7,0.41,0.6,0.49,0.36,0.5042,0.6228,0.0,8.92,3.04,23.65,99.69,99.8,,,,,,,0.3266,6.395,19.95,0.2132,cuda,0.956,0.9792,0.451,0.4756,,,0.9938,0.9789,anatomical,0.575,off,,,,,,,,,,off,,,,6.6712
evaluate_epoch_e500_modelonly.csv,MSEOnly_1.3_e500_phys0.3,modelonly,1900,2026-09-30 17:57:40,persistent,tfm_declip_cov_MSEOnly_1.3_e500_anat,1.0,0.3,2500,306,0.197823,7.2e-05,23.78,99.53,9.09,2.56,3.23,0.7,99.9,0.68,0.42,0.57,0.48,0.34,0.5042,0.6297,0.0,8.92,2.82,23.65,99.8,99.9,,,,,,,0.3322,10.076,21.473,0.3359,cuda,0.9589,0.98,0.43,0.4756,,,0.9941,0.9801,anatomical,0.575,off,,,,,,,,,,off,,,,6.747
evaluate_epoch_e500_modelonly.csv,MSEOnly_1.3_e500_phys0.3,modelonly,1950,2026-09-30 17:58:50,persistent,tfm_declip_cov_MSEOnly_1.3_e500_anat,1.0,0.3,2500,306,0.197823,0.000721,23.78,99.51,9.09,5.14,3.23,1.44,99.7,0.84,0.43,0.64,0.49,0.41,0.5042,0.6466,0.0,8.92,5.14,23.65,99.72,99.7,,,,,,,0.3537,6.753,20.77,0.2251,cuda,0.9306,0.966,0.605,0.4756,,,0.9902,0.9666,anatomical,0.575,off,,,,,,,,,,off,,,,6.9989
evaluate_epoch_e500_modelonly.csv,MSEOnly_1.3_e500_phys0.3,modelonly,2000,2026-09-30 18:00:01,persistent,tfm_declip_cov_MSEOnly_1.3_e500_anat,1.0,0.3,2500,306,0.197823,0.00061,23.78,99.08,9.09,3.96,3.23,1.22,99.5,0.71,0.42,0.66,0.47,0.42,0.5042,0.6303,0.0,8.92,3.12,23.65,99.61,99.8,,,,,,,0.3367,7.991,22.868,0.2664,cuda,0.9554,0.9787,0.455,0.4756,,,0.9937,0.9784,anatomical,0.575,off,,,,,,,,,,off,,,,6.6747
evaluate_epoch_e500_modelonly.csv,MSEOnly_1.3_e500_phys0.3,modelonly,2050,2026-09-30 18:01:10,persistent,tfm_declip_cov_MSEOnly_1.3_e500_anat,1.0,0.3,2500,306,0.197823,2.6e-05,23.78,99.52,9.09,2.65,3.23,0.39,99.9,0.6,0.41,0.54,0.47,0.3,0.5042,0.6089,0.0,8.92,2.9,23.65,99.91,99.9,,,,,,,0.3073,5.924,17.727,0.1975,cuda,0.9705,0.9858,0.353,0.4756,,,0.9956,0.9855,anatomical,0.575,off,,,,,,,,,,off,,,,6.6089
evaluate_epoch_e500_modelonly.csv,MSEOnly_1.3_e500_phys0.3,modelonly,2100,2026-09-30 18:02:19,persistent,tfm_declip_cov_MSEOnly_1.3_e500_anat,1.0,0.3,2500,306,0.197823,0.00035,23.78,99.08,9.09,3.88,3.23,0.88,99.7,0.68,0.41,0.6,0.45,0.37,0.5042,0.6065,0.0,8.92,3.88,23.65,99.71,99.8,,,,,,,0.3013,5.004,15.778,0.1668,cuda,0.9609,0.982,0.422,0.4756,,,0.9944,0.981,anatomical,0.575,off,,,,,,,,,,off,,,,6.6198
evaluate_epoch_e500_modelonly.csv,MSEOnly_1.3_e500_phys0.3,modelonly,2150,2026-09-30 18:03:26,persistent,tfm_declip_cov_MSEOnly_1.3_e500_anat,1.0,0.3,2500,306,0.197823,0.000642,23.78,99.13,9.09,4.39,3.23,0.96,99.7,0.71,0.45,0.56,0.49,0.34,0.5042,0.6031,0.0,8.92,3.96,23.65,99.73,99.7,,,,,,,0.3023,6.09,17.427,0.203,cuda,0.949,0.9747,0.479,0.4756,,,0.9928,0.976,anatomical,0.575,off,,,,,,,,,,off,,,,6.7871
evaluate_epoch_e500_modelonly.csv,MSEOnly_1.3_e500_phys0.3,modelonly,2200,2026-09-30 18:04:34,persistent,tfm_declip_cov_MSEOnly_1.3_e500_anat,1.0,0.3,2500,306,0.197823,0.00095,23.78,99.25,9.09,4.96,3.23,1.14,99.7,0.6,0.42,0.51,0.47,0.29,0.5042,0.5909,0.0,8.92,4.96,23.65,99.73,99.6,,,,,,,0.282,9.12,21.463,0.304,cuda,0.9694,0.9857,0.356,0.4756,,,0.9957,0.9856,anatomical,0.575,off,,,,,,,,,,off,,,,6.4466
evaluate_epoch_e500_modelonly.csv,MSEOnly_1.3_e500_phys0.3,modelonly,2250,2026-09-30 18:05:44,persistent,tfm_declip_cov_MSEOnly_1.3_e500_anat,1.0,0.3,2500,306,0.197823,0.00084,23.78,99.41,9.09,4.88,3.23,1.33,99.7,0.75,0.42,0.6,0.48,0.38,0.5042,0.615,0.0,8.92,4.88,23.65,99.72,99.7,,,,,,,0.3157,11.006,22.922,0.3669,cuda,0.9444,0.9733,0.508,0.4756,,,0.9928,0.9753,anatomical,0.575,off,,,,,,,,,,off,,,,6.7953
evaluate_epoch_e500_modelonly.csv,MSEOnly_1.3_e500_phys0.3,modelonly,2300,2026-09-30 18:06:54,persistent,tfm_declip_cov_MSEOnly_1.3_e500_anat,1.0,0.3,2500,306,0.197823,0.000928,23.78,99.47,9.09,5.09,3.23,1.62,99.6,0.64,0.44,0.54,0.48,0.32,0.5042,0.6006,0.0,8.92,5.09,23.65,99.71,99.6,,,,,,,0.2944,10.32,20.595,0.344,cuda,0.963,0.9823,0.398,0.4756,,,0.9945,0.9817,anatomical,0.575,off,,,,,,,,,,off,,,,6.543
evaluate_epoch_e500_modelonly.csv,MSEOnly_1.3_e500_phys0.3,modelonly,2350,2026-09-30 18:07:58,persistent,tfm_declip_cov_MSEOnly_1.3_e500_anat,1.0,0.3,2500,306,0.197823,0.000855,23.78,99.28,9.09,5.05,3.23,1.24,99.6,0.57,0.41,0.49,0.45,0.27,0.5042,0.5884,0.0,8.92,5.05,23.65,99.72,99.6,,,,,,,0.2792,3.882,4.17,0.1294,cuda,0.9735,0.9872,0.324,0.4756,,,0.9961,0.9873,anatomical,0.575,off,,,,,,,,,,off,,,,6.5209
evaluate_epoch_e500_modelonly.csv,MSEOnly_1.3_e500_phys0.3,modelonly,2400,2026-09-30 18:09:02,persistent,tfm_declip_cov_MSEOnly_1.3_e500_anat,1.0,0.3,2500,306,0.197823,0.000929,23.78,99.27,9.09,5.12,3.23,1.3,99.6,0.73,0.43,0.6,0.49,0.39,0.5042,0.5905,0.0,8.92,5.12,23.65,99.77,99.6,,,,,,,0.2814,3.827,5.495,0.1276,cuda,0.9551,0.9798,0.498,0.4756,,,0.992,0.9723,anatomical,0.575,off,,,,,,,,,,off,,,,6.4782
evaluate_epoch_e500_modelonly.csv,MSEOnly_1.3_e500_phys0.3,modelonly,2450,2026-09-30 18:10:11,persistent,tfm_declip_cov_MSEOnly_1.3_e500_anat,1.0,0.3,2500,306,0.197823,7.3e-05,23.78,99.59,9.09,2.78,3.23,0.74,99.9,0.6,0.44,0.5,0.48,0.29,0.5042,0.5904,0.0,8.92,3.03,23.65,99.72,99.9,,,,,,,0.282,8.647,22.168,0.2882,cuda,0.9692,0.9848,0.358,0.4756,,,0.9952,0.9847,anatomical,0.575,off,,,,,,,,,,off,,,,6.6043
evaluate_epoch_e500_modelonly.csv,MSEOnly_1.3_e500_phys0.3,modelonly,2500,2026-09-30 18:11:19,persistent,tfm_declip_cov_MSEOnly_1.3_e500_anat,1.0,0.3,2500,306,0.197823,0.001,23.78,99.14,9.09,5.13,3.23,1.35,99.5,0.73,0.42,0.62,0.47,0.39,0.5042,0.5886,0.0,8.92,5.13,23.65,99.69,99.5,,,,,,,0.2812,8.847,21.774,0.2949,cuda,0.9572,0.9804,0.491,0.4756,,,0.9928,0.9755,anatomical,0.575,off,,,,,,,,,,off,,,,6.451
evaluate_epoch_e500_modelonly.csv,MSEOnly_1.3_e500_phys0.3,modelonly,2550,2026-09-30 22:05:47,persistent,tfm_declip_cov_MSEOnly_1.3_e500_anat,1.0,0.3,3000,306,0.197823,0.000943,23.78,99.51,9.09,4.88,3.23,1.71,99.7,0.55,0.42,0.48,0.47,0.27,0.5042,0.5813,0.0,8.92,4.77,23.65,99.69,99.6,,,,,,,0.2689,7.211,24.22,0.2404,cuda,0.9747,0.9878,0.314,0.4756,,,0.9962,0.9877,anatomical,0.575,off,,,,,,,,,,off,,,,6.4591
evaluate_epoch_e500_modelonly.csv,MSEOnly_1.3_e500_phys0.3,modelonly,2600,2026-09-30 22:07:03,persistent,tfm_declip_cov_MSEOnly_1.3_e500_anat,1.0,0.3,3000,306,0.197823,0.000557,23.78,99.25,9.09,3.76,3.23,1.38,99.6,0.6,0.42,0.51,0.49,0.3,0.5042,0.5813,0.0,8.92,3.1,23.65,99.71,99.7,,,,,,,0.2709,4.797,11.568,0.1599,cuda,0.9731,0.9875,0.347,0.4756,,,0.9959,0.9861,anatomical,0.575,off,,,,,,,,,,off,,,,6.5111
evaluate_epoch_e500_modelonly.csv,MSEOnly_1.3_e500_phys0.3,modelonly,2650,2026-09-30 22:08:15,persistent,tfm_declip_cov_MSEOnly_1.3_e500_anat,1.0,0.3,3000,306,0.197823,0.000364,23.78,99.61,9.09,4.22,3.23,1.12,99.8,0.78,0.43,0.6,0.52,0.39,0.5042,0.6003,0.0,8.92,4.22,23.65,99.76,99.8,,,,,,,0.2987,5.424,11.866,0.1808,cuda,0.9466,0.9746,0.544,0.4756,,,0.9918,0.9722,anatomical,0.575,off,,,,,,,,,,off,,,,6.6893
evaluate_epoch_e500_modelonly.csv,MSEOnly_1.3_e500_phys0.3,modelonly,2700,2026-09-30 22:09:25,persistent,tfm_declip_cov_MSEOnly_1.3_e500_anat,1.0,0.3,3000,306,0.197823,0.000698,23.78,99.59,9.09,4.54,3.23,1.7,99.7,0.57,0.4,0.48,0.46,0.27,0.5042,0.5759,0.0,8.92,4.54,23.65,99.77,99.7,,,,,,,0.2603,5.731,12.888,0.191,cuda,0.9724,0.987,0.333,0.4756,,,0.9961,0.9872,anatomical,0.575,off,,,,,,,,,,off,,,,6.4835
evaluate_epoch_e500_modelonly.csv,MSEOnly_1.3_e500_phys0.3,modelonly,2750,2026-09-30 22:10:44,persistent,tfm_declip_cov_MSEOnly_1.3_e500_anat,1.0,0.3,3000,306,0.197823,4.4e-05,23.78,98.85,9.09,1.52,3.23,0.49,99.8,0.82,0.48,0.75,0.51,0.51,0.5042,0.6078,0.0,8.92,1.62,23.65,99.85,99.9,,,,,,,0.3109,6.174,12.469,0.2058,cuda,0.9328,0.9663,0.591,0.4756,,,0.9898,0.9675,anatomical,0.575,off,,,,,,,,,,off,,,,6.7316
evaluate_epoch_e500_modelonly.csv,MSEOnly_1.3_e500_phys0.3,modelonly,2800,2026-09-30 22:12:01,persistent,tfm_declip_cov_MSEOnly_1.3_e500_anat,1.0,0.3,3000,306,0.197823,0.000686,23.78,99.3,9.09,4.61,3.23,1.25,99.6,0.58,0.42,0.5,0.48,0.3,0.5042,0.5841,0.0,8.92,4.61,23.65,99.69,99.6,,,,,,,0.2744,6.41,19.968,0.2137,cuda,0.9734,0.9873,0.34,0.4756,,,0.9958,0.9863,anatomical,0.575,off,,,,,,,,,,off,,,,6.481
evaluate_epoch_e500_modelonly.csv,MSEOnly_1.3_e500_phys0.3,modelonly,2850,2026-09-30 22:13:18,persistent,tfm_declip_cov_MSEOnly_1.3_e500_anat,1.0,0.3,3000,306,0.197823,7.5e-05,23.78,99.46,9.09,2.8,3.23,0.66,99.9,0.58,0.39,0.49,0.48,0.28,0.5042,0.5952,0.0,8.92,3.05,23.65,99.84,99.9,,,,,,,0.2848,5.962,16.633,0.1987,cuda,0.9717,0.9863,0.336,0.4756,,,0.9959,0.9867,anatomical,0.575,off,,,,,,,,,,off,,,,6.4973
evaluate_epoch_e500_modelonly.csv,MSEOnly_1.3_e500_phys0.3,modelonly,2900,2026-09-30 22:14:36,persistent,tfm_declip_cov_MSEOnly_1.3_e500_anat,1.0,0.3,3000,306,0.197823,0.000772,23.78,99.62,9.09,5.07,3.23,2.02,99.7,0.56,0.4,0.47,0.45,0.27,0.5042,0.5811,0.0,8.92,5.07,23.65,99.73,99.6,,,,,,,0.2659,6.059,17.763,0.202,cuda,0.9707,0.9859,0.332,0.4756,,,0.9958,0.9863,anatomical,0.575,off,,,,,,,,,,off,,,,6.4854
evaluate_epoch_e500_modelonly.csv,MSEOnly_1.3_e500_phys0.3,modelonly,2950,2026-09-30 22:15:51,persistent,tfm_declip_cov_MSEOnly_1.3_e500_anat,1.0,0.3,3000,306,0.197823,0.000151,23.78,99.58,9.09,2.74,3.23,0.98,99.8,0.55,0.41,0.47,0.46,0.26,0.5042,0.5718,0.0,8.92,2.99,23.65,99.72,99.8,,,,,,,0.2575,7.124,16.074,0.2375,cuda,0.9735,0.9872,0.318,0.4756,,,0.9961,0.9874,anatomical,0.575,off,,,,,,,,,,off,,,,6.3822
evaluate_epoch_e500_modelonly.csv,MSEOnly_1.3_e500_phys0.3,modelonly,3000,2026-09-30 22:17:08,persistent,tfm_declip_cov_MSEOnly_1.3_e500_anat,1.0,0.3,3000,306,0.197823,5.1e-05,23.78,99.38,9.09,2.63,3.23,0.59,99.9,0.52,0.41,0.46,0.47,0.25,0.5042,0.569,0.0,8.92,2.88,23.65,99.84,99.9,,,,,,,0.2523,4.23,9.599,0.141,cuda,0.9781,0.9891,0.287,0.4756,,,0.9965,0.9892,anatomical,0.575,off,,,,,,,,,,off,,,,6.4178
evaluate_epoch_large.csv,tfmL_d256h8L4f1024_phys0.3,deploy,20,2026-09-12 20:55:55,clean,tfmL_declip_cov_MSEOnly_1.3_d256h8L4f1024_anat,1.0,0.3,500,306,3.1e-05,6e-06,99.73,99.93,1.75,1.46,0.88,0.83,77.4,2.46,0.57,3.05,0.99,,0.4536,0.4016,0.0,2.02,0.0,99.77,100.0,100.0,30.71,55.36,87.31,0.0,0.0,9.11,0.2792,10.781,36.58,0.3594,cuda,0.7001,0.7836,2.463,0.4756,98.22,73.01,0.8867,0.7307,anatomical,0.575,infer,24.0,1.8,0.2,trained4,5.524,0.1841,0.22,0.0,0.0753,ma_zerophase,5.0,,0.0112,4.12
evaluate_epoch_large.csv,tfmL_d256h8L4f1024_phys0.3,deploy,40,2026-09-12 20:58:43,clean,tfmL_declip_cov_MSEOnly_1.3_d256h8L4f1024_anat,1.0,0.3,500,306,3.1e-05,1e-06,99.73,99.95,1.75,0.58,0.88,0.28,93.6,1.53,0.54,2.12,1.02,,0.4536,0.3914,0.0,2.02,0.0,99.77,100.0,100.0,50.06,74.73,95.06,0.01,2.37,49.49,0.2455,10.227,31.114,0.3409,cuda,0.8063,0.8826,1.528,0.4756,99.64,93.94,0.9478,0.8521,anatomical,0.575,infer,24.0,1.8,0.2,trained4,7.029,0.2343,0.27,0.0,0.0393,ma_zerophase,5.0,,0.0127,4.3494
evaluate_epoch_large.csv,tfmL_d256h8L4f1024_phys0.3,deploy,50,2026-09-20 18:50:59,clean,tfmL_declip_cov_MSEOnly_1.3_d256h8L4f1024_anat,1.0,0.3,1500,306,3.1e-05,6.8e-05,99.73,99.81,1.75,2.0,0.88,1.16,10.2,1.35,0.51,1.89,1.07,,0.4536,0.3919,0.0,2.02,0.0,99.77,100.0,100.0,56.68,77.13,96.28,0.03,2.12,61.69,0.2403,11.343,27.977,0.3781,cuda,0.8239,0.8987,1.354,0.4756,99.8,96.99,0.9595,0.8785,anatomical,0.575,infer,24.0,1.8,0.2,trained4,5.702,0.1901,0.21,0.0,0.0507,ma_zerophase,5.0,,0.0113,4.3437
evaluate_epoch_large.csv,tfmL_d256h8L4f1024_phys0.3,deploy,60,2026-09-12 21:01:21,clean,tfmL_declip_cov_MSEOnly_1.3_d256h8L4f1024_anat,1.0,0.3,500,306,3.1e-05,0.000672,99.73,97.37,1.75,6.98,0.88,1.17,-1181.1,3.29,0.9,3.05,0.92,,0.4536,0.47,0.0,2.02,0.0,99.77,100.0,100.0,41.0,54.9,76.14,0.0,0.0,1.72,0.3343,4.856,7.191,0.1619,cuda,0.6527,0.7148,3.292,0.4756,92.7,39.38,0.8503,0.6857,anatomical,0.575,infer,24.0,1.8,0.2,trained4,9.493,0.3164,2.55,0.0,0.0915,ma_zerophase,5.0,,0.0111,8.1008
evaluate_epoch_large.csv,tfmL_d256h8L4f1024_phys0.3,deploy,80,2026-09-12 21:04:07,clean,tfmL_declip_cov_MSEOnly_1.3_d256h8L4f1024_anat,1.0,0.3,500,306,3.1e-05,2.3e-05,99.73,99.93,1.75,3.43,0.88,1.47,59.8,4.33,0.7,3.35,0.8,,0.4536,0.4507,0.0,2.02,0.0,99.77,100.0,100.0,39.76,53.6,70.74,0.0,0.0,0.04,0.3139,10.143,25.823,0.3381,cuda,0.6218,0.6687,4.333,0.4756,84.98,3.24,0.7938,0.6352,anatomical,0.575,infer,24.0,1.8,0.2,trained4,6.799,0.2266,0.09,0.0,0.1705,ma_zerophase,5.0,,0.0132,7.1183
evaluate_epoch_large.csv,tfmL_d256h8L4f1024_phys0.3,deploy,100,2026-09-12 21:06:49,clean,tfmL_declip_cov_MSEOnly_1.3_d256h8L4f1024_anat,1.0,0.3,500,306,3.1e-05,3.6e-05,99.73,99.83,1.75,1.52,0.88,1.14,16.7,3.91,0.51,3.03,0.9,,0.4536,0.4106,0.0,2.02,0.0,99.77,100.0,100.0,39.5,51.94,70.05,0.0,0.0,0.0,0.2759,7.348,16.761,0.2449,cuda,0.6148,0.662,3.911,0.4756,87.67,8.44,0.8071,0.6314,anatomical,0.575,infer,24.0,1.8,0.2,trained4,6.771,0.2257,0.07,0.0,0.0181,ma_zerophase,5.0,,0.0124,5.3022
evaluate_epoch_large.csv,tfmL_d256h8L4f1024_phys0.3,deploy,120,2026-09-12 21:09:36,clean,tfmL_declip_cov_MSEOnly_1.3_d256h8L4f1024_anat,1.0,0.3,500,306,3.1e-05,0.0,99.73,100.0,1.75,0.0,0.88,0.0,100.0,3.03,0.6,2.54,0.84,,0.4536,0.3856,0.0,2.02,0.0,99.77,100.0,100.0,41.92,55.2,76.26,0.0,0.0,0.02,0.249,5.5,13.344,0.1833,cuda,0.6533,0.7172,3.032,0.4756,94.07,38.79,0.8581,0.6903,anatomical,0.575,infer,24.0,1.8,0.2,trained4,6.744,0.2248,0.01,0.0,0.0032,ma_zerophase,5.0,,0.0118,4.2342
evaluate_epoch_large.csv,tfmL_d256h8L4f1024_phys0.3,deploy,140,2026-09-12 21:12:21,clean,tfmL_declip_cov_MSEOnly_1.3_d256h8L4f1024_anat,1.0,0.3,500,306,3.1e-05,4e-06,99.73,99.98,1.75,1.15,0.88,0.7,93.7,2.66,0.59,2.22,0.79,,0.4536,0.4016,0.0,2.02,0.0,99.77,100.0,100.0,41.58,58.65,80.18,0.0,0.0,1.47,0.2583,12.851,34.361,0.4284,cuda,0.6807,0.7521,2.663,0.4756,96.83,59.28,0.8836,0.724,anatomical,0.575,infer,24.0,1.8,0.2,trained4,6.284,0.2095,0.0,0.0,0.0,ma_zerophase,5.0,,0.0116,4.8122
evaluate_epoch_large.csv,tfmL_d256h8L4f1024_phys0.3,deploy,150,2026-09-20 18:53:27,clean,tfmL_declip_cov_MSEOnly_1.3_d256h8L4f1024_anat,1.0,0.3,1500,306,3.1e-05,2.2e-05,99.73,99.98,1.75,3.15,0.88,2.51,77.1,2.34,0.39,2.1,0.8,,0.4536,0.3912,0.0,2.02,0.0,99.77,100.0,100.0,47.02,61.87,82.89,0.0,0.0,1.06,0.2461,12.597,31.148,0.4199,cuda,0.7062,0.7812,2.344,0.4756,97.86,70.88,0.9012,0.7592,anatomical,0.575,infer,24.0,1.8,0.2,trained4,5.619,0.1873,0.02,0.0,0.035,ma_zerophase,5.0,,0.0111,4.5407
evaluate_epoch_large.csv,tfmL_d256h8L4f1024_phys0.3,deploy,160,2026-09-12 21:15:09,clean,tfmL_declip_cov_MSEOnly_1.3_d256h8L4f1024_anat,1.0,0.3,500,306,3.1e-05,2e-06,99.73,99.96,1.75,1.07,0.88,0.46,91.6,2.94,0.44,2.43,0.84,,0.4536,0.4079,0.0,2.02,0.0,99.77,100.0,100.0,37.61,54.84,78.06,0.0,0.0,0.07,0.2689,5.379,7.868,0.1793,cuda,0.6575,0.7259,2.945,0.4756,95.3,42.4,0.8633,0.6931,anatomical,0.575,infer,24.0,1.8,0.2,trained4,6.984,0.2328,0.07,0.0,0.0517,ma_zerophase,5.0,,0.0129,4.8176
evaluate_epoch_large.csv,tfmL_d256h8L4f1024_phys0.3,deploy,180,2026-09-12 21:17:58,clean,tfmL_declip_cov_MSEOnly_1.3_d256h8L4f1024_anat,1.0,0.3,500,306,3.1e-05,0.0,99.73,99.99,1.75,0.4,0.88,0.4,98.2,3.27,0.48,2.57,0.89,,0.4536,0.3997,0.0,2.02,0.0,99.77,100.0,100.0,36.07,53.76,75.5,0.0,0.0,0.0,0.2621,5.258,7.625,0.1753,cuda,0.6436,0.703,3.272,0.4756,91.83,21.7,0.8433,0.6672,anatomical,0.575,infer,24.0,1.8,0.2,trained4,7.184,0.2395,0.01,0.0,0.0118,ma_zerophase,5.0,,0.0138,4.675
evaluate_epoch_large.csv,tfmL_d256h8L4f1024_phys0.3,deploy,200,2026-09-12 21:20:53,clean,tfmL_declip_cov_MSEOnly_1.3_d256h8L4f1024_anat,1.0,0.3,500,306,3.1e-05,1.8e-05,99.73,99.97,1.75,3.73,0.88,1.94,73.5,3.35,0.57,2.46,0.81,,0.4536,0.4102,0.0,2.02,0.0,99.77,100.0,100.0,45.19,57.07,73.95,0.0,0.0,0.0,0.2688,5.393,7.751,0.1798,cuda,0.6526,0.7045,3.346,0.4756,89.91,14.42,0.8405,0.6807,anatomical,0.575,infer,24.0,1.8,0.2,trained4,7.185,0.2395,0.04,0.0,0.0467,ma_zerophase,5.0,,0.014,4.8932
evaluate_epoch_large.csv,tfmL_d256h8L4f1024_phys0.3,deploy,220,2026-09-12 21:23:47,clean,tfmL_declip_cov_MSEOnly_1.3_d256h8L4f1024_anat,1.0,0.3,500,306,3.1e-05,0.0,99.73,99.99,1.75,0.3,0.88,0.3,98.6,2.76,0.45,2.15,0.92,,0.4536,0.4072,0.0,2.02,0.0,99.77,100.0,100.0,47.78,59.63,78.39,0.0,0.0,0.14,0.2685,5.707,7.702,0.1902,cuda,0.6808,0.7433,2.76,0.4756,95.48,48.18,0.8794,0.7256,anatomical,0.575,infer,24.0,1.8,0.2,trained4,7.194,0.2398,0.0,0.0,0.0,ma_zerophase,5.0,,0.0141,5.0122
evaluate_epoch_large.csv,tfmL_d256h8L4f1024_phys0.3,deploy,240,2026-09-12 21:26:42,clean,tfmL_declip_cov_MSEOnly_1.3_d256h8L4f1024_anat,1.0,0.3,500,306,3.1e-05,5.3e-05,99.73,98.99,1.75,2.67,0.88,0.58,-145.4,2.76,0.57,2.57,1.04,,0.4536,0.3872,0.0,2.02,0.0,99.77,100.0,100.0,42.47,59.07,79.63,0.0,0.01,0.29,0.265,5.644,7.487,0.1881,cuda,0.68,0.7491,2.759,0.4756,95.37,37.09,0.873,0.7237,anatomical,0.575,infer,24.0,1.8,0.2,trained4,7.369,0.2456,0.08,0.0,0.0637,ma_zerophase,5.0,,0.0143,4.3627
evaluate_epoch_large.csv,tfmL_d256h8L4f1024_phys0.3,deploy,250,2026-09-20 18:55:54,clean,tfmL_declip_cov_MSEOnly_1.3_d256h8L4f1024_anat,1.0,0.3,1500,306,3.1e-05,1.7e-05,99.73,99.98,1.75,2.79,0.88,2.55,76.8,2.0,0.4,1.87,0.9,,0.4536,0.3875,0.0,2.02,0.0,99.77,100.0,100.0,51.17,64.97,87.27,0.0,0.0,5.88,0.2407,16.159,28.194,0.5386,cuda,0.734,0.8165,2.004,0.4756,98.95,84.66,0.9225,0.7996,anatomical,0.575,infer,24.0,1.8,0.2,trained4,5.5,0.1833,0.0,0.0,0.0,ma_zerophase,5.0,,0.0107,4.451
evaluate_epoch_large.csv,tfmL_d256h8L4f1024_phys0.3,deploy,260,2026-09-12 21:29:34,clean,tfmL_declip_cov_MSEOnly_1.3_d256h8L4f1024_anat,1.0,0.3,500,306,3.1e-05,2.8e-05,99.73,99.96,1.75,3.21,0.88,1.48,73.1,2.09,0.36,1.78,0.83,,0.4536,0.4012,0.0,2.02,0.0,99.77,100.0,100.0,52.61,64.12,85.8,0.0,0.0,4.11,0.2503,5.676,7.767,0.1892,cuda,0.7261,0.8068,2.095,0.4756,98.25,78.27,0.9214,0.7948,anatomical,0.575,infer,24.0,1.8,0.2,trained4,7.319,0.244,0.05,0.0,0.0175,ma_zerophase,5.0,,0.0143,4.567
evaluate_epoch_large.csv,tfmL_d256h8L4f1024_phys0.3,deploy,280,2026-09-12 21:32:29,clean,tfmL_declip_cov_MSEOnly_1.3_d256h8L4f1024_anat,1.0,0.3,500,306,3.1e-05,4e-06,99.73,99.98,1.75,1.57,0.88,0.89,91.9,2.02,0.51,1.73,0.82,,0.4536,0.4025,0.0,2.02,0.0,99.77,100.0,100.0,54.33,66.57,86.71,0.0,0.03,10.17,0.2521,5.652,7.958,0.1884,cuda,0.7435,0.8171,2.016,0.4756,98.24,78.34,0.9249,0.806,anatomical,0.575,infer,24.0,1.8,0.2,trained4,7.345,0.2448,0.05,0.0,0.0218,ma_zerophase,5.0,,0.0143,4.746
evaluate_epoch_large.csv,tfmL_d256h8L4f1024_phys0.3,deploy,300,2026-09-12 21:35:23,clean,tfmL_declip_cov_MSEOnly_1.3_d256h8L4f1024_anat,1.0,0.3,500,306,3.1e-05,2.3e-05,99.73,99.98,1.75,3.44,0.88,2.8,74.5,1.74,0.45,1.64,0.81,,0.4536,0.3971,0.0,2.02,0.0,99.77,100.0,100.0,56.09,69.42,90.48,0.0,0.03,23.62,0.2439,5.517,7.764,0.1839,cuda,0.7673,0.8463,1.744,0.4756,99.03,87.52,0.9395,0.8355,anatomical,0.575,infer,24.0,1.8,0.2,trained4,7.13,0.2377,0.05,0.0,0.104,ma_zerophase,5.0,,0.0138,4.5778
evaluate_epoch_large.csv,tfmL_d256h8L4f1024_phys0.3,deploy,320,2026-09-12 21:38:13,clean,tfmL_declip_cov_MSEOnly_1.3_d256h8L4f1024_anat,1.0,0.3,500,306,3.1e-05,5e-06,99.73,99.98,1.75,1.7,0.88,1.15,89.5,2.6,0.5,1.94,0.8,,0.4536,0.4212,0.0,2.02,0.0,99.77,100.0,100.0,51.54,63.3,81.31,0.0,0.0,1.06,0.2709,5.564,7.867,0.1855,cuda,0.7068,0.7699,2.603,0.4756,94.81,43.14,0.8925,0.7563,anatomical,0.575,infer,24.0,1.8,0.2,trained4,7.141,0.238,0.01,0.0,0.0207,ma_zerophase,5.0,,0.0134,5.3811
evaluate_epoch_large.csv,tfmL_d256h8L4f1024_phys0.3,deploy,340,2026-09-12 21:41:02,clean,tfmL_declip_cov_MSEOnly_1.3_d256h8L4f1024_anat,1.0,0.3,500,306,3.1e-05,0.0,99.73,99.99,1.75,0.24,0.88,0.24,98.9,1.88,0.42,1.71,0.85,,0.4536,0.3969,0.0,2.02,0.0,99.77,100.0,100.0,53.43,67.04,88.8,0.0,0.0,11.73,0.248,5.392,8.113,0.1797,cuda,0.7488,0.8311,1.875,0.4756,99.12,88.29,0.9331,0.8181,anatomical,0.575,infer,24.0,1.8,0.2,trained4,7.069,0.2356,0.04,0.0,0.1114,ma_zerophase,5.0,,0.0135,4.6224
evaluate_epoch_large.csv,tfmL_d256h8L4f1024_phys0.3,deploy,350,2026-09-20 18:58:20,clean,tfmL_declip_cov_MSEOnly_1.3_d256h8L4f1024_anat,1.0,0.3,1500,306,3.1e-05,1.4e-05,99.73,99.98,1.75,2.04,0.88,1.24,88.7,1.83,0.37,1.61,0.8,,0.4536,0.404,0.0,2.02,0.0,99.77,100.0,100.0,55.58,68.17,88.83,0.0,0.01,10.1,0.2472,10.215,32.055,0.3405,cuda,0.758,0.8365,1.831,0.4756,99.04,87.24,0.9375,0.8277,anatomical,0.575,infer,24.0,1.8,0.2,trained4,5.641,0.188,0.05,0.0,0.0682,ma_zerophase,5.0,,0.0103,4.6788
evaluate_epoch_large.csv,tfmL_d256h8L4f1024_phys0.3,deploy,360,2026-09-12 21:43:58,clean,tfmL_declip_cov_MSEOnly_1.3_d256h8L4f1024_anat,1.0,0.3,500,306,3.1e-05,0.0,99.73,99.99,1.75,0.3,0.88,0.3,98.6,1.75,0.37,1.61,0.81,,0.4536,0.3977,0.0,2.02,0.0,99.77,100.0,100.0,55.11,68.02,90.29,0.0,0.02,21.62,0.2451,5.581,7.643,0.186,cuda,0.76,0.844,1.746,0.4756,99.31,90.94,0.9416,0.8355,anatomical,0.575,infer,24.0,1.8,0.2,trained4,7.092,0.2364,0.03,0.0,0.012,ma_zerophase,5.0,,0.014,4.5709
evaluate_epoch_large.csv,tfmL_d256h8L4f1024_phys0.3,deploy,380,2026-09-12 21:46:52,clean,tfmL_declip_cov_MSEOnly_1.3_d256h8L4f1024_anat,1.0,0.3,500,306,3.1e-05,6e-06,99.73,99.98,1.75,1.63,0.88,0.88,92.0,1.83,0.38,1.62,0.81,,0.4536,0.4114,0.0,2.02,0.0,99.77,100.0,100.0,56.28,69.49,89.1,0.0,0.07,9.96,0.2551,5.511,7.477,0.1837,cuda,0.7648,0.838,1.833,0.4756,98.47,80.48,0.9359,0.8305,anatomical,0.575,infer,24.0,1.8,0.2,trained4,7.228,0.2409,0.0,0.0,0.0,ma_zerophase,5.0,,0.0143,4.8152
evaluate_epoch_large.csv,tfmL_d256h8L4f1024_phys0.3,deploy,400,2026-09-12 21:49:46,clean,tfmL_declip_cov_MSEOnly_1.3_d256h8L4f1024_anat,1.0,0.3,500,306,3.1e-05,3.2e-05,99.73,98.97,1.75,0.92,0.88,0.51,-121.9,1.67,0.4,1.59,0.81,,0.4536,0.4024,0.0,2.02,0.0,99.77,100.0,100.0,57.82,71.02,90.64,0.0,0.08,22.44,0.2463,5.669,7.718,0.189,cuda,0.7771,0.8535,1.666,0.4756,99.26,90.03,0.9449,0.8469,anatomical,0.575,infer,24.0,1.8,0.2,trained4,7.289,0.243,0.0,0.0,0.0,ma_zerophase,5.0,,0.0141,4.512
evaluate_epoch_large.csv,tfmL_d256h8L4f1024_phys0.3,deploy,420,2026-09-12 21:52:41,clean,tfmL_declip_cov_MSEOnly_1.3_d256h8L4f1024_anat,1.0,0.3,500,306,3.1e-05,1.9e-05,99.73,99.87,1.75,2.43,0.88,0.29,84.2,1.57,0.42,1.51,0.79,,0.4536,0.4076,0.0,2.02,0.0,99.77,100.0,100.0,59.12,73.01,92.38,0.0,0.1,33.58,0.2495,5.296,7.551,0.1765,cuda,0.7937,0.8673,1.569,0.4756,99.03,88.55,0.95,0.8609,anatomical,0.575,infer,24.0,1.8,0.2,trained4,7.153,0.2384,0.0,0.0,0.0,ma_zerophase,5.0,,0.0135,4.6318
evaluate_epoch_large.csv,tfmL_d256h8L4f1024_phys0.3,deploy,440,2026-09-12 21:55:35,clean,tfmL_declip_cov_MSEOnly_1.3_d256h8L4f1024_anat,1.0,0.3,500,306,3.1e-05,0.0,99.73,100.0,1.75,0.0,0.88,0.0,100.0,1.68,0.46,1.56,0.85,,0.4536,0.4043,0.0,2.02,0.0,99.77,100.0,100.0,57.62,71.3,90.67,0.0,0.5,28.25,0.2469,5.604,8.173,0.1868,cuda,0.7787,0.8541,1.676,0.4756,99.15,89.38,0.9452,0.8474,anatomical,0.575,infer,24.0,1.8,0.2,trained4,6.842,0.2281,0.0,0.0,0.0,ma_zerophase,5.0,,0.0129,4.6322
evaluate_epoch_large.csv,tfmL_d256h8L4f1024_phys0.3,deploy,450,2026-09-20 19:00:46,clean,tfmL_declip_cov_MSEOnly_1.3_d256h8L4f1024_anat,1.0,0.3,1500,306,3.1e-05,2e-06,99.73,99.99,1.75,1.03,0.88,1.03,95.3,1.65,0.42,1.52,0.8,,0.4536,0.4084,0.0,2.02,0.0,99.77,100.0,100.0,59.18,72.01,91.0,0.0,0.11,26.29,0.2501,15.718,30.391,0.5239,cuda,0.7836,0.8566,1.652,0.4756,98.96,87.47,0.9465,0.852,anatomical,0.575,infer,24.0,1.8,0.2,trained4,5.456,0.1819,0.0,0.0,0.0,ma_zerophase,5.0,,0.0104,4.7028
evaluate_epoch_large.csv,tfmL_d256h8L4f1024_phys0.3,deploy,460,2026-09-12 21:58:29,clean,tfmL_declip_cov_MSEOnly_1.3_d256h8L4f1024_anat,1.0,0.3,500,306,3.1e-05,0.0,99.73,100.0,1.75,0.0,0.88,0.0,100.0,1.54,0.41,1.51,0.82,,0.4536,0.4068,0.0,2.02,0.0,99.77,100.0,100.0,59.25,72.92,92.41,0.0,0.87,33.51,0.2495,5.035,7.352,0.1678,cuda,0.7924,0.8683,1.539,0.4756,99.38,91.95,0.9518,0.8624,anatomical,0.575,infer,24.0,1.8,0.2,trained4,7.349,0.245,0.0,0.0,0.0,ma_zerophase,5.0,,0.0137,4.5222
evaluate_epoch_large.csv,tfmL_d256h8L4f1024_phys0.3,deploy,480,2026-09-12 22:01:27,clean,tfmL_declip_cov_MSEOnly_1.3_d256h8L4f1024_anat,1.0,0.3,500,306,3.1e-05,0.0,99.73,100.0,1.75,0.0,0.88,0.0,100.0,1.55,0.42,1.48,0.83,,0.4536,0.4072,0.0,2.02,0.0,99.77,100.0,100.0,59.61,72.95,92.11,0.0,0.74,29.87,0.2484,5.776,7.923,0.1925,cuda,0.7931,0.867,1.546,0.4756,99.27,90.34,0.9516,0.8626,anatomical,0.575,infer,24.0,1.8,0.2,trained4,7.408,0.2469,0.02,0.0,0.0083,ma_zerophase,5.0,,0.0144,4.5405
evaluate_epoch_large.csv,tfmL_d256h8L4f1024_phys0.3,deploy,500,2026-09-12 22:04:20,clean,tfmL_declip_cov_MSEOnly_1.3_d256h8L4f1024_anat,1.0,0.3,500,306,3.1e-05,0.0,99.73,100.0,1.75,0.0,0.88,0.0,100.0,1.61,0.49,1.53,0.81,,0.4536,0.4136,0.0,2.02,0.0,99.77,100.0,100.0,58.96,72.31,91.25,0.0,0.14,28.94,0.2531,5.512,7.912,0.1837,cuda,0.7861,0.8604,1.61,0.4756,99.12,89.83,0.9486,0.8565,anatomical,0.575,infer,24.0,1.8,0.2,trained4,6.977,0.2326,0.0,0.0,0.0,ma_zerophase,5.0,,0.0137,4.5235
evaluate_epoch_large.csv,tfmL_d256h8L4f1024_phys0.3,deploy,550,2026-09-20 19:03:11,clean,tfmL_declip_cov_MSEOnly_1.3_d256h8L4f1024_anat,1.0,0.3,1500,306,3.1e-05,0.0,99.73,100.0,1.75,0.0,0.88,0.0,100.0,2.47,0.55,2.11,0.93,,0.4536,0.4657,0.0,2.02,0.0,99.77,100.0,100.0,48.78,62.09,81.74,0.0,0.0,3.39,0.3175,14.776,30.203,0.4925,cuda,0.6996,0.7717,2.47,0.4756,97.02,61.46,0.8963,0.7557,anatomical,0.575,infer,24.0,1.8,0.2,trained4,5.58,0.186,0.0,0.0,0.0,ma_zerophase,5.0,,0.0116,4.6143
evaluate_epoch_large.csv,tfmL_d256h8L4f1024_phys0.3,deploy,600,2026-09-20 19:05:36,clean,tfmL_declip_cov_MSEOnly_1.3_d256h8L4f1024_anat,1.0,0.3,1500,306,3.1e-05,0.0,99.73,100.0,1.75,0.0,0.88,0.0,100.0,1.98,0.45,1.73,0.78,,0.4536,0.4269,0.0,2.02,0.0,99.77,100.0,100.0,53.57,65.34,87.45,0.0,0.0,13.45,0.2708,14.548,31.715,0.4849,cuda,0.7382,0.8187,1.977,0.4756,98.74,84.37,0.9283,0.8093,anatomical,0.575,infer,24.0,1.8,0.2,trained4,5.371,0.179,0.0,0.0,0.0,ma_zerophase,5.0,,0.0102,4.4711
evaluate_epoch_large.csv,tfmL_d256h8L4f1024_phys0.3,deploy,650,2026-09-20 19:08:02,clean,tfmL_declip_cov_MSEOnly_1.3_d256h8L4f1024_anat,1.0,0.3,1500,306,3.1e-05,0.0,99.73,100.0,1.75,0.0,0.88,0.0,100.0,2.26,0.43,1.81,0.81,,0.4536,0.4432,0.0,2.02,0.0,99.77,100.0,100.0,57.97,66.74,82.76,0.0,0.0,1.91,0.2864,16.067,28.368,0.5356,cuda,0.7369,0.7903,2.265,0.4756,96.86,63.51,0.9111,0.7872,anatomical,0.575,infer,24.0,1.8,0.2,trained4,5.507,0.1836,0.0,0.0,0.0,ma_zerophase,5.0,,0.0107,5.1203
evaluate_epoch_large.csv,tfmL_d256h8L4f1024_phys0.3,deploy,700,2026-09-20 19:10:48,clean,tfmL_declip_cov_MSEOnly_1.3_d256h8L4f1024_anat,1.0,0.3,1500,306,3.1e-05,4e-06,99.73,99.98,1.75,1.52,0.88,1.29,88.2,1.37,0.53,1.43,1.04,,0.4536,0.4322,0.0,2.02,0.0,99.77,100.0,100.0,60.74,76.24,94.68,0.0,0.97,51.1,0.272,16.458,32.547,0.5486,cuda,0.8168,0.8896,1.368,0.4756,99.56,94.58,0.9592,0.8802,anatomical,0.575,infer,24.0,1.8,0.2,trained4,6.486,0.2162,0.07,0.0,0.1219,ma_zerophase,5.0,,0.0117,4.5376
evaluate_epoch_large.csv,tfmL_d256h8L4f1024_phys0.3,deploy,750,2026-09-20 19:13:38,clean,tfmL_declip_cov_MSEOnly_1.3_d256h8L4f1024_anat,1.0,0.3,1500,306,3.1e-05,9e-06,99.73,99.46,1.75,0.9,0.88,0.33,24.8,1.2,0.47,1.28,0.88,,0.4536,0.4318,0.0,2.02,0.0,99.77,100.0,100.0,65.87,79.55,95.6,0.02,4.35,60.32,0.2679,15.472,32.622,0.5157,cuda,0.8417,0.9054,1.203,0.4756,99.58,94.87,0.9681,0.9044,anatomical,0.575,infer,24.0,1.8,0.2,trained4,6.477,0.2159,0.02,0.0,0.0045,ma_zerophase,5.0,,0.012,4.5256
evaluate_epoch_large.csv,tfmL_d256h8L4f1024_phys0.3,deploy,800,2026-09-20 19:16:19,clean,tfmL_declip_cov_MSEOnly_1.3_d256h8L4f1024_anat,1.0,0.3,1500,306,3.1e-05,0.0,99.73,100.0,1.75,0.0,0.88,0.0,100.0,1.69,0.52,1.77,0.98,,0.4536,0.4318,0.0,2.02,0.0,99.77,100.0,100.0,55.78,70.54,91.23,0.0,0.0,29.43,0.2797,7.072,14.554,0.2357,cuda,0.7728,0.8541,1.688,0.4756,99.05,87.32,0.9423,0.8428,anatomical,0.575,infer,24.0,1.8,0.2,trained4,6.477,0.2159,0.0,0.0,0.0,ma_zerophase,5.0,,0.0119,4.5188
evaluate_epoch_large.csv,tfmL_d256h8L4f1024_phys0.3,deploy,850,2026-09-20 19:18:59,clean,tfmL_declip_cov_MSEOnly_1.3_d256h8L4f1024_anat,1.0,0.3,1500,306,3.1e-05,0.0,99.73,100.0,1.75,0.0,0.88,0.0,100.0,1.52,0.46,1.46,0.87,,0.4536,0.4245,0.0,2.02,0.0,99.77,100.0,100.0,59.62,73.74,92.22,0.0,0.69,35.26,0.2642,17.907,28.877,0.5969,cuda,0.7973,0.8706,1.524,0.4756,99.21,89.75,0.953,0.8659,anatomical,0.575,infer,24.0,1.8,0.2,trained4,6.424,0.2141,0.0,0.0,0.0,ma_zerophase,5.0,,0.0114,4.5041
evaluate_epoch_large.csv,tfmL_d256h8L4f1024_phys0.3,deploy,900,2026-09-20 19:21:49,clean,tfmL_declip_cov_MSEOnly_1.3_d256h8L4f1024_anat,1.0,0.3,1500,306,3.1e-05,4e-06,99.73,98.97,1.75,0.46,0.88,0.17,26.0,0.95,0.46,1.14,0.87,,0.4536,0.4114,0.0,2.02,0.0,99.77,100.0,100.0,71.43,85.39,97.34,0.6,18.65,74.61,0.2431,18.73,30.385,0.6243,cuda,0.8807,0.9326,0.95,0.4756,99.77,96.76,0.9778,0.9314,anatomical,0.575,infer,24.0,1.8,0.2,trained4,6.6,0.22,0.0,0.0,0.0,ma_zerophase,5.0,,0.0118,4.5647
evaluate_epoch_large.csv,tfmL_d256h8L4f1024_phys0.3,deploy,950,2026-09-20 19:24:49,clean,tfmL_declip_cov_MSEOnly_1.3_d256h8L4f1024_anat,1.0,0.3,1500,306,3.1e-05,0.0,99.73,100.0,1.75,0.0,0.88,0.0,100.0,0.88,0.47,1.11,0.9,,0.4536,0.4019,0.0,2.02,0.0,99.77,100.0,100.0,73.22,86.62,97.71,1.47,23.47,78.4,0.2339,19.683,32.786,0.6561,cuda,0.8894,0.9391,0.885,0.4756,99.77,97.06,0.9799,0.9379,anatomical,0.575,infer,24.0,1.8,0.2,trained4,6.617,0.2206,0.0,0.0,0.0,ma_zerophase,5.0,,0.012,4.5383
evaluate_epoch_large.csv,tfmL_d256h8L4f1024_phys0.3,deploy,1000,2026-09-20 19:27:49,clean,tfmL_declip_cov_MSEOnly_1.3_d256h8L4f1024_anat,1.0,0.3,1500,306,3.1e-05,0.0,99.73,100.0,1.75,0.0,0.88,0.0,100.0,1.26,0.53,1.28,0.91,,0.4536,0.4195,0.0,2.02,0.0,99.77,100.0,100.0,63.82,79.01,95.34,0.0,4.4,61.51,0.2544,20.297,29.767,0.6766,cuda,0.8372,0.9022,1.257,0.4756,99.4,92.53,0.9657,0.8995,anatomical,0.575,infer,24.0,1.8,0.2,trained4,6.646,0.2215,0.02,0.0,0.0122,ma_zerophase,5.0,,0.0119,4.6383
evaluate_epoch_large.csv,tfmL_d256h8L4f1024_phys0.3,deploy,1050,2026-09-20 19:30:49,clean,tfmL_declip_cov_MSEOnly_1.3_d256h8L4f1024_anat,1.0,0.3,1500,306,3.1e-05,0.0,99.73,100.0,1.75,0.0,0.88,0.0,100.0,0.84,0.46,1.1,0.9,,0.4536,0.3998,0.0,2.02,0.0,99.77,100.0,100.0,75.62,89.08,98.01,3.83,33.31,80.01,0.2322,20.821,30.524,0.694,cuda,0.9014,0.9464,0.84,0.4756,99.84,97.56,0.9811,0.9413,anatomical,0.575,infer,24.0,1.8,0.2,trained4,6.651,0.2217,0.0,0.0,0.0,ma_zerophase,5.0,,0.0118,4.5222
evaluate_epoch_large.csv,tfmL_d256h8L4f1024_phys0.3,deploy,1100,2026-09-20 19:33:49,clean,tfmL_declip_cov_MSEOnly_1.3_d256h8L4f1024_anat,1.0,0.3,1500,306,3.1e-05,0.0,99.73,99.99,1.75,0.54,0.88,0.54,97.5,0.78,0.37,1.11,0.9,,0.4536,0.3959,0.0,2.02,0.0,99.77,100.0,100.0,77.1,89.93,98.91,3.12,20.23,85.38,0.2273,20.905,29.205,0.6968,cuda,0.9093,0.9545,0.776,0.4756,99.93,98.95,0.9824,0.9436,anatomical,0.575,infer,24.0,1.8,0.2,trained4,6.64,0.2213,0.0,0.0,0.0,ma_zerophase,5.0,,0.0121,4.5258
evaluate_epoch_large.csv,tfmL_d256h8L4f1024_phys0.3,deploy,1150,2026-09-20 19:36:50,clean,tfmL_declip_cov_MSEOnly_1.3_d256h8L4f1024_anat,1.0,0.3,1500,306,3.1e-05,0.0,99.73,100.0,1.75,0.0,0.88,0.0,100.0,0.73,0.42,1.04,0.89,,0.4536,0.3987,0.0,2.02,0.0,99.77,100.0,100.0,77.97,91.07,98.65,8.1,44.38,85.63,0.2304,20.877,31.113,0.6959,cuda,0.9163,0.9566,0.732,0.4756,99.86,98.0,0.985,0.9524,anatomical,0.575,infer,24.0,1.8,0.2,trained4,6.666,0.2222,0.0,0.0,0.0,ma_zerophase,5.0,,0.0121,4.5427
evaluate_epoch_large.csv,tfmL_d256h8L4f1024_phys0.3,deploy,1200,2026-09-20 19:39:51,clean,tfmL_declip_cov_MSEOnly_1.3_d256h8L4f1024_anat,1.0,0.3,1500,306,3.1e-05,0.0,99.73,99.99,1.75,0.41,0.88,0.41,98.1,0.69,0.44,1.01,0.91,,0.4536,0.4001,0.0,2.02,0.0,99.77,100.0,100.0,79.26,91.23,98.83,8.82,45.74,88.12,0.2301,21.222,30.349,0.7074,cuda,0.9208,0.9589,0.693,0.4756,99.83,97.82,0.9862,0.9565,anatomical,0.575,infer,24.0,1.8,0.2,trained4,6.764,0.2255,0.03,0.0,0.0086,ma_zerophase,5.0,,0.0121,4.5426
evaluate_epoch_large.csv,tfmL_d256h8L4f1024_phys0.3,deploy,1250,2026-09-20 19:42:50,clean,tfmL_declip_cov_MSEOnly_1.3_d256h8L4f1024_anat,1.0,0.3,1500,306,3.1e-05,0.0,99.73,100.0,1.75,0.0,0.88,0.0,100.0,0.77,0.46,1.03,0.92,,0.4536,0.4079,0.0,2.02,0.0,99.77,100.0,100.0,77.79,89.71,98.05,7.11,37.95,81.8,0.2397,17.981,29.552,0.5994,cuda,0.9103,0.9505,0.768,0.4756,99.81,97.36,0.9835,0.9491,anatomical,0.575,infer,24.0,1.8,0.2,trained4,6.685,0.2228,0.02,0.0,0.0022,ma_zerophase,5.0,,0.0119,4.6981
evaluate_epoch_large.csv,tfmL_d256h8L4f1024_phys0.3,deploy,1300,2026-09-20 19:45:18,clean,tfmL_declip_cov_MSEOnly_1.3_d256h8L4f1024_anat,1.0,0.3,1500,306,3.1e-05,0.0,99.73,100.0,1.75,0.0,0.88,0.0,100.0,0.6,0.41,0.97,0.92,,0.4536,0.3955,0.0,2.02,0.0,99.77,100.0,100.0,83.04,92.86,99.05,17.22,53.54,89.42,0.2263,10.887,11.912,0.3629,cuda,0.9331,0.9658,0.605,0.4756,99.92,98.61,0.9883,0.963,anatomical,0.575,infer,24.0,1.8,0.2,trained4,6.03,0.201,0.02,0.0,0.0019,ma_zerophase,5.0,,0.0098,4.5085
evaluate_epoch_large.csv,tfmL_d256h8L4f1024_phys0.3,deploy,1350,2026-09-20 19:47:45,clean,tfmL_declip_cov_MSEOnly_1.3_d256h8L4f1024_anat,1.0,0.3,1500,306,3.1e-05,1e-06,99.73,99.99,1.75,1.03,0.88,1.03,95.3,0.6,0.39,0.98,0.9,,0.4536,0.396,0.0,2.02,0.0,99.77,100.0,100.0,82.57,92.83,99.13,14.76,50.95,89.79,0.2257,11.0,11.934,0.3667,cuda,0.9332,0.9663,0.604,0.4756,99.91,98.83,0.9886,0.9637,anatomical,0.575,infer,24.0,1.8,0.2,trained4,5.657,0.1886,0.0,0.0,0.0,ma_zerophase,5.0,,0.0096,4.5287
evaluate_epoch_large.csv,tfmL_d256h8L4f1024_phys0.3,deploy,1400,2026-09-20 19:50:04,clean,tfmL_declip_cov_MSEOnly_1.3_d256h8L4f1024_anat,1.0,0.3,1500,306,3.1e-05,0.0,99.73,99.99,1.75,0.06,0.88,0.06,99.7,0.58,0.41,0.95,0.89,,0.4536,0.3956,0.0,2.02,0.0,99.77,100.0,100.0,83.87,93.28,99.08,20.94,54.69,89.86,0.2241,10.86,11.827,0.362,cuda,0.9372,0.9677,0.58,0.4756,99.91,98.39,0.989,0.9653,anatomical,0.575,infer,24.0,1.8,0.2,trained4,5.548,0.1849,0.1,0.0,0.061,ma_zerophase,5.0,,0.0091,4.5427
evaluate_epoch_large.csv,tfmL_d256h8L4f1024_phys0.3,deploy,1450,2026-09-20 19:52:24,clean,tfmL_declip_cov_MSEOnly_1.3_d256h8L4f1024_anat,1.0,0.3,1500,306,3.1e-05,0.0,99.73,100.0,1.75,0.0,0.88,0.0,100.0,0.84,0.35,1.11,0.88,,0.4536,0.3937,0.0,2.02,0.0,99.77,100.0,100.0,73.1,88.95,98.89,1.03,23.13,86.26,0.2252,10.77,11.433,0.359,cuda,0.9002,0.9498,0.839,0.4756,99.92,98.45,0.9818,0.9405,anatomical,0.575,infer,24.0,1.8,0.2,trained4,5.439,0.1813,0.0,0.0,0.0,ma_zerophase,5.0,,0.0091,4.4805
evaluate_epoch_large.csv,tfmL_d256h8L4f1024_phys0.3,deploy,1500,2026-09-20 19:54:43,clean,tfmL_declip_cov_MSEOnly_1.3_d256h8L4f1024_anat,1.0,0.3,1500,306,3.1e-05,0.0,99.73,100.0,1.75,0.0,0.88,0.0,100.0,0.61,0.43,0.94,0.91,,0.4536,0.3977,0.0,2.02,0.0,99.77,100.0,100.0,83.33,93.11,98.72,22.41,57.79,87.03,0.227,10.831,11.784,0.361,cuda,0.9341,0.9647,0.605,0.4756,99.89,98.4,0.9881,0.9629,anatomical,0.575,infer,24.0,1.8,0.2,trained4,5.615,0.1872,0.11,0.0,0.019,ma_zerophase,5.0,,0.0092,4.586
evaluate_epoch_large.csv,tfmL_d256h8L4f1024_phys0.3,deploy,1550,2026-10-01 22:29:38,clean,tfmL_declip_cov_MSEOnly_1.3_d256h8L4f1024_anat,1.0,0.3,3000,306,3.1e-05,1e-06,99.73,99.96,1.75,0.89,0.88,0.52,90.6,0.54,0.41,0.93,0.93,,0.4536,0.3944,0.0,2.02,0.0,99.77,100.0,100.0,85.88,93.82,99.11,33.44,60.66,89.83,0.2235,4.893,6.511,0.1631,cuda,0.9422,0.9701,0.539,0.4756,99.94,99.04,0.9898,0.9676,anatomical,0.575,infer,24.0,1.8,0.2,trained4,6.858,0.2286,0.02,0.0,0.0085,ma_zerophase,5.0,,0.0141,4.5392
evaluate_epoch_large.csv,tfmL_d256h8L4f1024_phys0.3,deploy,1600,2026-10-01 22:32:20,clean,tfmL_declip_cov_MSEOnly_1.3_d256h8L4f1024_anat,1.0,0.3,3000,306,3.1e-05,0.0,99.73,100.0,1.75,0.0,0.88,0.0,100.0,0.57,0.42,0.94,0.89,,0.4536,0.3954,0.0,2.02,0.0,99.77,100.0,100.0,85.11,93.6,99.06,27.33,59.25,89.08,0.2243,4.815,6.551,0.1605,cuda,0.9393,0.9686,0.566,0.4756,99.87,98.16,0.9892,0.9661,anatomical,0.575,infer,24.0,1.8,0.2,trained4,6.723,0.2241,0.08,0.0,0.0124,ma_zerophase,5.0,,0.0121,4.5704
evaluate_epoch_large.csv,tfmL_d256h8L4f1024_phys0.3,deploy,1650,2026-10-01 22:35:04,clean,tfmL_declip_cov_MSEOnly_1.3_d256h8L4f1024_anat,1.0,0.3,3000,306,3.1e-05,0.0,99.73,99.99,1.75,0.2,0.88,0.2,99.1,0.72,0.5,0.99,0.88,,0.4536,0.4015,0.0,2.02,0.0,99.77,100.0,100.0,81.13,90.14,97.76,21.03,45.21,78.17,0.2302,4.429,6.081,0.1476,cuda,0.9164,0.9511,0.719,0.4756,99.74,96.43,0.9835,0.9507,anatomical,0.575,infer,24.0,1.8,0.2,trained4,6.686,0.2229,0.1,0.0,0.0345,ma_zerophase,5.0,,0.0123,4.5501
evaluate_epoch_large.csv,tfmL_d256h8L4f1024_phys0.3,deploy,1700,2026-10-01 22:37:47,clean,tfmL_declip_cov_MSEOnly_1.3_d256h8L4f1024_anat,1.0,0.3,3000,306,3.1e-05,0.0,99.73,100.0,1.75,0.0,0.88,0.0,100.0,0.53,0.42,0.91,0.92,,0.4536,0.3963,0.0,2.02,0.0,99.77,100.0,100.0,85.91,93.82,99.09,33.25,59.75,89.83,0.2248,4.649,6.144,0.155,cuda,0.9428,0.9702,0.533,0.4756,99.92,98.62,0.9899,0.9682,anatomical,0.575,infer,24.0,1.8,0.2,trained4,6.95,0.2317,0.09,0.0,0.0328,ma_zerophase,5.0,,0.013,4.5336
evaluate_epoch_large.csv,tfmL_d256h8L4f1024_phys0.3,deploy,1750,2026-10-01 22:40:31,clean,tfmL_declip_cov_MSEOnly_1.3_d256h8L4f1024_anat,1.0,0.3,3000,306,3.1e-05,0.0,99.73,100.0,1.75,0.0,0.88,0.0,100.0,0.55,0.44,0.91,0.91,,0.4536,0.3983,0.0,2.02,0.0,99.77,100.0,100.0,86.18,93.69,98.97,36.31,61.21,88.91,0.2269,4.529,5.841,0.151,cuda,0.9416,0.9689,0.548,0.4756,99.91,99.04,0.9895,0.967,anatomical,0.575,infer,24.0,1.8,0.2,trained4,6.925,0.2308,0.14,0.0,0.0306,ma_zerophase,5.0,,0.0129,4.5645
evaluate_epoch_large.csv,tfmL_d256h8L4f1024_phys0.3,deploy,1800,2026-10-01 22:43:16,clean,tfmL_declip_cov_MSEOnly_1.3_d256h8L4f1024_anat,1.0,0.3,3000,306,3.1e-05,0.0,99.73,99.98,1.75,0.33,0.88,0.26,97.7,0.6,0.39,0.93,0.9,,0.4536,0.3967,0.0,2.02,0.0,99.77,100.0,100.0,82.09,92.74,99.11,15.7,52.05,89.51,0.2254,4.761,6.307,0.1587,cuda,0.9327,0.9657,0.598,0.4756,99.94,98.9,0.9891,0.9646,anatomical,0.575,infer,24.0,1.8,0.2,trained4,6.851,0.2284,0.09,0.0,0.0323,ma_zerophase,5.0,,0.0127,4.5494
evaluate_epoch_large.csv,tfmL_d256h8L4f1024_phys0.3,deploy,1850,2026-10-01 22:46:03,clean,tfmL_declip_cov_MSEOnly_1.3_d256h8L4f1024_anat,1.0,0.3,3000,306,3.1e-05,0.0,99.73,99.98,1.75,0.35,0.88,0.31,97.2,0.68,0.4,1.0,0.9,,0.4536,0.3962,0.0,2.02,0.0,99.77,100.0,100.0,78.83,92.73,99.04,4.77,50.69,89.75,0.225,4.799,6.1,0.16,cuda,0.9252,0.9627,0.682,0.4756,99.86,97.89,0.9869,0.9586,anatomical,0.575,infer,24.0,1.8,0.2,trained4,6.993,0.2331,0.11,0.0,0.0359,ma_zerophase,5.0,,0.0128,4.5388
evaluate_epoch_large.csv,tfmL_d256h8L4f1024_phys0.3,deploy,1900,2026-10-01 22:48:49,clean,tfmL_declip_cov_MSEOnly_1.3_d256h8L4f1024_anat,1.0,0.3,3000,306,3.1e-05,1e-06,99.73,99.98,1.75,0.94,0.88,0.5,95.4,0.48,0.42,0.89,0.93,,0.4536,0.3931,0.0,2.02,0.0,99.77,100.0,100.0,87.39,94.54,99.24,38.52,64.39,91.57,0.2216,4.628,6.338,0.1543,cuda,0.9497,0.9739,0.48,0.4756,99.92,98.83,0.991,0.9716,anatomical,0.575,infer,24.0,1.8,0.2,trained4,7.009,0.2336,0.15,0.0,0.0883,ma_zerophase,5.0,,0.013,4.5398
evaluate_epoch_large.csv,tfmL_d256h8L4f1024_phys0.3,deploy,1950,2026-10-01 22:51:32,clean,tfmL_declip_cov_MSEOnly_1.3_d256h8L4f1024_anat,1.0,0.3,3000,306,3.1e-05,0.0,99.73,99.98,1.75,0.44,0.88,0.22,98.0,0.55,0.43,0.93,0.92,,0.4536,0.3957,0.0,2.02,0.0,99.77,100.0,100.0,85.7,93.91,99.02,28.92,62.48,89.58,0.2235,4.888,6.354,0.1629,cuda,0.9419,0.9695,0.554,0.4756,99.89,98.44,0.9896,0.9677,anatomical,0.575,infer,24.0,1.8,0.2,trained4,7.108,0.2369,0.15,0.0,0.0501,ma_zerophase,5.0,,0.0131,4.5678
evaluate_epoch_large.csv,tfmL_d256h8L4f1024_phys0.3,deploy,2000,2026-10-01 22:54:13,clean,tfmL_declip_cov_MSEOnly_1.3_d256h8L4f1024_anat,1.0,0.3,3000,306,3.1e-05,0.0,99.73,99.99,1.75,0.06,0.88,0.06,99.7,0.56,0.44,0.94,0.92,,0.4536,0.3975,0.0,2.02,0.0,99.77,100.0,100.0,85.34,93.57,98.96,31.32,60.52,88.49,0.2263,4.827,6.591,0.1609,cuda,0.9395,0.968,0.562,0.4756,99.87,98.2,0.989,0.9659,anatomical,0.575,infer,24.0,1.8,0.2,trained4,6.647,0.2216,0.0,0.0,0.0,ma_zerophase,5.0,,0.0121,4.5431
evaluate_epoch_large.csv,tfmL_d256h8L4f1024_phys0.3,deploy,2050,2026-10-01 22:56:52,clean,tfmL_declip_cov_MSEOnly_1.3_d256h8L4f1024_anat,1.0,0.3,3000,306,3.1e-05,0.0,99.73,100.0,1.75,0.0,0.88,0.0,100.0,0.53,0.45,0.91,0.93,,0.4536,0.3963,0.0,2.02,0.0,99.77,100.0,100.0,86.59,93.97,99.05,38.33,62.17,89.5,0.2247,4.569,6.388,0.1523,cuda,0.9442,0.9703,0.527,0.4756,99.89,98.42,0.9898,0.9684,anatomical,0.575,infer,24.0,1.8,0.2,trained4,6.628,0.2209,0.03,0.0,0.0036,ma_zerophase,5.0,,0.0122,4.5786
evaluate_epoch_large.csv,tfmL_d256h8L4f1024_phys0.3,deploy,2100,2026-10-01 22:59:31,clean,tfmL_declip_cov_MSEOnly_1.3_d256h8L4f1024_anat,1.0,0.3,3000,306,3.1e-05,0.0,99.73,100.0,1.75,0.0,0.88,0.0,100.0,0.53,0.44,0.9,0.92,,0.4536,0.3961,0.0,2.02,0.0,99.77,100.0,100.0,86.03,93.95,99.04,32.77,61.94,89.2,0.2239,4.829,6.524,0.161,cuda,0.9431,0.97,0.533,0.4756,99.9,98.43,0.9899,0.9684,anatomical,0.575,infer,24.0,1.8,0.2,trained4,6.693,0.2231,0.14,0.0,0.0757,ma_zerophase,5.0,,0.0122,4.5697
evaluate_epoch_large.csv,tfmL_d256h8L4f1024_phys0.3,deploy,2150,2026-10-01 23:02:15,clean,tfmL_declip_cov_MSEOnly_1.3_d256h8L4f1024_anat,1.0,0.3,3000,306,3.1e-05,8e-06,99.73,98.86,1.75,0.67,0.88,0.21,-1.3,0.52,0.42,0.9,0.91,,0.4536,0.3961,0.0,2.02,0.0,99.77,100.0,100.0,87.15,94.13,99.14,38.66,62.16,90.31,0.2241,4.715,6.215,0.1572,cuda,0.9452,0.9714,0.524,0.4756,99.92,98.67,0.9902,0.9691,anatomical,0.575,infer,24.0,1.8,0.2,trained4,7.006,0.2335,0.11,0.0,0.054,ma_zerophase,5.0,,0.0129,4.578
evaluate_epoch_large.csv,tfmL_d256h8L4f1024_phys0.3,deploy,2200,2026-10-01 23:04:59,clean,tfmL_declip_cov_MSEOnly_1.3_d256h8L4f1024_anat,1.0,0.3,3000,306,3.1e-05,1e-06,99.73,99.93,1.75,0.64,0.88,0.23,93.6,0.5,0.41,0.9,0.92,,0.4536,0.3928,0.0,2.02,0.0,99.77,100.0,100.0,87.4,94.57,99.25,36.32,64.35,91.36,0.2208,4.633,6.091,0.1544,cuda,0.9492,0.9738,0.5,0.4756,99.93,98.83,0.9907,0.9706,anatomical,0.575,infer,24.0,1.8,0.2,trained4,7.037,0.2346,0.15,0.0,0.0832,ma_zerophase,5.0,,0.0127,4.5463
evaluate_epoch_large.csv,tfmL_d256h8L4f1024_phys0.3,deploy,2250,2026-10-01 23:07:43,clean,tfmL_declip_cov_MSEOnly_1.3_d256h8L4f1024_anat,1.0,0.3,3000,306,3.1e-05,0.0,99.73,99.96,1.75,0.49,0.88,0.27,95.1,0.48,0.44,0.89,0.92,,0.4536,0.3935,0.0,2.02,0.0,99.77,100.0,100.0,87.85,94.44,99.16,44.08,64.29,90.66,0.2219,4.706,6.011,0.1569,cuda,0.9497,0.9734,0.481,0.4756,99.9,98.62,0.9908,0.9713,anatomical,0.575,infer,24.0,1.8,0.2,trained4,6.919,0.2306,0.1,0.0,0.0225,ma_zerophase,5.0,,0.0127,4.5599
evaluate_epoch_large.csv,tfmL_d256h8L4f1024_phys0.3,deploy,2300,2026-10-01 23:10:27,clean,tfmL_declip_cov_MSEOnly_1.3_d256h8L4f1024_anat,1.0,0.3,3000,306,3.1e-05,0.0,99.73,99.97,1.75,0.22,0.88,0.15,98.0,0.52,0.44,0.91,0.92,,0.4536,0.3958,0.0,2.02,0.0,99.77,100.0,100.0,87.13,94.17,99.1,40.11,62.19,90.13,0.2245,4.651,6.033,0.155,cuda,0.9462,0.9715,0.518,0.4756,99.9,98.55,0.99,0.9689,anatomical,0.575,infer,24.0,1.8,0.2,trained4,6.795,0.2265,0.04,0.0,0.0122,ma_zerophase,5.0,,0.0126,4.5606
evaluate_epoch_large.csv,tfmL_d256h8L4f1024_phys0.3,deploy,2350,2026-10-01 23:13:12,clean,tfmL_declip_cov_MSEOnly_1.3_d256h8L4f1024_anat,1.0,0.3,3000,306,3.1e-05,0.0,99.73,99.98,1.75,0.53,0.88,0.4,96.3,0.47,0.43,0.88,0.93,,0.4536,0.3935,0.0,2.02,0.0,99.77,100.0,100.0,87.89,94.55,99.2,42.39,64.39,91.33,0.2216,4.688,6.191,0.1563,cuda,0.9508,0.9742,0.47,0.4756,99.92,98.61,0.991,0.9721,anatomical,0.575,infer,24.0,1.8,0.2,trained4,6.988,0.2329,0.04,0.0,0.017,ma_zerophase,5.0,,0.0128,4.5637
evaluate_epoch_large.csv,tfmL_d256h8L4f1024_phys0.3,deploy,2400,2026-10-01 23:15:56,clean,tfmL_declip_cov_MSEOnly_1.3_d256h8L4f1024_anat,1.0,0.3,3000,306,3.1e-05,0.0,99.73,99.99,1.75,0.46,0.88,0.46,97.9,0.49,0.43,0.88,0.93,,0.4536,0.3959,0.0,2.02,0.0,99.77,100.0,100.0,87.53,94.44,99.15,39.77,64.13,90.35,0.2237,4.556,5.82,0.1519,cuda,0.9487,0.9731,0.488,0.4756,99.92,98.73,0.9908,0.9712,anatomical,0.575,infer,24.0,1.8,0.2,trained4,6.983,0.2328,0.12,0.0,0.0606,ma_zerophase,5.0,,0.0129,4.5664
evaluate_epoch_large.csv,tfmL_d256h8L4f1024_phys0.3,deploy,2450,2026-10-01 23:18:38,clean,tfmL_declip_cov_MSEOnly_1.3_d256h8L4f1024_anat,1.0,0.3,3000,306,3.1e-05,0.0,99.73,99.99,1.75,0.31,0.88,0.31,98.6,0.53,0.48,0.9,0.93,,0.4536,0.394,0.0,2.02,0.0,99.77,100.0,100.0,86.74,93.88,98.86,38.16,61.99,88.71,0.2223,4.582,5.888,0.1527,cuda,0.9442,0.9695,0.528,0.4756,99.87,98.24,0.9893,0.9676,anatomical,0.575,infer,24.0,1.8,0.2,trained4,6.792,0.2264,0.1,0.0,0.0319,ma_zerophase,5.0,,0.0126,4.5722
evaluate_epoch_large.csv,tfmL_d256h8L4f1024_phys0.3,deploy,2500,2026-10-01 23:21:25,clean,tfmL_declip_cov_MSEOnly_1.3_d256h8L4f1024_anat,1.0,0.3,3000,306,3.1e-05,0.0,99.73,100.0,1.75,0.0,0.88,0.0,100.0,0.61,0.43,0.93,0.92,,0.4536,0.3991,0.0,2.02,0.0,99.77,100.0,100.0,80.15,93.42,98.9,5.26,60.09,88.47,0.2269,4.654,6.165,0.1551,cuda,0.9319,0.9648,0.613,0.4756,99.89,98.49,0.9886,0.9641,anatomical,0.575,infer,24.0,1.8,0.2,trained4,7.116,0.2372,0.11,0.0,0.0488,ma_zerophase,5.0,,0.0131,4.5892
evaluate_epoch_large.csv,tfmL_d256h8L4f1024_phys0.3,deploy,2550,2026-10-01 23:24:07,clean,tfmL_declip_cov_MSEOnly_1.3_d256h8L4f1024_anat,1.0,0.3,3000,306,3.1e-05,0.0,99.73,99.97,1.75,0.46,0.88,0.24,96.7,0.46,0.43,0.87,0.93,,0.4536,0.3952,0.0,2.02,0.0,99.77,100.0,100.0,88.12,94.67,99.21,44.16,65.76,91.11,0.2229,4.524,6.09,0.1508,cuda,0.9517,0.9745,0.461,0.4756,99.92,98.87,0.9912,0.9725,anatomical,0.575,infer,24.0,1.8,0.2,trained4,6.898,0.2299,0.07,0.0,0.0152,ma_zerophase,5.0,,0.0128,4.5771
evaluate_epoch_large.csv,tfmL_d256h8L4f1024_phys0.3,deploy,2600,2026-10-01 23:26:48,clean,tfmL_declip_cov_MSEOnly_1.3_d256h8L4f1024_anat,1.0,0.3,3000,306,3.1e-05,1e-06,99.73,99.97,1.75,0.7,0.88,0.47,93.6,0.47,0.44,0.87,0.94,,0.4536,0.3945,0.0,2.02,0.0,99.77,100.0,100.0,88.17,94.59,99.11,44.22,65.66,90.57,0.2226,4.715,6.386,0.1572,cuda,0.9512,0.974,0.468,0.4756,99.92,98.83,0.991,0.972,anatomical,0.575,infer,24.0,1.8,0.2,trained4,6.673,0.2224,0.12,0.0,0.0459,ma_zerophase,5.0,,0.0122,4.5533
evaluate_epoch_large.csv,tfmL_d256h8L4f1024_phys0.3,deploy,2650,2026-10-01 23:29:29,clean,tfmL_declip_cov_MSEOnly_1.3_d256h8L4f1024_anat,1.0,0.3,3000,306,3.1e-05,1e-06,99.73,99.98,1.75,0.77,0.88,0.48,95.6,0.45,0.43,0.87,0.93,,0.4536,0.3951,0.0,2.02,0.0,99.77,100.0,100.0,88.43,94.73,99.2,46.12,65.73,90.77,0.2228,4.525,5.799,0.1508,cuda,0.9526,0.9749,0.452,0.4756,99.93,98.9,0.9913,0.9728,anatomical,0.575,infer,24.0,1.8,0.2,trained4,6.779,0.226,0.11,0.0,0.0307,ma_zerophase,5.0,,0.0124,4.5867
evaluate_epoch_large.csv,tfmL_d256h8L4f1024_phys0.3,deploy,2700,2026-10-01 23:32:13,clean,tfmL_declip_cov_MSEOnly_1.3_d256h8L4f1024_anat,1.0,0.3,3000,306,3.1e-05,2e-06,99.73,99.46,1.75,0.5,0.88,0.14,68.0,0.68,0.38,0.98,0.89,,0.4536,0.3964,0.0,2.02,0.0,99.77,100.0,100.0,77.27,93.04,98.93,0.44,56.24,88.81,0.2247,4.672,5.964,0.1557,cuda,0.9217,0.9606,0.677,0.4756,99.9,98.53,0.9879,0.9607,anatomical,0.575,infer,24.0,1.8,0.2,trained4,7.039,0.2346,0.08,0.0,0.0147,ma_zerophase,5.0,,0.0129,4.5753
evaluate_epoch_large.csv,tfmL_d256h8L4f1024_phys0.3,deploy,2750,2026-10-01 23:34:58,clean,tfmL_declip_cov_MSEOnly_1.3_d256h8L4f1024_anat,1.0,0.3,3000,306,3.1e-05,0.0,99.73,99.99,1.75,0.35,0.88,0.35,98.4,0.48,0.43,0.88,0.93,,0.4536,0.3967,0.0,2.02,0.0,99.77,100.0,100.0,87.78,94.52,99.13,43.87,65.21,90.25,0.2244,4.536,5.873,0.1512,cuda,0.9497,0.9733,0.48,0.4756,99.92,98.9,0.9909,0.9716,anatomical,0.575,infer,24.0,1.8,0.2,trained4,6.808,0.2269,0.04,0.0,0.0105,ma_zerophase,5.0,,0.0126,4.574
evaluate_epoch_large.csv,tfmL_d256h8L4f1024_phys0.3,deploy,2800,2026-10-01 23:37:44,clean,tfmL_declip_cov_MSEOnly_1.3_d256h8L4f1024_anat,1.0,0.3,3000,306,3.1e-05,1e-06,99.73,99.98,1.75,0.91,0.88,0.69,93.7,0.46,0.43,0.87,0.93,,0.4536,0.3928,0.0,2.02,0.0,99.77,100.0,100.0,88.16,94.65,99.18,43.77,65.07,90.69,0.2209,4.748,6.4,0.1583,cuda,0.952,0.9746,0.459,0.4756,99.91,98.61,0.9911,0.9723,anatomical,0.575,infer,24.0,1.8,0.2,trained4,6.725,0.2242,0.05,0.0,0.0104,ma_zerophase,5.0,,0.0122,4.5622
evaluate_epoch_large.csv,tfmL_d256h8L4f1024_phys0.3,deploy,2850,2026-10-01 23:40:29,clean,tfmL_declip_cov_MSEOnly_1.3_d256h8L4f1024_anat,1.0,0.3,3000,306,3.1e-05,0.0,99.73,99.86,1.75,0.37,0.88,0.13,92.5,0.46,0.43,0.88,0.93,,0.4536,0.3946,0.0,2.02,0.0,99.77,100.0,100.0,88.11,94.59,99.22,44.84,65.22,90.72,0.2228,4.368,5.479,0.1456,cuda,0.9512,0.9744,0.463,0.4756,99.93,98.89,0.9912,0.9723,anatomical,0.575,infer,24.0,1.8,0.2,trained4,6.906,0.2302,0.08,0.0,0.0139,ma_zerophase,5.0,,0.0129,4.5539
evaluate_epoch_large.csv,tfmL_d256h8L4f1024_phys0.3,deploy,2900,2026-10-01 23:43:14,clean,tfmL_declip_cov_MSEOnly_1.3_d256h8L4f1024_anat,1.0,0.3,3000,306,3.1e-05,1e-06,99.73,99.97,1.75,0.59,0.88,0.4,94.6,0.44,0.44,0.86,0.94,,0.4536,0.3947,0.0,2.02,0.0,99.77,100.0,100.0,88.61,94.8,99.23,47.45,66.43,91.19,0.2225,4.52,5.809,0.1507,cuda,0.9537,0.9755,0.441,0.4756,99.93,98.9,0.9915,0.9734,anatomical,0.575,infer,24.0,1.8,0.2,trained4,6.85,0.2283,0.07,0.0,0.0154,ma_zerophase,5.0,,0.0128,4.5587
evaluate_epoch_large.csv,tfmL_d256h8L4f1024_phys0.3,deploy,2950,2026-10-01 23:45:58,clean,tfmL_declip_cov_MSEOnly_1.3_d256h8L4f1024_anat,1.0,0.3,3000,306,3.1e-05,1e-06,99.73,99.99,1.75,0.7,0.88,0.7,96.8,0.45,0.44,0.87,0.94,,0.4536,0.3926,0.0,2.02,0.0,99.77,100.0,100.0,88.34,94.73,99.19,45.49,65.75,90.94,0.2206,4.43,5.97,0.1477,cuda,0.9525,0.9748,0.451,0.4756,99.93,98.98,0.9912,0.9727,anatomical,0.575,infer,24.0,1.8,0.2,trained4,6.613,0.2204,0.0,0.0,0.0,ma_zerophase,5.0,,0.0127,4.5655
evaluate_epoch_large.csv,tfmL_d256h8L4f1024_phys0.3,deploy,3000,2026-10-01 23:48:41,clean,tfmL_declip_cov_MSEOnly_1.3_d256h8L4f1024_anat,1.0,0.3,3000,306,3.1e-05,0.0,99.73,99.98,1.75,0.59,0.88,0.35,96.8,0.47,0.46,0.88,0.94,,0.4536,0.3956,0.0,2.02,0.0,99.77,100.0,100.0,87.66,94.44,99.11,41.29,65.19,90.31,0.2238,4.457,5.736,0.1486,cuda,0.9497,0.9732,0.473,0.4756,99.91,98.78,0.9907,0.9711,anatomical,0.575,infer,24.0,1.8,0.2,trained4,6.92,0.2307,0.05,0.0,0.0082,ma_zerophase,5.0,,0.0126,4.5756
evaluate_epoch_large.csv,tfmL_d256h8L4f1024_phys0.3,deploy,20,2026-09-12 20:56:34,legacy80,tfmL_declip_cov_MSEOnly_1.3_d256h8L4f1024_anat,1.0,0.3,500,306,0.065638,0.007135,75.56,87.14,8.9,5.25,2.98,1.32,76.8,4.41,1.16,5.11,1.12,3.22,0.4466,0.4618,0.0,8.87,0.0,83.15,100.0,100.0,,,,,,,0.356,10.832,31.346,0.3611,cuda,0.7132,0.7902,2.348,0.4756,,,0.8963,0.7384,anatomical,0.575,infer,24.0,1.8,0.2,trained4,20.631,0.6877,32.21,0.0,0.4848,ma_zerophase,5.0,,0.0109,5.1963
evaluate_epoch_large.csv,tfmL_d256h8L4f1024_phys0.3,deploy,40,2026-09-12 20:59:22,legacy80,tfmL_declip_cov_MSEOnly_1.3_d256h8L4f1024_anat,1.0,0.3,500,306,0.065638,0.000688,75.56,98.82,8.9,4.94,2.98,1.41,97.7,3.14,1.15,4.02,1.17,2.4,0.4466,0.3843,0.0,8.87,0.0,83.15,100.0,100.0,,,,,,,0.2827,9.924,30.02,0.3308,cuda,0.814,0.8814,1.551,0.4756,,,0.9469,0.8485,anatomical,0.575,infer,24.0,1.8,0.2,trained4,9.924,0.3308,1.57,0.0,0.078,ma_zerophase,5.0,,0.0123,4.0165
evaluate_epoch_large.csv,tfmL_d256h8L4f1024_phys0.3,deploy,50,2026-09-20 18:51:34,legacy80,tfmL_declip_cov_MSEOnly_1.3_d256h8L4f1024_anat,1.0,0.3,1500,306,0.065638,0.000633,75.56,98.74,8.9,4.63,2.98,1.35,97.7,2.91,1.08,3.86,1.14,2.26,0.4466,0.3808,0.0,8.87,0.0,83.15,100.0,100.0,,,,,,,0.2789,17.595,29.247,0.5865,cuda,0.835,0.8994,1.362,0.4756,,,0.959,0.8751,anatomical,0.575,infer,24.0,1.8,0.2,trained4,8.52,0.284,1.59,0.0,0.0773,ma_zerophase,5.0,,0.0106,4.0475
evaluate_epoch_large.csv,tfmL_d256h8L4f1024_phys0.3,deploy,60,2026-09-12 21:01:57,legacy80,tfmL_declip_cov_MSEOnly_1.3_d256h8L4f1024_anat,1.0,0.3,500,306,0.065638,0.001585,75.56,95.74,8.9,5.49,2.98,1.25,92.7,4.28,1.32,4.77,1.08,3.17,0.4466,0.4465,0.0,8.87,0.0,83.15,100.0,100.0,,,,,,,0.3473,4.587,7.059,0.1529,cuda,0.6884,0.7435,2.893,0.4756,,,0.8701,0.71,anatomical,0.575,infer,24.0,1.8,0.2,trained4,13.528,0.4509,4.93,0.0,0.1122,ma_zerophase,5.0,,0.0111,6.5025
evaluate_epoch_large.csv,tfmL_d256h8L4f1024_phys0.3,deploy,80,2026-09-12 21:04:45,legacy80,tfmL_declip_cov_MSEOnly_1.3_d256h8L4f1024_anat,1.0,0.3,500,306,0.065638,0.002472,75.56,91.29,8.9,4.2,2.98,1.1,86.8,4.92,1.26,4.84,1.09,3.45,0.4466,0.4085,0.0,8.87,0.0,83.15,100.0,100.0,,,,,,,0.3225,10.169,24.552,0.339,cuda,0.6398,0.6806,3.922,0.4756,,,0.8105,0.6378,anatomical,0.575,infer,24.0,1.8,0.2,trained4,7.453,0.2484,0.92,0.0,0.0597,ma_zerophase,5.0,,0.0126,5.672
evaluate_epoch_large.csv,tfmL_d256h8L4f1024_phys0.3,deploy,100,2026-09-12 21:07:29,legacy80,tfmL_declip_cov_MSEOnly_1.3_d256h8L4f1024_anat,1.0,0.3,500,306,0.065638,0.001359,75.56,97.35,8.9,5.03,2.98,1.51,94.5,4.96,1.06,4.55,1.0,3.02,0.4466,0.3846,0.0,8.87,0.0,83.15,100.0,100.0,,,,,,,0.2945,9.999,22.222,0.3333,cuda,0.6312,0.6649,3.784,0.4756,,,0.8095,0.6168,anatomical,0.575,infer,24.0,1.8,0.2,trained4,7.502,0.2501,0.44,0.0,0.0196,ma_zerophase,5.0,,0.0129,5.1412
evaluate_epoch_large.csv,tfmL_d256h8L4f1024_phys0.3,deploy,120,2026-09-12 21:10:16,legacy80,tfmL_declip_cov_MSEOnly_1.3_d256h8L4f1024_anat,1.0,0.3,500,306,0.065638,0.004273,75.56,92.27,8.9,5.74,2.98,1.43,84.8,4.13,1.24,3.86,1.2,2.38,0.4466,0.3748,0.0,8.87,0.0,83.15,100.0,100.0,,,,,,,0.2812,6.769,14.062,0.2256,cuda,0.6754,0.7427,2.704,0.4756,,,0.8752,0.7,anatomical,0.575,infer,24.0,1.8,0.2,trained4,10.395,0.3465,4.22,0.0,0.1007,ma_zerophase,5.0,,0.0124,3.9962
evaluate_epoch_large.csv,tfmL_d256h8L4f1024_phys0.3,deploy,140,2026-09-12 21:13:02,legacy80,tfmL_declip_cov_MSEOnly_1.3_d256h8L4f1024_anat,1.0,0.3,500,306,0.065638,0.003667,75.56,94.0,8.9,5.94,2.98,1.6,86.8,3.27,1.32,3.31,1.27,1.79,0.4466,0.3673,0.0,8.87,0.0,83.15,100.0,100.0,,,,,,,0.2673,7.514,21.606,0.2505,cuda,0.772,0.8461,1.81,0.4756,,,0.9356,0.8124,anatomical,0.575,infer,24.0,1.8,0.2,trained4,8.659,0.2886,1.3,0.0,0.053,ma_zerophase,5.0,,0.0124,4.0035
evaluate_epoch_large.csv,tfmL_d256h8L4f1024_phys0.3,deploy,150,2026-09-20 18:54:03,legacy80,tfmL_declip_cov_MSEOnly_1.3_d256h8L4f1024_anat,1.0,0.3,1500,306,0.065638,0.002724,75.56,93.93,8.9,4.66,2.98,1.36,88.7,3.14,1.2,3.32,1.19,1.75,0.4466,0.3686,0.0,8.87,0.0,83.15,100.0,100.0,,,,,,,0.2672,16.434,31.794,0.5478,cuda,0.7927,0.868,1.628,0.4756,,,0.9461,0.8403,anatomical,0.575,infer,24.0,1.8,0.2,trained4,7.141,0.238,1.53,0.0,0.0468,ma_zerophase,5.0,,0.0108,4.0137
evaluate_epoch_large.csv,tfmL_d256h8L4f1024_phys0.3,deploy,160,2026-09-12 21:15:49,legacy80,tfmL_declip_cov_MSEOnly_1.3_d256h8L4f1024_anat,1.0,0.3,500,306,0.065638,0.001422,75.56,96.92,8.9,4.55,2.98,1.34,94.3,3.87,1.1,3.91,1.1,2.52,0.4466,0.3731,0.0,8.87,0.0,83.15,100.0,100.0,,,,,,,0.2873,5.584,8.04,0.1861,cuda,0.6922,0.7546,2.706,0.4756,,,0.8726,0.7182,anatomical,0.575,infer,24.0,1.8,0.2,trained4,8.594,0.2865,0.8,0.0,0.0501,ma_zerophase,5.0,,0.013,4.0639
evaluate_epoch_large.csv,tfmL_d256h8L4f1024_phys0.3,deploy,180,2026-09-12 21:18:41,legacy80,tfmL_declip_cov_MSEOnly_1.3_d256h8L4f1024_anat,1.0,0.3,500,306,0.065638,0.008681,75.56,89.26,8.9,6.18,2.98,1.94,71.5,3.76,1.26,3.45,1.22,1.93,0.4466,0.3713,0.0,8.87,0.0,83.15,100.0,100.0,,,,,,,0.2719,5.561,7.625,0.1854,cuda,0.7072,0.7815,2.325,0.4756,,,0.9011,0.7422,anatomical,0.575,infer,24.0,1.8,0.2,trained4,11.074,0.3691,3.87,0.0,0.0724,ma_zerophase,5.0,,0.0142,3.957
evaluate_epoch_large.csv,tfmL_d256h8L4f1024_phys0.3,deploy,200,2026-09-12 21:21:33,legacy80,tfmL_declip_cov_MSEOnly_1.3_d256h8L4f1024_anat,1.0,0.3,500,306,0.065638,0.00376,75.56,96.24,8.9,6.37,2.98,2.37,87.8,3.6,1.2,3.35,1.18,1.95,0.4466,0.3715,0.0,8.87,0.0,83.15,100.0,100.0,,,,,,,0.2719,5.425,7.668,0.1808,cuda,0.7052,0.78,2.321,0.4756,,,0.907,0.7465,anatomical,0.575,infer,24.0,1.8,0.2,trained4,7.629,0.2543,0.14,0.0,0.0115,ma_zerophase,5.0,,0.0137,4.0338
evaluate_epoch_large.csv,tfmL_d256h8L4f1024_phys0.3,deploy,220,2026-09-12 21:24:28,legacy80,tfmL_declip_cov_MSEOnly_1.3_d256h8L4f1024_anat,1.0,0.3,500,306,0.065638,0.006414,75.56,92.04,8.9,6.2,2.98,1.96,78.6,3.06,1.26,3.14,1.23,1.58,0.4466,0.3704,0.0,8.87,0.0,83.15,100.0,100.0,,,,,,,0.2693,5.609,7.638,0.187,cuda,0.7955,0.8713,1.574,0.4756,,,0.9491,0.8443,anatomical,0.575,infer,24.0,1.8,0.2,trained4,8.88,0.296,1.71,0.0,0.0473,ma_zerophase,5.0,,0.0141,4.0775
evaluate_epoch_large.csv,tfmL_d256h8L4f1024_phys0.3,deploy,240,2026-09-12 21:27:22,legacy80,tfmL_declip_cov_MSEOnly_1.3_d256h8L4f1024_anat,1.0,0.3,500,306,0.065638,0.000365,75.56,98.88,8.9,3.71,2.98,1.32,98.0,3.02,1.1,3.29,1.16,1.84,0.4466,0.3686,0.0,8.87,0.0,83.15,100.0,100.0,,,,,,,0.2735,5.708,7.733,0.1903,cuda,0.7678,0.8449,1.77,0.4756,,,0.9369,0.8238,anatomical,0.575,infer,24.0,1.8,0.2,trained4,7.357,0.2452,0.1,0.0,0.0332,ma_zerophase,5.0,,0.0141,3.9581
evaluate_epoch_large.csv,tfmL_d256h8L4f1024_phys0.3,deploy,250,2026-09-20 18:56:29,legacy80,tfmL_declip_cov_MSEOnly_1.3_d256h8L4f1024_anat,1.0,0.3,1500,306,0.065638,0.00856,75.56,89.46,8.9,6.35,2.98,1.97,71.5,4.27,0.91,3.67,1.07,2.13,0.4466,0.4054,0.0,8.87,0.0,83.15,100.0,100.0,,,,,,,0.3053,15.923,31.64,0.5308,cuda,0.6816,0.7333,2.921,0.4756,,,0.8722,0.6996,anatomical,0.575,infer,24.0,1.8,0.2,trained4,7.668,0.2556,2.9,0.0,0.0571,ma_zerophase,5.0,,0.0105,5.3516
evaluate_epoch_large.csv,tfmL_d256h8L4f1024_phys0.3,deploy,260,2026-09-12 21:30:15,legacy80,tfmL_declip_cov_MSEOnly_1.3_d256h8L4f1024_anat,1.0,0.3,500,306,0.065638,0.004591,75.56,93.8,8.9,6.1,2.98,1.92,83.7,2.95,1.13,3.09,1.19,1.56,0.4466,0.372,0.0,8.87,0.0,83.15,100.0,100.0,,,,,,,0.2663,5.487,7.677,0.1829,cuda,0.7965,0.8779,1.501,0.4756,,,0.956,0.8603,anatomical,0.575,infer,24.0,1.8,0.2,trained4,8.536,0.2845,1.11,0.0,0.0355,ma_zerophase,5.0,,0.0139,4.0264
evaluate_epoch_large.csv,tfmL_d256h8L4f1024_phys0.3,deploy,280,2026-09-12 21:33:11,legacy80,tfmL_declip_cov_MSEOnly_1.3_d256h8L4f1024_anat,1.0,0.3,500,306,0.065638,0.002318,75.56,94.73,8.9,4.65,2.98,1.4,89.8,2.76,1.24,2.96,1.25,1.4,0.4466,0.3666,0.0,8.87,0.0,83.15,100.0,100.0,,,,,,,0.2633,5.765,7.82,0.1922,cuda,0.8505,0.9157,1.209,0.4756,,,0.9667,0.8923,anatomical,0.575,infer,24.0,1.8,0.2,trained4,8.264,0.2755,0.64,0.0,0.0239,ma_zerophase,5.0,,0.0143,4.0018
evaluate_epoch_large.csv,tfmL_d256h8L4f1024_phys0.3,deploy,300,2026-09-12 21:36:04,legacy80,tfmL_declip_cov_MSEOnly_1.3_d256h8L4f1024_anat,1.0,0.3,500,306,0.065638,0.002871,75.56,93.86,8.9,4.38,2.98,1.42,88.0,2.85,1.08,3.02,1.21,1.47,0.4466,0.3669,0.0,8.87,0.0,83.15,100.0,100.0,,,,,,,0.2645,5.632,7.825,0.1877,cuda,0.8279,0.9005,1.307,0.4756,,,0.965,0.8864,anatomical,0.575,infer,24.0,1.8,0.2,trained4,8.414,0.2805,0.95,0.0,0.0324,ma_zerophase,5.0,,0.014,3.9831
evaluate_epoch_large.csv,tfmL_d256h8L4f1024_phys0.3,deploy,320,2026-09-12 21:38:53,legacy80,tfmL_declip_cov_MSEOnly_1.3_d256h8L4f1024_anat,1.0,0.3,500,306,0.065638,0.001929,75.56,96.7,8.9,5.36,2.98,1.82,91.8,2.83,1.18,2.94,1.22,1.43,0.4466,0.3717,0.0,8.87,0.0,83.15,100.0,100.0,,,,,,,0.2673,5.661,7.769,0.1887,cuda,0.8081,0.8849,1.443,0.4756,,,0.9598,0.8704,anatomical,0.575,infer,24.0,1.8,0.2,trained4,7.481,0.2494,0.1,0.0,0.0159,ma_zerophase,5.0,,0.014,3.9853
evaluate_epoch_large.csv,tfmL_d256h8L4f1024_phys0.3,deploy,340,2026-09-12 21:41:43,legacy80,tfmL_declip_cov_MSEOnly_1.3_d256h8L4f1024_anat,1.0,0.3,500,306,0.065638,0.004076,75.56,94.68,8.9,6.07,2.98,1.96,85.7,3.16,1.18,3.16,1.23,1.73,0.4466,0.3646,0.0,8.87,0.0,83.15,100.0,100.0,,,,,,,0.2641,5.466,7.563,0.1822,cuda,0.7691,0.8518,1.783,0.4756,,,0.9288,0.8043,anatomical,0.575,infer,24.0,1.8,0.2,trained4,7.872,0.2624,0.4,0.0,0.0476,ma_zerophase,5.0,,0.0137,3.9004
evaluate_epoch_large.csv,tfmL_d256h8L4f1024_phys0.3,deploy,350,2026-09-20 18:58:53,legacy80,tfmL_declip_cov_MSEOnly_1.3_d256h8L4f1024_anat,1.0,0.3,1500,306,0.065638,0.001243,75.56,96.51,8.9,3.76,2.98,1.18,94.4,2.76,1.17,2.96,1.25,1.4,0.4466,0.3644,0.0,8.87,0.0,83.15,100.0,100.0,,,,,,,0.2565,12.178,31.038,0.4059,cuda,0.8622,0.9233,1.159,0.4756,,,0.9676,0.8953,anatomical,0.575,infer,24.0,1.8,0.2,trained4,5.847,0.1949,0.32,0.0,0.0274,ma_zerophase,5.0,,0.0103,3.9586
evaluate_epoch_large.csv,tfmL_d256h8L4f1024_phys0.3,deploy,360,2026-09-12 21:44:39,legacy80,tfmL_declip_cov_MSEOnly_1.3_d256h8L4f1024_anat,1.0,0.3,500,306,0.065638,0.000957,75.56,96.98,8.9,3.53,2.98,1.09,95.5,2.58,1.16,2.8,1.24,1.31,0.4466,0.365,0.0,8.87,0.0,83.15,100.0,100.0,,,,,,,0.2601,5.69,7.645,0.1897,cuda,0.8774,0.9339,1.035,0.4756,,,0.975,0.9172,anatomical,0.575,infer,24.0,1.8,0.2,trained4,7.544,0.2515,0.19,0.0,0.0112,ma_zerophase,5.0,,0.0143,4.0017
evaluate_epoch_large.csv,tfmL_d256h8L4f1024_phys0.3,deploy,380,2026-09-12 21:47:33,legacy80,tfmL_declip_cov_MSEOnly_1.3_d256h8L4f1024_anat,1.0,0.3,500,306,0.065638,0.00201,75.56,96.06,8.9,5.09,2.98,1.6,91.4,2.62,1.14,2.87,1.27,1.39,0.4466,0.3698,0.0,8.87,0.0,83.15,100.0,100.0,,,,,,,0.2646,5.314,7.592,0.1771,cuda,0.8617,0.9234,1.125,0.4756,,,0.9717,0.9064,anatomical,0.575,infer,24.0,1.8,0.2,trained4,7.719,0.2573,0.29,0.0,0.0119,ma_zerophase,5.0,,0.014,3.9975
evaluate_epoch_large.csv,tfmL_d256h8L4f1024_phys0.3,deploy,400,2026-09-12 21:50:28,legacy80,tfmL_declip_cov_MSEOnly_1.3_d256h8L4f1024_anat,1.0,0.3,500,306,0.065638,0.000762,75.56,97.83,8.9,3.55,2.98,1.23,96.3,2.58,1.13,2.85,1.25,1.34,0.4466,0.3649,0.0,8.87,0.0,83.15,100.0,100.0,,,,,,,0.2605,5.769,7.961,0.1923,cuda,0.8771,0.9345,1.042,0.4756,,,0.9744,0.9149,anatomical,0.575,infer,24.0,1.8,0.2,trained4,7.368,0.2456,0.03,0.0,0.0039,ma_zerophase,5.0,,0.0144,3.9525
evaluate_epoch_large.csv,tfmL_d256h8L4f1024_phys0.3,deploy,420,2026-09-12 21:53:23,legacy80,tfmL_declip_cov_MSEOnly_1.3_d256h8L4f1024_anat,1.0,0.3,500,306,0.065638,0.001286,75.56,96.61,8.9,3.85,2.98,1.32,93.9,2.5,1.16,2.83,1.25,1.29,0.4466,0.3672,0.0,8.87,0.0,83.15,100.0,100.0,,,,,,,0.2612,5.612,7.741,0.1871,cuda,0.8886,0.9415,0.966,0.4756,,,0.9783,0.9257,anatomical,0.575,infer,24.0,1.8,0.2,trained4,7.685,0.2562,0.14,0.0,0.0079,ma_zerophase,5.0,,0.0138,3.9631
evaluate_epoch_large.csv,tfmL_d256h8L4f1024_phys0.3,deploy,440,2026-09-12 21:56:15,legacy80,tfmL_declip_cov_MSEOnly_1.3_d256h8L4f1024_anat,1.0,0.3,500,306,0.065638,0.000895,75.56,97.59,8.9,3.65,2.98,1.17,96.1,2.72,1.16,2.89,1.27,1.34,0.4466,0.3692,0.0,8.87,0.0,83.15,100.0,100.0,,,,,,,0.2645,5.239,7.826,0.1746,cuda,0.8505,0.9199,1.171,0.4756,,,0.9708,0.9025,anatomical,0.575,infer,24.0,1.8,0.2,trained4,7.48,0.2493,0.26,0.0,0.0172,ma_zerophase,5.0,,0.0135,3.988
evaluate_epoch_large.csv,tfmL_d256h8L4f1024_phys0.3,deploy,450,2026-09-20 19:01:20,legacy80,tfmL_declip_cov_MSEOnly_1.3_d256h8L4f1024_anat,1.0,0.3,1500,306,0.065638,0.000527,75.56,98.29,8.9,3.68,2.98,1.1,97.4,2.53,1.17,2.81,1.25,1.35,0.4466,0.3682,0.0,8.87,0.0,83.15,100.0,100.0,,,,,,,0.265,15.08,29.286,0.5027,cuda,0.8666,0.9263,1.078,0.4756,,,0.9744,0.9144,anatomical,0.575,infer,24.0,1.8,0.2,trained4,5.538,0.1846,0.04,0.0,0.0472,ma_zerophase,5.0,,0.0104,3.9551
evaluate_epoch_large.csv,tfmL_d256h8L4f1024_phys0.3,deploy,460,2026-09-12 21:59:11,legacy80,tfmL_declip_cov_MSEOnly_1.3_d256h8L4f1024_anat,1.0,0.3,500,306,0.065638,0.000831,75.56,97.86,8.9,3.64,2.98,1.2,96.5,2.54,1.14,2.79,1.27,1.28,0.4466,0.3635,0.0,8.87,0.0,83.15,100.0,100.0,,,,,,,0.2594,5.708,7.772,0.1903,cuda,0.8832,0.9372,0.997,0.4756,,,0.9762,0.9216,anatomical,0.575,infer,24.0,1.8,0.2,trained4,7.575,0.2525,0.08,0.0,0.0088,ma_zerophase,5.0,,0.0145,3.9596
evaluate_epoch_large.csv,tfmL_d256h8L4f1024_phys0.3,deploy,480,2026-09-12 22:02:08,legacy80,tfmL_declip_cov_MSEOnly_1.3_d256h8L4f1024_anat,1.0,0.3,500,306,0.065638,0.00075,75.56,98.19,8.9,3.9,2.98,1.26,96.9,2.36,1.11,2.66,1.27,1.2,0.4466,0.3661,0.0,8.87,0.0,83.15,100.0,100.0,,,,,,,0.26,5.678,7.812,0.1893,cuda,0.9031,0.9485,0.858,0.4756,,,0.9822,0.9404,anatomical,0.575,infer,24.0,1.8,0.2,trained4,7.417,0.2472,0.09,0.0,0.0048,ma_zerophase,5.0,,0.0141,3.9636
evaluate_epoch_large.csv,tfmL_d256h8L4f1024_phys0.3,deploy,500,2026-09-12 22:04:58,legacy80,tfmL_declip_cov_MSEOnly_1.3_d256h8L4f1024_anat,1.0,0.3,500,306,0.065638,0.000649,75.56,98.08,8.9,4.29,2.98,1.11,97.1,2.4,1.07,2.67,1.24,1.24,0.4466,0.3706,0.0,8.87,0.0,83.15,100.0,100.0,,,,,,,0.2624,5.007,7.447,0.1669,cuda,0.8755,0.9348,0.952,0.4756,,,0.9803,0.9328,anatomical,0.575,infer,24.0,1.8,0.2,trained4,6.746,0.2249,0.03,0.0,0.012,ma_zerophase,5.0,,0.0132,4.0045
evaluate_epoch_large.csv,tfmL_d256h8L4f1024_phys0.3,deploy,550,2026-09-20 19:03:45,legacy80,tfmL_declip_cov_MSEOnly_1.3_d256h8L4f1024_anat,1.0,0.3,1500,306,0.065638,0.003428,75.56,94.32,8.9,4.98,2.98,1.64,87.2,3.97,1.2,3.69,1.24,2.14,0.4466,0.3886,0.0,8.87,0.0,83.15,100.0,100.0,,,,,,,0.296,16.736,31.706,0.5579,cuda,0.7115,0.7763,2.57,0.4756,,,0.8778,0.7275,anatomical,0.575,infer,24.0,1.8,0.2,trained4,6.161,0.2054,0.46,0.0,0.0196,ma_zerophase,5.0,,0.0106,3.9909
evaluate_epoch_large.csv,tfmL_d256h8L4f1024_phys0.3,deploy,600,2026-09-20 19:06:11,legacy80,tfmL_declip_cov_MSEOnly_1.3_d256h8L4f1024_anat,1.0,0.3,1500,306,0.065638,0.001509,75.56,96.21,8.9,4.09,2.98,1.13,94.1,3.97,1.11,3.5,1.04,1.81,0.4466,0.393,0.0,8.87,0.0,83.15,100.0,100.0,,,,,,,0.2884,16.501,31.609,0.55,cuda,0.7279,0.7767,2.452,0.4756,,,0.9027,0.7663,anatomical,0.575,infer,24.0,1.8,0.2,trained4,6.58,0.2193,1.83,0.0,0.0545,ma_zerophase,5.0,,0.0104,4.2819
evaluate_epoch_large.csv,tfmL_d256h8L4f1024_phys0.3,deploy,650,2026-09-20 19:08:38,legacy80,tfmL_declip_cov_MSEOnly_1.3_d256h8L4f1024_anat,1.0,0.3,1500,306,0.065638,0.001024,75.56,98.17,8.9,5.97,2.98,1.33,96.7,3.27,1.33,2.98,1.23,1.6,0.4466,0.4032,0.0,8.87,0.0,83.15,100.0,100.0,,,,,,,0.2971,13.025,33.531,0.4342,cuda,0.7555,0.813,1.98,0.4756,,,0.9305,0.816,anatomical,0.575,infer,24.0,1.8,0.2,trained4,6.019,0.2006,0.12,0.0,0.0629,ma_zerophase,5.0,,0.0108,4.2666
evaluate_epoch_large.csv,tfmL_d256h8L4f1024_phys0.3,deploy,700,2026-09-20 19:11:28,legacy80,tfmL_declip_cov_MSEOnly_1.3_d256h8L4f1024_anat,1.0,0.3,1500,306,0.065638,0.000226,75.56,98.81,8.9,3.45,2.98,0.66,98.9,2.8,1.08,2.97,1.21,1.46,0.4466,0.3914,0.0,8.87,0.0,83.15,100.0,100.0,,,,,,,0.2855,17.619,27.86,0.5873,cuda,0.8054,0.8766,1.465,0.4756,,,0.9583,0.8707,anatomical,0.575,infer,24.0,1.8,0.2,trained4,6.632,0.2211,0.1,0.0,0.0102,ma_zerophase,5.0,,0.0118,4.1195
evaluate_epoch_large.csv,tfmL_d256h8L4f1024_phys0.3,deploy,750,2026-09-20 19:14:16,legacy80,tfmL_declip_cov_MSEOnly_1.3_d256h8L4f1024_anat,1.0,0.3,1500,306,0.065638,0.000202,75.56,99.61,8.9,4.77,2.98,1.28,99.3,2.31,1.15,2.57,1.27,1.23,0.4466,0.3943,0.0,8.87,0.0,83.15,100.0,100.0,,,,,,,0.2837,8.576,24.049,0.2859,cuda,0.8921,0.9376,0.953,0.4756,,,0.9777,0.9291,anatomical,0.575,infer,24.0,1.8,0.2,trained4,6.524,0.2175,0.03,0.0,0.0137,ma_zerophase,5.0,,0.0122,4.0999
evaluate_epoch_large.csv,tfmL_d256h8L4f1024_phys0.3,deploy,800,2026-09-20 19:16:56,legacy80,tfmL_declip_cov_MSEOnly_1.3_d256h8L4f1024_anat,1.0,0.3,1500,306,0.065638,0.000411,75.56,99.43,8.9,4.88,2.98,1.54,98.8,2.63,1.14,2.87,1.22,1.39,0.4466,0.3855,0.0,8.87,0.0,83.15,100.0,100.0,,,,,,,0.2775,17.532,29.473,0.5844,cuda,0.844,0.9117,1.195,0.4756,,,0.9693,0.9005,anatomical,0.575,infer,24.0,1.8,0.2,trained4,5.896,0.1965,0.0,0.0,0.0,ma_zerophase,5.0,,0.0114,4.096
evaluate_epoch_large.csv,tfmL_d256h8L4f1024_phys0.3,deploy,850,2026-09-20 19:19:38,legacy80,tfmL_declip_cov_MSEOnly_1.3_d256h8L4f1024_anat,1.0,0.3,1500,306,0.065638,0.003334,75.56,96.79,8.9,5.8,2.98,2.42,89.3,2.83,1.16,2.98,1.15,1.51,0.4466,0.4008,0.0,8.87,0.0,83.15,100.0,100.0,,,,,,,0.2916,9.538,27.034,0.3179,cuda,0.8087,0.8772,1.515,0.4756,,,0.9542,0.8598,anatomical,0.575,infer,24.0,1.8,0.2,trained4,7.192,0.2397,0.46,0.0,0.0527,ma_zerophase,5.0,,0.0115,4.0836
evaluate_epoch_large.csv,tfmL_d256h8L4f1024_phys0.3,deploy,900,2026-09-20 19:22:31,legacy80,tfmL_declip_cov_MSEOnly_1.3_d256h8L4f1024_anat,1.0,0.3,1500,306,0.065638,0.001551,75.56,97.07,8.9,5.16,2.98,1.7,93.2,2.31,1.1,2.49,1.19,1.19,0.4466,0.3971,0.0,8.87,0.0,83.15,100.0,100.0,,,,,,,0.2838,18.904,33.33,0.6301,cuda,0.8657,0.9229,1.056,0.4756,,,0.976,0.9231,anatomical,0.575,infer,24.0,1.8,0.2,trained4,6.803,0.2268,0.21,0.0,0.1201,ma_zerophase,5.0,,0.0119,4.2817
evaluate_epoch_large.csv,tfmL_d256h8L4f1024_phys0.3,deploy,950,2026-09-20 19:25:31,legacy80,tfmL_declip_cov_MSEOnly_1.3_d256h8L4f1024_anat,1.0,0.3,1500,306,0.065638,2e-05,75.56,99.35,8.9,1.42,2.98,0.26,99.8,1.93,1.12,2.3,1.23,1.06,0.4466,0.3856,0.0,8.87,0.0,83.15,100.0,100.0,,,,,,,0.2732,21.2,30.235,0.7067,cuda,0.9175,0.9587,0.725,0.4756,,,0.9877,0.9574,anatomical,0.575,infer,24.0,1.8,0.2,trained4,6.741,0.2247,0.13,0.0,0.0345,ma_zerophase,5.0,,0.0121,4.0874
evaluate_epoch_large.csv,tfmL_d256h8L4f1024_phys0.3,deploy,1000,2026-09-20 19:28:31,legacy80,tfmL_declip_cov_MSEOnly_1.3_d256h8L4f1024_anat,1.0,0.3,1500,306,0.065638,0.000101,75.56,99.74,8.9,2.93,2.98,1.16,99.6,2.59,1.07,2.82,1.16,1.55,0.4466,0.3937,0.0,8.87,0.0,83.15,100.0,100.0,,,,,,,0.2899,21.521,31.444,0.7174,cuda,0.8171,0.8891,1.402,0.4756,,,0.9533,0.8682,anatomical,0.575,infer,24.0,1.8,0.2,trained4,6.722,0.2241,0.22,0.0,0.0418,ma_zerophase,5.0,,0.012,4.0504
evaluate_epoch_large.csv,tfmL_d256h8L4f1024_phys0.3,deploy,1050,2026-09-20 19:31:32,legacy80,tfmL_declip_cov_MSEOnly_1.3_d256h8L4f1024_anat,1.0,0.3,1500,306,0.065638,2e-06,75.56,99.88,8.9,0.74,2.98,0.35,99.9,1.99,1.09,2.39,1.2,1.16,0.4466,0.3824,0.0,8.87,0.0,83.15,100.0,100.0,,,,,,,0.2742,21.331,30.173,0.711,cuda,0.9186,0.9572,0.785,0.4756,,,0.983,0.9418,anatomical,0.575,infer,24.0,1.8,0.2,trained4,6.605,0.2202,0.0,0.0,0.0,ma_zerophase,5.0,,0.012,4.1036
evaluate_epoch_large.csv,tfmL_d256h8L4f1024_phys0.3,deploy,1100,2026-09-20 19:34:32,legacy80,tfmL_declip_cov_MSEOnly_1.3_d256h8L4f1024_anat,1.0,0.3,1500,306,0.065638,0.002202,75.56,96.66,8.9,5.62,2.98,1.81,91.7,2.45,0.93,2.79,1.11,1.37,0.4466,0.3793,0.0,8.87,0.0,83.15,100.0,100.0,,,,,,,0.2676,21.737,31.23,0.7246,cuda,0.8738,0.9212,1.096,0.4756,,,0.9609,0.8949,anatomical,0.575,infer,24.0,1.8,0.2,trained4,7.055,0.2352,0.39,0.0,0.0852,ma_zerophase,5.0,,0.012,4.0392
evaluate_epoch_large.csv,tfmL_d256h8L4f1024_phys0.3,deploy,1150,2026-09-20 19:37:33,legacy80,tfmL_declip_cov_MSEOnly_1.3_d256h8L4f1024_anat,1.0,0.3,1500,306,0.065638,2.2e-05,75.56,99.66,8.9,1.43,2.98,0.62,99.7,1.98,1.09,2.36,1.19,1.15,0.4466,0.3866,0.0,8.87,0.0,83.15,100.0,100.0,,,,,,,0.2766,21.802,32.653,0.7267,cuda,0.9073,0.9546,0.801,0.4756,,,0.984,0.9452,anatomical,0.575,infer,24.0,1.8,0.2,trained4,6.718,0.2239,0.14,0.0,0.086,ma_zerophase,5.0,,0.012,4.1096
evaluate_epoch_large.csv,tfmL_d256h8L4f1024_phys0.3,deploy,1200,2026-09-20 19:40:34,legacy80,tfmL_declip_cov_MSEOnly_1.3_d256h8L4f1024_anat,1.0,0.3,1500,306,0.065638,0.000162,75.56,98.18,8.9,2.58,2.98,0.68,98.3,1.82,1.19,2.2,1.28,0.97,0.4466,0.3842,0.0,8.87,0.0,83.15,100.0,100.0,,,,,,,0.2693,21.554,31.244,0.7185,cuda,0.9398,0.9702,0.6,0.4756,,,0.9905,0.9671,anatomical,0.575,infer,24.0,1.8,0.2,trained4,6.92,0.2307,0.21,0.0,0.0851,ma_zerophase,5.0,,0.012,4.1351
evaluate_epoch_large.csv,tfmL_d256h8L4f1024_phys0.3,deploy,1250,2026-09-20 19:43:25,legacy80,tfmL_declip_cov_MSEOnly_1.3_d256h8L4f1024_anat,1.0,0.3,1500,306,0.065638,0.000492,75.56,98.69,8.9,4.09,2.98,1.58,97.2,1.84,1.15,2.2,1.27,1.04,0.4466,0.3908,0.0,8.87,0.0,83.15,100.0,100.0,,,,,,,0.2795,10.964,12.016,0.3655,cuda,0.9181,0.9565,0.733,0.4756,,,0.9867,0.9555,anatomical,0.575,infer,24.0,1.8,0.2,trained4,6.141,0.2047,0.15,0.0,0.0697,ma_zerophase,5.0,,0.0098,4.3025
evaluate_epoch_large.csv,tfmL_d256h8L4f1024_phys0.3,deploy,1300,2026-09-20 19:45:53,legacy80,tfmL_declip_cov_MSEOnly_1.3_d256h8L4f1024_anat,1.0,0.3,1500,306,0.065638,0.000158,75.56,99.07,8.9,2.74,2.98,1.06,98.7,1.8,1.14,2.19,1.29,1.0,0.4466,0.3836,0.0,8.87,0.0,83.15,100.0,100.0,,,,,,,0.2699,10.919,11.917,0.364,cuda,0.9307,0.9646,0.648,0.4756,,,0.989,0.9627,anatomical,0.575,infer,24.0,1.8,0.2,trained4,6.233,0.2078,0.19,0.0,0.0411,ma_zerophase,5.0,,0.0097,4.1571
evaluate_epoch_large.csv,tfmL_d256h8L4f1024_phys0.3,deploy,1350,2026-09-20 19:48:19,legacy80,tfmL_declip_cov_MSEOnly_1.3_d256h8L4f1024_anat,1.0,0.3,1500,306,0.065638,0.000393,75.56,97.76,8.9,3.73,2.98,0.96,97.0,1.67,1.2,2.11,1.28,0.95,0.4466,0.383,0.0,8.87,0.0,83.15,100.0,100.0,,,,,,,0.2684,10.824,11.694,0.3608,cuda,0.9494,0.974,0.526,0.4756,,,0.9917,0.9717,anatomical,0.575,infer,24.0,1.8,0.2,trained4,5.636,0.1879,0.14,0.0,0.1246,ma_zerophase,5.0,,0.0092,4.1469
evaluate_epoch_large.csv,tfmL_d256h8L4f1024_phys0.3,deploy,1400,2026-09-20 19:50:37,legacy80,tfmL_declip_cov_MSEOnly_1.3_d256h8L4f1024_anat,1.0,0.3,1500,306,0.065638,0.000481,75.56,98.17,8.9,3.28,2.98,1.22,96.9,1.87,1.07,2.22,1.21,1.08,0.4466,0.3882,0.0,8.87,0.0,83.15,100.0,100.0,,,,,,,0.2769,10.785,11.603,0.3595,cuda,0.9092,0.954,0.782,0.4756,,,0.9851,0.9492,anatomical,0.575,infer,24.0,1.8,0.2,trained4,5.646,0.1882,0.17,0.0,0.0806,ma_zerophase,5.0,,0.0092,4.1218
evaluate_epoch_large.csv,tfmL_d256h8L4f1024_phys0.3,deploy,1450,2026-09-20 19:52:57,legacy80,tfmL_declip_cov_MSEOnly_1.3_d256h8L4f1024_anat,1.0,0.3,1500,306,0.065638,0.000821,75.56,97.98,8.9,4.36,2.98,1.58,95.6,1.97,1.08,2.32,1.2,1.09,0.4466,0.3802,0.0,8.87,0.0,83.15,100.0,100.0,,,,,,,0.2673,10.892,11.677,0.3631,cuda,0.9119,0.9564,0.799,0.4756,,,0.9833,0.9433,anatomical,0.575,infer,24.0,1.8,0.2,trained4,5.646,0.1882,0.1,0.0,0.0586,ma_zerophase,5.0,,0.0092,4.1155
evaluate_epoch_large.csv,tfmL_d256h8L4f1024_phys0.3,deploy,1500,2026-09-20 19:55:16,legacy80,tfmL_declip_cov_MSEOnly_1.3_d256h8L4f1024_anat,1.0,0.3,1500,306,0.065638,0.000156,75.56,99.17,8.9,2.75,2.98,1.09,98.8,1.63,1.18,2.04,1.27,0.91,0.4466,0.3828,0.0,8.87,0.0,83.15,100.0,100.0,,,,,,,0.2684,10.854,11.719,0.3618,cuda,0.9464,0.973,0.534,0.4756,,,0.9918,0.972,anatomical,0.575,infer,24.0,1.8,0.2,trained4,5.637,0.1879,0.14,0.0,0.0552,ma_zerophase,5.0,,0.0091,4.1856
evaluate_epoch_large.csv,tfmL_d256h8L4f1024_phys0.3,deploy,1550,2026-10-01 22:30:17,legacy80,tfmL_declip_cov_MSEOnly_1.3_d256h8L4f1024_anat,1.0,0.3,3000,306,0.065638,1.8e-05,75.56,99.93,8.9,2.44,2.98,1.13,99.9,1.56,1.15,2.0,1.27,0.92,0.4466,0.3823,0.0,8.87,0.0,83.15,100.0,100.0,,,,,,,0.2688,4.524,5.812,0.1508,cuda,0.9497,0.9745,0.512,0.4756,,,0.9922,0.9734,anatomical,0.575,infer,24.0,1.8,0.2,trained4,6.9,0.23,0.13,0.0,0.0839,ma_zerophase,5.0,,0.0126,4.1626
evaluate_epoch_large.csv,tfmL_d256h8L4f1024_phys0.3,deploy,1600,2026-10-01 22:33:00,legacy80,tfmL_declip_cov_MSEOnly_1.3_d256h8L4f1024_anat,1.0,0.3,3000,306,0.065638,0.00017,75.56,98.91,8.9,2.39,2.98,0.98,98.5,1.67,1.11,2.08,1.22,0.92,0.4466,0.3826,0.0,8.87,0.0,83.15,100.0,100.0,,,,,,,0.2673,4.912,6.633,0.1637,cuda,0.9488,0.9748,0.529,0.4756,,,0.9922,0.9731,anatomical,0.575,infer,24.0,1.8,0.2,trained4,7.203,0.2401,0.19,0.0,0.0677,ma_zerophase,5.0,,0.0129,4.1941
evaluate_epoch_large.csv,tfmL_d256h8L4f1024_phys0.3,deploy,1650,2026-10-01 22:35:41,legacy80,tfmL_declip_cov_MSEOnly_1.3_d256h8L4f1024_anat,1.0,0.3,3000,306,0.065638,0.000155,75.56,98.9,8.9,2.8,2.98,0.84,98.7,1.57,1.15,1.99,1.25,0.91,0.4466,0.3829,0.0,8.87,0.0,83.15,100.0,100.0,,,,,,,0.2686,4.626,6.285,0.1542,cuda,0.9486,0.974,0.516,0.4756,,,0.9921,0.9733,anatomical,0.575,infer,24.0,1.8,0.2,trained4,6.758,0.2253,0.14,0.0,0.0519,ma_zerophase,5.0,,0.0122,4.1873
evaluate_epoch_large.csv,tfmL_d256h8L4f1024_phys0.3,deploy,1700,2026-10-01 22:38:26,legacy80,tfmL_declip_cov_MSEOnly_1.3_d256h8L4f1024_anat,1.0,0.3,3000,306,0.065638,9e-06,75.56,99.39,8.9,0.83,2.98,0.32,99.7,1.58,1.12,1.99,1.24,0.93,0.4466,0.385,0.0,8.87,0.0,83.15,100.0,100.0,,,,,,,0.2704,4.573,6.107,0.1524,cuda,0.9414,0.971,0.56,0.4756,,,0.9915,0.9706,anatomical,0.575,infer,24.0,1.8,0.2,trained4,6.972,0.2324,0.15,0.0,0.0647,ma_zerophase,5.0,,0.0126,4.1924
evaluate_epoch_large.csv,tfmL_d256h8L4f1024_phys0.3,deploy,1750,2026-10-01 22:41:09,legacy80,tfmL_declip_cov_MSEOnly_1.3_d256h8L4f1024_anat,1.0,0.3,3000,306,0.065638,9.5e-05,75.56,99.05,8.9,3.0,2.98,0.76,99.0,1.55,1.14,1.99,1.24,0.91,0.4466,0.3819,0.0,8.87,0.0,83.15,100.0,100.0,,,,,,,0.2681,4.673,5.964,0.1558,cuda,0.9488,0.9743,0.512,0.4756,,,0.9923,0.9736,anatomical,0.575,infer,24.0,1.8,0.2,trained4,6.945,0.2315,0.14,0.0,0.1024,ma_zerophase,5.0,,0.0127,4.1692
evaluate_epoch_large.csv,tfmL_d256h8L4f1024_phys0.3,deploy,1800,2026-10-01 22:43:56,legacy80,tfmL_declip_cov_MSEOnly_1.3_d256h8L4f1024_anat,1.0,0.3,3000,306,0.065638,2.8e-05,75.56,99.9,8.9,2.82,2.98,1.0,99.9,1.59,1.15,1.98,1.24,0.92,0.4466,0.3824,0.0,8.87,0.0,83.15,100.0,100.0,,,,,,,0.2684,4.872,6.358,0.1624,cuda,0.9419,0.9715,0.564,0.4756,,,0.9916,0.9712,anatomical,0.575,infer,24.0,1.8,0.2,trained4,7.163,0.2388,0.15,0.0,0.0434,ma_zerophase,5.0,,0.0132,4.1745
evaluate_epoch_large.csv,tfmL_d256h8L4f1024_phys0.3,deploy,1850,2026-10-01 22:46:42,legacy80,tfmL_declip_cov_MSEOnly_1.3_d256h8L4f1024_anat,1.0,0.3,3000,306,0.065638,8.8e-05,75.56,99.68,8.9,2.69,2.98,1.46,99.4,1.7,1.16,2.05,1.23,1.0,0.4466,0.3855,0.0,8.87,0.0,83.15,100.0,100.0,,,,,,,0.2713,4.815,6.475,0.1605,cuda,0.9185,0.9612,0.706,0.4756,,,0.988,0.9584,anatomical,0.575,infer,24.0,1.8,0.2,trained4,7.154,0.2385,0.12,0.0,0.0502,ma_zerophase,5.0,,0.0135,4.1725
evaluate_epoch_large.csv,tfmL_d256h8L4f1024_phys0.3,deploy,1900,2026-10-01 22:49:27,legacy80,tfmL_declip_cov_MSEOnly_1.3_d256h8L4f1024_anat,1.0,0.3,3000,306,0.065638,0.000134,75.56,99.49,8.9,4.1,2.98,1.11,99.2,1.5,1.11,1.94,1.24,0.89,0.4466,0.3811,0.0,8.87,0.0,83.15,100.0,100.0,,,,,,,0.2693,4.621,6.331,0.154,cuda,0.953,0.976,0.48,0.4756,,,0.9926,0.9748,anatomical,0.575,infer,24.0,1.8,0.2,trained4,7.013,0.2338,0.1,0.0,0.0417,ma_zerophase,5.0,,0.0126,4.1518
evaluate_epoch_large.csv,tfmL_d256h8L4f1024_phys0.3,deploy,1950,2026-10-01 22:52:10,legacy80,tfmL_declip_cov_MSEOnly_1.3_d256h8L4f1024_anat,1.0,0.3,3000,306,0.065638,6.6e-05,75.56,99.42,8.9,3.72,2.98,0.64,99.5,1.53,1.1,1.96,1.23,0.92,0.4466,0.3834,0.0,8.87,0.0,83.15,100.0,100.0,,,,,,,0.2688,4.715,6.621,0.1572,cuda,0.947,0.9729,0.533,0.4756,,,0.9917,0.9716,anatomical,0.575,infer,24.0,1.8,0.2,trained4,6.705,0.2235,0.12,0.0,0.0962,ma_zerophase,5.0,,0.012,4.19
evaluate_epoch_large.csv,tfmL_d256h8L4f1024_phys0.3,deploy,2000,2026-10-01 22:54:50,legacy80,tfmL_declip_cov_MSEOnly_1.3_d256h8L4f1024_anat,1.0,0.3,3000,306,0.065638,0.000506,75.56,98.26,8.9,3.35,2.98,1.39,96.7,1.61,1.11,2.01,1.23,0.93,0.4466,0.3833,0.0,8.87,0.0,83.15,100.0,100.0,,,,,,,0.268,4.763,6.343,0.1588,cuda,0.9471,0.973,0.535,0.4756,,,0.9914,0.9708,anatomical,0.575,infer,24.0,1.8,0.2,trained4,6.809,0.227,0.16,0.0,0.0701,ma_zerophase,5.0,,0.0121,4.2478
evaluate_epoch_large.csv,tfmL_d256h8L4f1024_phys0.3,deploy,2050,2026-10-01 22:57:30,legacy80,tfmL_declip_cov_MSEOnly_1.3_d256h8L4f1024_anat,1.0,0.3,3000,306,0.065638,4.7e-05,75.56,98.39,8.9,1.57,2.98,0.36,99.2,1.47,1.13,1.91,1.24,0.89,0.4466,0.3823,0.0,8.87,0.0,83.15,100.0,100.0,,,,,,,0.2681,4.839,6.502,0.1613,cuda,0.9541,0.9762,0.474,0.4756,,,0.9926,0.9751,anatomical,0.575,infer,24.0,1.8,0.2,trained4,6.78,0.226,0.15,0.0,0.0697,ma_zerophase,5.0,,0.012,4.1873
evaluate_epoch_large.csv,tfmL_d256h8L4f1024_phys0.3,deploy,2100,2026-10-01 23:00:10,legacy80,tfmL_declip_cov_MSEOnly_1.3_d256h8L4f1024_anat,1.0,0.3,3000,306,0.065638,0.000116,75.56,99.17,8.9,3.09,2.98,0.83,99.1,1.51,1.13,1.91,1.25,0.89,0.4466,0.3806,0.0,8.87,0.0,83.15,100.0,100.0,,,,,,,0.2672,4.544,6.036,0.1515,cuda,0.9486,0.9741,0.52,0.4756,,,0.9922,0.9734,anatomical,0.575,infer,24.0,1.8,0.2,trained4,6.883,0.2294,0.14,0.0,0.1001,ma_zerophase,5.0,,0.0126,4.1673
evaluate_epoch_large.csv,tfmL_d256h8L4f1024_phys0.3,deploy,2150,2026-10-01 23:02:54,legacy80,tfmL_declip_cov_MSEOnly_1.3_d256h8L4f1024_anat,1.0,0.3,3000,306,0.065638,0.000134,75.56,99.34,8.9,3.56,2.98,0.99,99.1,1.49,1.11,1.91,1.22,0.9,0.4466,0.3827,0.0,8.87,0.0,83.15,100.0,100.0,,,,,,,0.2691,4.665,6.126,0.1555,cuda,0.9497,0.9744,0.515,0.4756,,,0.992,0.9728,anatomical,0.575,infer,24.0,1.8,0.2,trained4,7.007,0.2336,0.14,0.0,0.0502,ma_zerophase,5.0,,0.0126,4.1876
evaluate_epoch_large.csv,tfmL_d256h8L4f1024_phys0.3,deploy,2200,2026-10-01 23:05:38,legacy80,tfmL_declip_cov_MSEOnly_1.3_d256h8L4f1024_anat,1.0,0.3,3000,306,0.065638,0.001396,75.56,94.65,8.9,3.83,2.98,1.25,90.8,1.54,1.08,1.98,1.2,0.94,0.4466,0.3816,0.0,8.87,0.0,83.15,100.0,100.0,,,,,,,0.2685,4.538,5.862,0.1513,cuda,0.9477,0.9737,0.535,0.4756,,,0.9917,0.9717,anatomical,0.575,infer,24.0,1.8,0.2,trained4,7.15,0.2383,0.15,0.0,0.0736,ma_zerophase,5.0,,0.0129,4.1847
evaluate_epoch_large.csv,tfmL_d256h8L4f1024_phys0.3,deploy,2250,2026-10-01 23:08:22,legacy80,tfmL_declip_cov_MSEOnly_1.3_d256h8L4f1024_anat,1.0,0.3,3000,306,0.065638,6.7e-05,75.56,99.71,8.9,4.07,2.98,0.83,99.7,1.41,1.12,1.86,1.24,0.87,0.4466,0.3817,0.0,8.87,0.0,83.15,100.0,100.0,,,,,,,0.2685,4.603,5.878,0.1534,cuda,0.9558,0.977,0.452,0.4756,,,0.9931,0.9765,anatomical,0.575,infer,24.0,1.8,0.2,trained4,7.019,0.234,0.11,0.0,0.0509,ma_zerophase,5.0,,0.0129,4.1876
evaluate_epoch_large.csv,tfmL_d256h8L4f1024_phys0.3,deploy,2300,2026-10-01 23:11:06,legacy80,tfmL_declip_cov_MSEOnly_1.3_d256h8L4f1024_anat,1.0,0.3,3000,306,0.065638,9e-05,75.56,99.77,8.9,4.22,2.98,1.06,99.7,1.43,1.09,1.88,1.2,0.88,0.4466,0.3817,0.0,8.87,0.0,83.15,100.0,100.0,,,,,,,0.2685,4.678,5.915,0.1559,cuda,0.9537,0.976,0.486,0.4756,,,0.9924,0.974,anatomical,0.575,infer,24.0,1.8,0.2,trained4,7.104,0.2368,0.08,0.0,0.0172,ma_zerophase,5.0,,0.0131,4.1739
evaluate_epoch_large.csv,tfmL_d256h8L4f1024_phys0.3,deploy,2350,2026-10-01 23:13:50,legacy80,tfmL_declip_cov_MSEOnly_1.3_d256h8L4f1024_anat,1.0,0.3,3000,306,0.065638,2.7e-05,75.56,99.86,8.9,3.05,2.98,0.67,99.9,1.46,1.09,1.85,1.21,0.88,0.4466,0.3826,0.0,8.87,0.0,83.15,100.0,100.0,,,,,,,0.2687,4.597,5.847,0.1532,cuda,0.9435,0.9724,0.533,0.4756,,,0.9921,0.9727,anatomical,0.575,infer,24.0,1.8,0.2,trained4,6.896,0.2299,0.13,0.0,0.0528,ma_zerophase,5.0,,0.0128,4.1636
evaluate_epoch_large.csv,tfmL_d256h8L4f1024_phys0.3,deploy,2400,2026-10-01 23:16:34,legacy80,tfmL_declip_cov_MSEOnly_1.3_d256h8L4f1024_anat,1.0,0.3,3000,306,0.065638,3.2e-05,75.56,99.92,8.9,3.12,2.98,1.44,99.8,1.41,1.1,1.86,1.23,0.88,0.4466,0.3823,0.0,8.87,0.0,83.15,100.0,100.0,,,,,,,0.2689,4.545,5.769,0.1515,cuda,0.9534,0.9766,0.475,0.4756,,,0.9929,0.9757,anatomical,0.575,infer,24.0,1.8,0.2,trained4,6.878,0.2293,0.13,0.0,0.0782,ma_zerophase,5.0,,0.0127,4.1618
evaluate_epoch_large.csv,tfmL_d256h8L4f1024_phys0.3,deploy,2450,2026-10-01 23:19:18,legacy80,tfmL_declip_cov_MSEOnly_1.3_d256h8L4f1024_anat,1.0,0.3,3000,306,0.065638,1.7e-05,75.56,99.95,8.9,2.53,2.98,1.25,99.9,1.43,1.1,1.85,1.21,0.89,0.4466,0.3836,0.0,8.87,0.0,83.15,100.0,100.0,,,,,,,0.2705,4.621,6.051,0.154,cuda,0.9497,0.9744,0.511,0.4756,,,0.992,0.9728,anatomical,0.575,infer,24.0,1.8,0.2,trained4,7.107,0.2369,0.08,0.0,0.0348,ma_zerophase,5.0,,0.0132,4.1942
evaluate_epoch_large.csv,tfmL_d256h8L4f1024_phys0.3,deploy,2500,2026-10-01 23:22:02,legacy80,tfmL_declip_cov_MSEOnly_1.3_d256h8L4f1024_anat,1.0,0.3,3000,306,0.065638,6.9e-05,75.56,99.67,8.9,3.15,2.98,1.13,99.5,1.53,1.14,1.9,1.24,0.91,0.4466,0.3835,0.0,8.87,0.0,83.15,100.0,100.0,,,,,,,0.2688,4.545,6.01,0.1515,cuda,0.9356,0.9686,0.594,0.4756,,,0.991,0.9689,anatomical,0.575,infer,24.0,1.8,0.2,trained4,6.81,0.227,0.11,0.0,0.0279,ma_zerophase,5.0,,0.0124,4.1855
evaluate_epoch_large.csv,tfmL_d256h8L4f1024_phys0.3,deploy,2550,2026-10-01 23:24:46,legacy80,tfmL_declip_cov_MSEOnly_1.3_d256h8L4f1024_anat,1.0,0.3,3000,306,0.065638,0.000129,75.56,99.2,8.9,3.14,2.98,0.91,99.0,1.41,1.1,1.85,1.23,0.87,0.4466,0.3824,0.0,8.87,0.0,83.15,100.0,100.0,,,,,,,0.2684,4.636,5.753,0.1545,cuda,0.9571,0.9779,0.457,0.4756,,,0.9931,0.9765,anatomical,0.575,infer,24.0,1.8,0.2,trained4,7.047,0.2349,0.11,0.0,0.026,ma_zerophase,5.0,,0.013,4.1986
evaluate_epoch_large.csv,tfmL_d256h8L4f1024_phys0.3,deploy,2600,2026-10-01 23:27:26,legacy80,tfmL_declip_cov_MSEOnly_1.3_d256h8L4f1024_anat,1.0,0.3,3000,306,0.065638,3.8e-05,75.56,99.6,8.9,2.24,2.98,0.77,99.6,1.35,1.12,1.8,1.24,0.85,0.4466,0.3832,0.0,8.87,0.0,83.15,100.0,100.0,,,,,,,0.2682,4.54,6.099,0.1513,cuda,0.9582,0.9786,0.435,0.4756,,,0.9934,0.9778,anatomical,0.575,infer,24.0,1.8,0.2,trained4,6.798,0.2266,0.13,0.0,0.1002,ma_zerophase,5.0,,0.0122,4.1939
evaluate_epoch_large.csv,tfmL_d256h8L4f1024_phys0.3,deploy,2650,2026-10-01 23:30:07,legacy80,tfmL_declip_cov_MSEOnly_1.3_d256h8L4f1024_anat,1.0,0.3,3000,306,0.065638,5.4e-05,75.56,99.59,8.9,3.03,2.98,0.88,99.5,1.38,1.1,1.82,1.21,0.85,0.4466,0.3823,0.0,8.87,0.0,83.15,100.0,100.0,,,,,,,0.2682,4.58,5.961,0.1527,cuda,0.9581,0.9785,0.441,0.4756,,,0.9934,0.9776,anatomical,0.575,infer,24.0,1.8,0.2,trained4,6.974,0.2325,0.12,0.0,0.0558,ma_zerophase,5.0,,0.0129,4.1917
evaluate_epoch_large.csv,tfmL_d256h8L4f1024_phys0.3,deploy,2700,2026-10-01 23:32:53,legacy80,tfmL_declip_cov_MSEOnly_1.3_d256h8L4f1024_anat,1.0,0.3,3000,306,0.065638,1.1e-05,75.56,99.22,8.9,2.16,2.98,0.16,99.8,1.58,1.12,1.94,1.19,0.96,0.4466,0.3869,0.0,8.87,0.0,83.15,100.0,100.0,,,,,,,0.2713,4.688,6.043,0.1563,cuda,0.9219,0.9618,0.667,0.4756,,,0.9897,0.9639,anatomical,0.575,infer,24.0,1.8,0.2,trained4,7.301,0.2434,0.13,0.0,0.0318,ma_zerophase,5.0,,0.0137,4.1937
evaluate_epoch_large.csv,tfmL_d256h8L4f1024_phys0.3,deploy,2750,2026-10-01 23:35:38,legacy80,tfmL_declip_cov_MSEOnly_1.3_d256h8L4f1024_anat,1.0,0.3,3000,306,0.065638,0.008673,75.56,89.37,8.9,6.07,2.98,2.11,69.2,1.55,1.0,1.96,1.15,0.92,0.4466,0.3828,0.0,8.87,0.0,83.15,100.0,100.0,,,,,,,0.2669,4.785,6.225,0.1595,cuda,0.9528,0.9762,0.504,0.4756,,,0.9926,0.9743,anatomical,0.575,infer,24.0,1.8,0.2,trained4,7.288,0.2429,0.16,0.0,0.4303,ma_zerophase,5.0,,0.0135,4.1841
evaluate_epoch_large.csv,tfmL_d256h8L4f1024_phys0.3,deploy,2800,2026-10-01 23:38:22,legacy80,tfmL_declip_cov_MSEOnly_1.3_d256h8L4f1024_anat,1.0,0.3,3000,306,0.065638,3e-05,75.56,99.89,8.9,3.13,2.98,1.05,99.8,1.38,1.09,1.82,1.21,0.87,0.4466,0.3824,0.0,8.87,0.0,83.15,100.0,100.0,,,,,,,0.2683,4.686,6.272,0.1562,cuda,0.9581,0.9785,0.447,0.4756,,,0.9932,0.9768,anatomical,0.575,infer,24.0,1.8,0.2,trained4,6.98,0.2327,0.11,0.0,0.0998,ma_zerophase,5.0,,0.0127,4.1798
evaluate_epoch_large.csv,tfmL_d256h8L4f1024_phys0.3,deploy,2850,2026-10-01 23:41:08,legacy80,tfmL_declip_cov_MSEOnly_1.3_d256h8L4f1024_anat,1.0,0.3,3000,306,0.065638,2.2e-05,75.56,99.9,8.9,2.71,2.98,1.02,99.9,1.39,1.07,1.83,1.21,0.86,0.4466,0.3813,0.0,8.87,0.0,83.15,100.0,100.0,,,,,,,0.2666,4.609,5.906,0.1536,cuda,0.9558,0.9776,0.453,0.4756,,,0.9932,0.977,anatomical,0.575,infer,24.0,1.8,0.2,trained4,7.057,0.2352,0.11,0.0,0.0812,ma_zerophase,5.0,,0.0129,4.1422
evaluate_epoch_large.csv,tfmL_d256h8L4f1024_phys0.3,deploy,2900,2026-10-01 23:43:53,legacy80,tfmL_declip_cov_MSEOnly_1.3_d256h8L4f1024_anat,1.0,0.3,3000,306,0.065638,1.3e-05,75.56,99.9,8.9,2.32,2.98,0.78,99.9,1.35,1.09,1.8,1.21,0.85,0.4466,0.3835,0.0,8.87,0.0,83.15,100.0,100.0,,,,,,,0.2693,4.65,5.753,0.155,cuda,0.9584,0.9786,0.429,0.4756,,,0.9935,0.978,anatomical,0.575,infer,24.0,1.8,0.2,trained4,7.1,0.2367,0.1,0.0,0.0545,ma_zerophase,5.0,,0.0128,4.2025
evaluate_epoch_large.csv,tfmL_d256h8L4f1024_phys0.3,deploy,2950,2026-10-01 23:46:37,legacy80,tfmL_declip_cov_MSEOnly_1.3_d256h8L4f1024_anat,1.0,0.3,3000,306,0.065638,2.7e-05,75.56,99.88,8.9,2.98,2.98,0.79,99.9,1.33,1.11,1.78,1.23,0.86,0.4466,0.383,0.0,8.87,0.0,83.15,100.0,100.0,,,,,,,0.2683,4.467,5.713,0.1489,cuda,0.9586,0.9786,0.43,0.4756,,,0.9934,0.9779,anatomical,0.575,infer,24.0,1.8,0.2,trained4,7.009,0.2336,0.14,0.0,0.0885,ma_zerophase,5.0,,0.0128,4.1959
evaluate_epoch_large.csv,tfmL_d256h8L4f1024_phys0.3,deploy,3000,2026-10-01 23:49:20,legacy80,tfmL_declip_cov_MSEOnly_1.3_d256h8L4f1024_anat,1.0,0.3,3000,306,0.065638,3.5e-05,75.56,99.84,8.9,3.28,2.98,0.83,99.8,1.35,1.11,1.8,1.23,0.86,0.4466,0.3836,0.0,8.87,0.0,83.15,100.0,100.0,,,,,,,0.2692,4.63,6.107,0.1543,cuda,0.9572,0.9781,0.437,0.4756,,,0.9932,0.9771,anatomical,0.575,infer,24.0,1.8,0.2,trained4,6.935,0.2312,0.12,0.0,0.0926,ma_zerophase,5.0,,0.0131,4.2104
evaluate_epoch_large.csv,tfmL_d256h8L4f1024_phys0.3,deploy,20,2026-09-12 20:57:17,transient,tfmL_declip_cov_MSEOnly_1.3_d256h8L4f1024_anat,1.0,0.3,500,306,0.037644,0.002248,87.07,95.64,9.15,5.76,3.13,1.49,84.0,2.9,0.83,3.39,1.04,2.98,0.5525,0.4717,0.0,8.83,0.0,89.34,100.0,100.0,30.4,54.05,85.06,0.0,0.0,6.62,0.3984,8.364,20.674,0.2788,cuda,0.7269,0.7991,2.326,0.4756,96.2,56.96,0.8915,0.7403,anatomical,0.575,infer,24.0,1.8,0.2,trained4,14.074,0.4691,5.36,0.0,0.1013,ma_zerophase,5.0,,0.0124,4.7469
evaluate_epoch_large.csv,tfmL_d256h8L4f1024_phys0.3,deploy,40,2026-09-12 21:00:05,transient,tfmL_declip_cov_MSEOnly_1.3_d256h8L4f1024_anat,1.0,0.3,500,306,0.037644,0.002815,87.07,94.41,9.15,5.72,3.13,1.41,80.6,2.04,0.78,2.51,1.07,2.08,0.5525,0.4709,0.0,8.83,0.0,89.34,100.0,100.0,48.3,71.62,91.67,0.0,1.14,28.43,0.377,8.353,22.652,0.2784,cuda,0.8236,0.8908,1.448,0.4756,97.45,70.95,0.9499,0.8574,anatomical,0.575,infer,24.0,1.8,0.2,trained4,15.399,0.5133,6.57,0.0,0.0989,ma_zerophase,5.0,,0.0119,5.1342
evaluate_epoch_large.csv,tfmL_d256h8L4f1024_phys0.3,deploy,50,2026-09-20 18:52:13,transient,tfmL_declip_cov_MSEOnly_1.3_d256h8L4f1024_anat,1.0,0.3,1500,306,0.037644,0.002522,87.07,94.72,9.15,4.43,3.13,1.38,82.0,1.87,0.76,2.3,1.12,1.86,0.5525,0.4742,0.0,8.83,0.0,89.34,100.0,100.0,54.54,73.9,92.68,0.0,0.7,35.93,0.3762,16.519,32.812,0.5506,cuda,0.8387,0.9054,1.286,0.4756,97.63,74.3,0.961,0.8828,anatomical,0.575,infer,24.0,1.8,0.2,trained4,12.436,0.4145,6.5,0.0,0.1049,ma_zerophase,5.0,,0.0103,5.2126
evaluate_epoch_large.csv,tfmL_d256h8L4f1024_phys0.3,deploy,60,2026-09-12 21:02:40,transient,tfmL_declip_cov_MSEOnly_1.3_d256h8L4f1024_anat,1.0,0.3,500,306,0.037644,0.003318,87.07,94.06,9.15,6.94,3.13,1.5,77.9,3.67,1.07,3.41,0.98,2.96,0.5525,0.5329,0.0,8.83,0.0,89.34,100.0,100.0,40.74,54.26,74.51,0.0,0.0,1.3,0.4493,10.863,33.796,0.3621,cuda,0.6835,0.7365,3.097,0.4756,90.92,29.48,0.8594,0.7038,anatomical,0.575,infer,24.0,1.8,0.2,trained4,14.394,0.4798,6.38,0.0,0.112,ma_zerophase,5.0,,0.0121,8.7674
evaluate_epoch_large.csv,tfmL_d256h8L4f1024_phys0.3,deploy,80,2026-09-12 21:05:25,transient,tfmL_declip_cov_MSEOnly_1.3_d256h8L4f1024_anat,1.0,0.3,500,306,0.037644,0.000878,87.07,98.47,9.15,5.58,3.13,1.46,94.5,4.57,0.77,3.66,0.87,3.2,0.5525,0.4936,0.0,8.83,0.0,89.34,100.0,100.0,39.57,53.23,69.87,0.0,0.0,0.02,0.4184,10.774,30.265,0.3591,cuda,0.6601,0.699,4.006,0.4756,84.07,2.97,0.8112,0.6625,anatomical,0.575,infer,24.0,1.8,0.2,trained4,9.475,0.3158,1.58,0.0,0.0771,ma_zerophase,5.0,,0.0122,7.887
evaluate_epoch_large.csv,tfmL_d256h8L4f1024_phys0.3,deploy,100,2026-09-12 21:08:12,transient,tfmL_declip_cov_MSEOnly_1.3_d256h8L4f1024_anat,1.0,0.3,500,306,0.037644,0.000981,87.07,97.92,9.15,4.66,3.13,1.32,93.2,4.18,0.72,3.33,0.96,2.87,0.5525,0.4612,0.0,8.83,0.0,89.34,100.0,100.0,39.38,52.04,69.35,0.0,0.0,0.01,0.3783,9.866,24.951,0.3289,cuda,0.6536,0.6938,3.586,0.4756,86.55,8.36,0.8247,0.6601,anatomical,0.575,infer,24.0,1.8,0.2,trained4,10.482,0.3494,2.18,0.0,0.0595,ma_zerophase,5.0,,0.0129,5.7265
evaluate_epoch_large.csv,tfmL_d256h8L4f1024_phys0.3,deploy,120,2026-09-12 21:10:58,transient,tfmL_declip_cov_MSEOnly_1.3_d256h8L4f1024_anat,1.0,0.3,500,306,0.037644,0.000843,87.07,98.13,9.15,5.45,3.13,1.37,93.7,3.34,0.79,2.85,0.91,2.42,0.5525,0.4346,0.0,8.83,0.0,89.34,100.0,100.0,41.2,54.94,75.3,0.0,0.0,0.24,0.3556,7.809,18.498,0.2603,cuda,0.69,0.747,2.761,0.4756,92.36,30.46,0.8726,0.7165,anatomical,0.575,infer,24.0,1.8,0.2,trained4,9.545,0.3182,1.71,0.0,0.0826,ma_zerophase,5.0,,0.0123,4.6152
evaluate_epoch_large.csv,tfmL_d256h8L4f1024_phys0.3,deploy,140,2026-09-12 21:13:43,transient,tfmL_declip_cov_MSEOnly_1.3_d256h8L4f1024_anat,1.0,0.3,500,306,0.037644,0.001222,87.07,97.81,9.15,5.66,3.13,1.55,91.6,2.97,0.74,2.54,0.87,2.11,0.5525,0.4433,0.0,8.83,0.0,89.34,100.0,100.0,40.95,57.87,78.85,0.0,0.0,1.48,0.3602,5.136,7.742,0.1712,cuda,0.7148,0.7782,2.424,0.4756,94.95,45.98,0.8953,0.7462,anatomical,0.575,infer,24.0,1.8,0.2,trained4,10.254,0.3418,1.8,0.0,0.0556,ma_zerophase,5.0,,0.0123,5.1079
evaluate_epoch_large.csv,tfmL_d256h8L4f1024_phys0.3,deploy,150,2026-09-20 18:54:40,transient,tfmL_declip_cov_MSEOnly_1.3_d256h8L4f1024_anat,1.0,0.3,1500,306,0.037644,0.000722,87.07,98.06,9.15,4.37,3.13,1.25,94.0,2.68,0.63,2.42,0.89,2.0,0.5525,0.4359,0.0,8.83,0.0,89.34,100.0,100.0,46.71,61.49,81.3,0.0,0.0,1.24,0.3527,15.689,31.31,0.523,cuda,0.7392,0.8048,2.142,0.4756,95.8,52.48,0.9114,0.7806,anatomical,0.575,infer,24.0,1.8,0.2,trained4,8.15,0.2717,1.51,0.0,0.0556,ma_zerophase,5.0,,0.0102,4.8983
evaluate_epoch_large.csv,tfmL_d256h8L4f1024_phys0.3,deploy,160,2026-09-12 21:16:31,transient,tfmL_declip_cov_MSEOnly_1.3_d256h8L4f1024_anat,1.0,0.3,500,306,0.037644,0.00085,87.07,98.31,9.15,4.5,3.13,1.45,94.0,3.25,0.62,2.75,0.91,2.32,0.5525,0.4523,0.0,8.83,0.0,89.34,100.0,100.0,37.58,54.74,76.53,0.0,0.0,0.13,0.3741,5.516,8.267,0.1839,cuda,0.6925,0.7522,2.699,0.4756,93.54,32.41,0.8752,0.7151,anatomical,0.575,infer,24.0,1.8,0.2,trained4,10.45,0.3483,1.92,0.0,0.0629,ma_zerophase,5.0,,0.0127,5.2202
evaluate_epoch_large.csv,tfmL_d256h8L4f1024_phys0.3,deploy,180,2026-09-12 21:19:25,transient,tfmL_declip_cov_MSEOnly_1.3_d256h8L4f1024_anat,1.0,0.3,500,306,0.037644,0.000391,87.07,98.8,9.15,3.6,3.13,1.19,96.5,3.53,0.67,2.86,0.97,2.43,0.5525,0.4389,0.0,8.83,0.0,89.34,100.0,100.0,35.69,53.51,74.48,0.0,0.0,0.07,0.363,5.687,7.458,0.1896,cuda,0.6815,0.734,2.978,0.4756,90.33,18.29,0.8587,0.6935,anatomical,0.575,infer,24.0,1.8,0.2,trained4,9.852,0.3284,1.06,0.0,0.0565,ma_zerophase,5.0,,0.0139,4.9779
evaluate_epoch_large.csv,tfmL_d256h8L4f1024_phys0.3,deploy,200,2026-09-12 21:22:17,transient,tfmL_declip_cov_MSEOnly_1.3_d256h8L4f1024_anat,1.0,0.3,500,306,0.037644,0.000439,87.07,98.99,9.15,4.37,3.13,1.36,96.6,3.58,0.74,2.75,0.91,2.3,0.5525,0.4482,0.0,8.83,0.0,89.34,100.0,100.0,44.34,56.8,73.4,0.0,0.0,0.02,0.371,5.625,7.943,0.1875,cuda,0.6909,0.7372,3.014,0.4756,89.06,13.63,0.859,0.7106,anatomical,0.575,infer,24.0,1.8,0.2,trained4,9.727,0.3242,0.85,0.0,0.0548,ma_zerophase,5.0,,0.0137,5.1741
evaluate_epoch_large.csv,tfmL_d256h8L4f1024_phys0.3,deploy,220,2026-09-12 21:25:11,transient,tfmL_declip_cov_MSEOnly_1.3_d256h8L4f1024_anat,1.0,0.3,500,306,0.037644,0.001129,87.07,98.49,9.15,5.08,3.13,1.83,93.2,3.04,0.74,2.44,1.01,2.0,0.5525,0.4484,0.0,8.83,0.0,89.34,100.0,100.0,46.57,59.31,77.44,0.0,0.0,0.53,0.3747,5.541,7.646,0.1847,cuda,0.7166,0.7726,2.484,0.4756,93.82,38.45,0.8942,0.7521,anatomical,0.575,infer,24.0,1.8,0.2,trained4,9.788,0.3263,1.19,0.0,0.068,ma_zerophase,5.0,,0.0146,5.3406
evaluate_epoch_large.csv,tfmL_d256h8L4f1024_phys0.3,deploy,240,2026-09-12 21:28:05,transient,tfmL_declip_cov_MSEOnly_1.3_d256h8L4f1024_anat,1.0,0.3,500,306,0.037644,0.00175,87.07,97.56,9.15,6.1,3.13,1.75,89.4,3.05,0.81,2.83,1.12,2.41,0.5525,0.4268,0.0,8.83,0.0,89.34,100.0,100.0,41.67,58.36,78.58,0.0,0.0,0.7,0.3697,5.173,7.663,0.1724,cuda,0.7141,0.7762,2.493,0.4756,93.9,33.5,0.887,0.7463,anatomical,0.575,infer,24.0,1.8,0.2,trained4,9.846,0.3282,1.32,0.0,0.0546,ma_zerophase,5.0,,0.013,4.7249
evaluate_epoch_large.csv,tfmL_d256h8L4f1024_phys0.3,deploy,250,2026-09-20 18:57:06,transient,tfmL_declip_cov_MSEOnly_1.3_d256h8L4f1024_anat,1.0,0.3,1500,306,0.037644,0.001581,87.07,98.0,9.15,5.09,3.13,1.84,90.9,2.38,0.65,2.19,0.99,1.77,0.5525,0.4334,0.0,8.83,0.0,89.34,100.0,100.0,50.18,64.08,85.01,0.0,0.01,4.98,0.35,15.705,33.082,0.5235,cuda,0.7642,0.8369,1.827,0.4756,96.94,64.56,0.9312,0.8176,anatomical,0.575,infer,24.0,1.8,0.2,trained4,8.219,0.274,1.49,0.0,0.0528,ma_zerophase,5.0,,0.0101,4.8065
evaluate_epoch_large.csv,tfmL_d256h8L4f1024_phys0.3,deploy,260,2026-09-12 21:30:59,transient,tfmL_declip_cov_MSEOnly_1.3_d256h8L4f1024_anat,1.0,0.3,500,306,0.037644,0.001026,87.07,98.06,9.15,4.97,3.13,1.41,93.2,2.46,0.62,2.12,0.92,1.69,0.5525,0.4505,0.0,8.83,0.0,89.34,100.0,100.0,51.02,63.54,83.97,0.0,0.0,3.43,0.3641,5.489,7.581,0.183,cuda,0.758,0.8284,1.911,0.4756,96.27,59.38,0.9298,0.8138,anatomical,0.575,infer,24.0,1.8,0.2,trained4,10.197,0.3399,1.05,0.0,0.0636,ma_zerophase,5.0,,0.0136,4.9084
evaluate_epoch_large.csv,tfmL_d256h8L4f1024_phys0.3,deploy,280,2026-09-12 21:33:55,transient,tfmL_declip_cov_MSEOnly_1.3_d256h8L4f1024_anat,1.0,0.3,500,306,0.037644,0.000994,87.07,97.77,9.15,5.47,3.13,1.29,92.9,2.4,0.7,2.08,0.91,1.66,0.5525,0.4392,0.0,8.83,0.0,89.34,100.0,100.0,52.11,65.4,84.51,0.0,0.02,6.87,0.3548,5.863,7.843,0.1954,cuda,0.7715,0.8368,1.858,0.4756,96.17,58.86,0.9317,0.8218,anatomical,0.575,infer,24.0,1.8,0.2,trained4,10.043,0.3348,1.03,0.0,0.0539,ma_zerophase,5.0,,0.014,5.0273
evaluate_epoch_large.csv,tfmL_d256h8L4f1024_phys0.3,deploy,300,2026-09-12 21:36:47,transient,tfmL_declip_cov_MSEOnly_1.3_d256h8L4f1024_anat,1.0,0.3,500,306,0.037644,0.000782,87.07,98.44,9.15,5.11,3.13,1.44,94.4,2.17,0.64,2.0,0.9,1.57,0.5525,0.4387,0.0,8.83,0.0,89.34,100.0,100.0,54.23,67.86,87.61,0.0,0.02,12.64,0.3502,5.207,7.872,0.1736,cuda,0.7915,0.8608,1.621,0.4756,96.95,66.34,0.9448,0.848,anatomical,0.575,infer,24.0,1.8,0.2,trained4,10.773,0.3591,1.54,0.0,0.0504,ma_zerophase,5.0,,0.0126,4.8898
evaluate_epoch_large.csv,tfmL_d256h8L4f1024_phys0.3,deploy,320,2026-09-12 21:39:37,transient,tfmL_declip_cov_MSEOnly_1.3_d256h8L4f1024_anat,1.0,0.3,500,306,0.037644,0.000545,87.07,98.63,9.15,4.57,3.13,1.36,95.4,2.86,0.76,2.25,0.91,1.82,0.5525,0.4527,0.0,8.83,0.0,89.34,100.0,100.0,50.38,62.71,80.06,0.0,0.0,0.89,0.3695,5.704,7.683,0.1901,cuda,0.7409,0.7983,2.313,0.4756,93.79,40.77,0.9074,0.7826,anatomical,0.575,infer,24.0,1.8,0.2,trained4,9.146,0.3049,0.68,0.0,0.0428,ma_zerophase,5.0,,0.0137,5.5502
evaluate_epoch_large.csv,tfmL_d256h8L4f1024_phys0.3,deploy,340,2026-09-12 21:42:28,transient,tfmL_declip_cov_MSEOnly_1.3_d256h8L4f1024_anat,1.0,0.3,500,306,0.037644,0.00056,87.07,98.45,9.15,4.22,3.13,1.19,95.5,2.25,0.71,2.06,0.95,1.63,0.5525,0.4327,0.0,8.83,0.0,89.34,100.0,100.0,52.44,66.22,86.71,0.0,0.02,9.46,0.3506,5.7,7.681,0.19,cuda,0.7818,0.8535,1.686,0.4756,96.97,66.21,0.9411,0.838,anatomical,0.575,infer,24.0,1.8,0.2,trained4,10.042,0.3347,0.9,0.0,0.0403,ma_zerophase,5.0,,0.0139,4.9221
evaluate_epoch_large.csv,tfmL_d256h8L4f1024_phys0.3,deploy,350,2026-09-20 18:59:30,transient,tfmL_declip_cov_MSEOnly_1.3_d256h8L4f1024_anat,1.0,0.3,1500,306,0.037644,0.0008,87.07,97.35,9.15,4.67,3.13,1.0,93.4,2.21,0.65,1.97,0.9,1.54,0.5525,0.4417,0.0,8.83,0.0,89.34,100.0,100.0,53.95,67.44,87.06,0.0,0.02,8.45,0.3512,17.572,31.14,0.5857,cuda,0.791,0.8602,1.632,0.4756,96.87,65.11,0.9457,0.8486,anatomical,0.575,infer,24.0,1.8,0.2,trained4,7.758,0.2586,1.06,0.0,0.042,ma_zerophase,5.0,,0.0103,5.004
evaluate_epoch_large.csv,tfmL_d256h8L4f1024_phys0.3,deploy,360,2026-09-12 21:45:23,transient,tfmL_declip_cov_MSEOnly_1.3_d256h8L4f1024_anat,1.0,0.3,500,306,0.037644,0.00061,87.07,97.59,9.15,4.41,3.13,1.0,94.1,2.15,0.66,1.97,0.91,1.54,0.5525,0.4344,0.0,8.83,0.0,89.34,100.0,100.0,54.36,67.67,87.87,0.0,0.02,12.91,0.3489,5.664,7.732,0.1888,cuda,0.7937,0.8649,1.579,0.4756,97.03,66.68,0.948,0.8533,anatomical,0.575,infer,24.0,1.8,0.2,trained4,9.993,0.3331,0.96,0.0,0.0385,ma_zerophase,5.0,,0.0139,4.86
evaluate_epoch_large.csv,tfmL_d256h8L4f1024_phys0.3,deploy,380,2026-09-12 21:48:17,transient,tfmL_declip_cov_MSEOnly_1.3_d256h8L4f1024_anat,1.0,0.3,500,306,0.037644,0.000676,87.07,98.12,9.15,4.07,3.13,1.16,94.6,2.22,0.68,1.98,0.91,1.55,0.5525,0.4459,0.0,8.83,0.0,89.34,100.0,100.0,54.47,68.21,86.74,0.0,0.07,9.23,0.357,5.222,7.279,0.1741,cuda,0.7928,0.8588,1.655,0.4756,96.49,61.99,0.9436,0.8478,anatomical,0.575,infer,24.0,1.8,0.2,trained4,9.824,0.3275,0.74,0.0,0.0418,ma_zerophase,5.0,,0.0135,5.1147
evaluate_epoch_large.csv,tfmL_d256h8L4f1024_phys0.3,deploy,400,2026-09-12 21:51:12,transient,tfmL_declip_cov_MSEOnly_1.3_d256h8L4f1024_anat,1.0,0.3,500,306,0.037644,0.000791,87.07,97.61,9.15,4.26,3.13,1.15,93.2,2.07,0.69,1.95,0.92,1.52,0.5525,0.4378,0.0,8.83,0.0,89.34,100.0,100.0,56.12,69.82,88.26,0.0,0.08,14.85,0.3504,5.769,7.748,0.1923,cuda,0.8078,0.8745,1.498,0.4756,97.02,66.93,0.9516,0.8642,anatomical,0.575,infer,24.0,1.8,0.2,trained4,9.797,0.3266,0.78,0.0,0.0445,ma_zerophase,5.0,,0.0142,4.8388
evaluate_epoch_large.csv,tfmL_d256h8L4f1024_phys0.3,deploy,420,2026-09-12 21:54:07,transient,tfmL_declip_cov_MSEOnly_1.3_d256h8L4f1024_anat,1.0,0.3,500,306,0.037644,0.000783,87.07,98.04,9.15,4.22,3.13,1.32,93.6,2.01,0.69,1.88,0.91,1.46,0.5525,0.4443,0.0,8.83,0.0,89.34,100.0,100.0,57.12,71.06,89.38,0.0,0.1,18.58,0.3566,5.568,7.514,0.1856,cuda,0.8177,0.8825,1.443,0.4756,96.92,66.54,0.9547,0.8728,anatomical,0.575,infer,24.0,1.8,0.2,trained4,10.356,0.3452,0.86,0.0,0.0364,ma_zerophase,5.0,,0.0136,4.892
evaluate_epoch_large.csv,tfmL_d256h8L4f1024_phys0.3,deploy,440,2026-09-12 21:56:59,transient,tfmL_declip_cov_MSEOnly_1.3_d256h8L4f1024_anat,1.0,0.3,500,306,0.037644,0.000672,87.07,97.09,9.15,4.41,3.13,0.99,92.9,2.09,0.73,1.92,0.96,1.5,0.5525,0.44,0.0,8.83,0.0,89.34,100.0,100.0,55.86,69.88,88.09,0.0,0.26,17.14,0.3518,5.823,7.751,0.1941,cuda,0.807,0.8724,1.529,0.4756,96.91,66.79,0.9504,0.862,anatomical,0.575,infer,24.0,1.8,0.2,trained4,9.676,0.3225,0.85,0.0,0.0508,ma_zerophase,5.0,,0.0139,4.9391
evaluate_epoch_large.csv,tfmL_d256h8L4f1024_phys0.3,deploy,450,2026-09-20 19:01:57,transient,tfmL_declip_cov_MSEOnly_1.3_d256h8L4f1024_anat,1.0,0.3,1500,306,0.037644,0.000658,87.07,97.28,9.15,4.29,3.13,1.07,92.8,2.07,0.68,1.9,0.92,1.47,0.5525,0.4432,0.0,8.83,0.0,89.34,100.0,100.0,56.47,70.14,88.21,0.0,0.05,16.03,0.3546,16.816,31.615,0.5605,cuda,0.8085,0.8736,1.511,0.4756,96.84,65.78,0.9516,0.865,anatomical,0.575,infer,24.0,1.8,0.2,trained4,7.564,0.2521,0.9,0.0,0.0395,ma_zerophase,5.0,,0.0102,4.9345
evaluate_epoch_large.csv,tfmL_d256h8L4f1024_phys0.3,deploy,460,2026-09-12 21:59:55,transient,tfmL_declip_cov_MSEOnly_1.3_d256h8L4f1024_anat,1.0,0.3,500,306,0.037644,0.000633,87.07,97.42,9.15,4.26,3.13,1.04,93.3,1.96,0.72,1.88,0.93,1.45,0.5525,0.4406,0.0,8.83,0.0,89.34,100.0,100.0,57.37,71.41,89.46,0.0,0.48,20.59,0.3532,5.81,8.065,0.1937,cuda,0.8204,0.8857,1.402,0.4756,97.22,69.49,0.9564,0.8758,anatomical,0.575,infer,24.0,1.8,0.2,trained4,9.963,0.3321,0.84,0.0,0.0366,ma_zerophase,5.0,,0.0142,4.8687
evaluate_epoch_large.csv,tfmL_d256h8L4f1024_phys0.3,deploy,480,2026-09-12 22:02:52,transient,tfmL_declip_cov_MSEOnly_1.3_d256h8L4f1024_anat,1.0,0.3,500,306,0.037644,0.000464,87.07,97.77,9.15,4.47,3.13,0.83,95.4,1.97,0.73,1.86,0.94,1.43,0.5525,0.4423,0.0,8.83,0.0,89.34,100.0,100.0,57.96,71.75,89.17,0.0,0.58,19.31,0.3519,5.641,7.926,0.188,cuda,0.8235,0.8862,1.394,0.4756,97.02,66.95,0.9568,0.8777,anatomical,0.575,infer,24.0,1.8,0.2,trained4,9.933,0.3311,0.84,0.0,0.0331,ma_zerophase,5.0,,0.0136,4.9074
evaluate_epoch_large.csv,tfmL_d256h8L4f1024_phys0.3,deploy,500,2026-09-12 22:05:38,transient,tfmL_declip_cov_MSEOnly_1.3_d256h8L4f1024_anat,1.0,0.3,500,306,0.037644,0.000583,87.07,98.51,9.15,4.16,3.13,1.29,95.2,2.04,0.77,1.91,0.93,1.47,0.5525,0.4502,0.0,8.83,0.0,89.34,100.0,100.0,57.4,70.66,88.5,0.0,0.13,18.52,0.3602,5.533,7.646,0.1844,cuda,0.8135,0.8784,1.464,0.4756,96.97,67.75,0.9541,0.8711,anatomical,0.575,infer,24.0,1.8,0.2,trained4,8.869,0.2956,0.68,0.0,0.0345,ma_zerophase,5.0,,0.0132,4.872
evaluate_epoch_large.csv,tfmL_d256h8L4f1024_phys0.3,deploy,550,2026-09-20 19:04:22,transient,tfmL_declip_cov_MSEOnly_1.3_d256h8L4f1024_anat,1.0,0.3,1500,306,0.037644,0.000712,87.07,98.63,9.15,4.58,3.13,1.34,95.4,2.77,0.76,2.42,1.02,2.01,0.5525,0.493,0.0,8.83,0.0,89.34,100.0,100.0,47.9,61.31,80.03,0.0,0.01,3.45,0.4154,17.373,33.23,0.5791,cuda,0.7304,0.7937,2.272,0.4756,95.26,48.91,0.9057,0.7751,anatomical,0.575,infer,24.0,1.8,0.2,trained4,7.209,0.2403,0.77,0.0,0.0464,ma_zerophase,5.0,,0.0104,4.9474
evaluate_epoch_large.csv,tfmL_d256h8L4f1024_phys0.3,deploy,600,2026-09-20 19:06:47,transient,tfmL_declip_cov_MSEOnly_1.3_d256h8L4f1024_anat,1.0,0.3,1500,306,0.037644,0.000404,87.07,98.89,9.15,3.97,3.13,1.21,96.7,2.44,0.65,2.14,0.87,1.72,0.5525,0.4647,0.0,8.83,0.0,89.34,100.0,100.0,50.67,63.74,84.14,0.0,0.0,6.71,0.381,16.928,32.936,0.5643,cuda,0.7631,0.8311,1.893,0.4756,96.3,59.26,0.9304,0.8167,anatomical,0.575,infer,24.0,1.8,0.2,trained4,7.139,0.238,0.92,0.0,0.0457,ma_zerophase,5.0,,0.0104,4.8584
evaluate_epoch_large.csv,tfmL_d256h8L4f1024_phys0.3,deploy,650,2026-09-20 19:09:20,transient,tfmL_declip_cov_MSEOnly_1.3_d256h8L4f1024_anat,1.0,0.3,1500,306,0.037644,0.001018,87.07,98.52,9.15,5.78,3.13,1.76,93.6,2.63,0.58,2.14,0.89,1.75,0.5525,0.475,0.0,8.83,0.0,89.34,100.0,100.0,56.19,65.04,80.42,0.0,0.0,1.01,0.3917,17.271,33.197,0.5757,cuda,0.757,0.8022,2.179,0.4756,94.53,47.08,0.9139,0.7967,anatomical,0.575,infer,24.0,1.8,0.2,trained4,7.843,0.2614,0.41,0.0,0.0264,ma_zerophase,5.0,,0.0114,5.3806
evaluate_epoch_large.csv,tfmL_d256h8L4f1024_phys0.3,deploy,700,2026-09-20 19:12:11,transient,tfmL_declip_cov_MSEOnly_1.3_d256h8L4f1024_anat,1.0,0.3,1500,306,0.037644,0.00075,87.07,98.03,9.15,4.94,3.13,1.28,93.8,1.77,0.75,1.77,1.1,1.41,0.5525,0.4694,0.0,8.83,0.0,89.34,100.0,100.0,58.54,73.29,91.32,0.0,0.81,31.69,0.3846,19.128,32.418,0.6376,cuda,0.8301,0.895,1.313,0.4756,97.96,77.06,0.9605,0.884,anatomical,0.575,infer,24.0,1.8,0.2,trained4,7.243,0.2414,0.34,0.0,0.0332,ma_zerophase,5.0,,0.0115,4.8276
evaluate_epoch_large.csv,tfmL_d256h8L4f1024_phys0.3,deploy,750,2026-09-20 19:14:56,transient,tfmL_declip_cov_MSEOnly_1.3_d256h8L4f1024_anat,1.0,0.3,1500,306,0.037644,0.000352,87.07,98.69,9.15,3.76,3.13,0.92,97.0,1.62,0.72,1.63,0.95,1.29,0.5525,0.4681,0.0,8.83,0.0,89.34,100.0,100.0,63.52,76.54,92.13,0.01,2.05,38.44,0.3802,7.103,17.683,0.2368,cuda,0.8527,0.9088,1.173,0.4756,97.82,76.98,0.9676,0.9054,anatomical,0.575,infer,24.0,1.8,0.2,trained4,7.334,0.2445,0.25,0.0,0.0187,ma_zerophase,5.0,,0.0119,4.8721
evaluate_epoch_large.csv,tfmL_d256h8L4f1024_phys0.3,deploy,800,2026-09-20 19:17:35,transient,tfmL_declip_cov_MSEOnly_1.3_d256h8L4f1024_anat,1.0,0.3,1500,306,0.037644,0.000118,87.07,99.27,9.15,2.72,3.13,0.85,98.5,2.0,0.69,2.03,1.02,1.69,0.5525,0.4643,0.0,8.83,0.0,89.34,100.0,100.0,54.46,68.74,88.69,0.0,0.04,19.89,0.3877,17.025,31.8,0.5675,cuda,0.7928,0.8642,1.592,0.4756,97.74,74.39,0.9461,0.8518,anatomical,0.575,infer,24.0,1.8,0.2,trained4,6.568,0.2189,0.21,0.0,0.0206,ma_zerophase,5.0,,0.0114,4.8808
evaluate_epoch_large.csv,tfmL_d256h8L4f1024_phys0.3,deploy,850,2026-09-20 19:20:19,transient,tfmL_declip_cov_MSEOnly_1.3_d256h8L4f1024_anat,1.0,0.3,1500,306,0.037644,0.000379,87.07,98.39,9.15,4.64,3.13,1.09,95.7,1.9,0.7,1.81,0.93,1.46,0.5525,0.4648,0.0,8.83,0.0,89.34,100.0,100.0,57.18,71.17,89.34,0.0,0.49,23.99,0.378,11.521,33.165,0.384,cuda,0.8118,0.8763,1.48,0.4756,97.58,73.2,0.9524,0.8671,anatomical,0.575,infer,24.0,1.8,0.2,trained4,7.19,0.2397,0.26,0.0,0.0195,ma_zerophase,5.0,,0.0113,4.8058
evaluate_epoch_large.csv,tfmL_d256h8L4f1024_phys0.3,deploy,900,2026-09-20 19:23:16,transient,tfmL_declip_cov_MSEOnly_1.3_d256h8L4f1024_anat,1.0,0.3,1500,306,0.037644,0.000335,87.07,98.92,9.15,4.76,3.13,0.98,97.4,1.36,0.68,1.46,0.94,1.15,0.5525,0.4476,0.0,8.83,0.0,89.34,100.0,100.0,68.05,81.11,94.11,0.46,9.77,50.26,0.3583,21.995,33.501,0.7332,cuda,0.8824,0.9304,0.965,0.4756,98.4,82.32,0.976,0.9282,anatomical,0.575,infer,24.0,1.8,0.2,trained4,7.084,0.2361,0.1,0.0,0.0193,ma_zerophase,5.0,,0.0118,4.8053
evaluate_epoch_large.csv,tfmL_d256h8L4f1024_phys0.3,deploy,950,2026-09-20 19:26:16,transient,tfmL_declip_cov_MSEOnly_1.3_d256h8L4f1024_anat,1.0,0.3,1500,306,0.037644,0.000187,87.07,99.69,9.15,4.81,3.13,1.63,98.8,1.29,0.71,1.43,0.95,1.12,0.5525,0.4352,0.0,8.83,0.0,89.34,100.0,100.0,70.34,82.77,94.43,0.95,14.07,52.55,0.345,21.293,31.242,0.7098,cuda,0.894,0.9388,0.881,0.4756,98.29,81.27,0.9791,0.937,anatomical,0.575,infer,24.0,1.8,0.2,trained4,7.312,0.2437,0.15,0.0,0.0201,ma_zerophase,5.0,,0.0119,4.7399
evaluate_epoch_large.csv,tfmL_d256h8L4f1024_phys0.3,deploy,1000,2026-09-20 19:29:17,transient,tfmL_declip_cov_MSEOnly_1.3_d256h8L4f1024_anat,1.0,0.3,1500,306,0.037644,0.000194,87.07,99.35,9.15,3.77,3.13,1.13,98.2,1.6,0.72,1.58,0.97,1.27,0.5525,0.4493,0.0,8.83,0.0,89.34,100.0,100.0,62.05,76.12,92.58,0.03,2.68,41.96,0.3627,21.829,31.888,0.7276,cuda,0.8496,0.9082,1.198,0.4756,98.07,79.01,0.9667,0.9031,anatomical,0.575,infer,24.0,1.8,0.2,trained4,7.097,0.2366,0.16,0.0,0.0155,ma_zerophase,5.0,,0.0118,4.8567
evaluate_epoch_large.csv,tfmL_d256h8L4f1024_phys0.3,deploy,1050,2026-09-20 19:32:17,transient,tfmL_declip_cov_MSEOnly_1.3_d256h8L4f1024_anat,1.0,0.3,1500,306,0.037644,0.000142,87.07,99.71,9.15,5.78,3.13,1.23,99.1,1.18,0.66,1.38,0.96,1.09,0.5525,0.4297,0.0,8.83,0.0,89.34,100.0,100.0,72.24,85.48,95.57,2.25,19.96,59.23,0.3443,21.237,32.217,0.7079,cuda,0.9075,0.9485,0.813,0.4756,98.55,83.89,0.9816,0.9431,anatomical,0.575,infer,24.0,1.8,0.2,trained4,6.896,0.2299,0.08,0.0,0.0114,ma_zerophase,5.0,,0.012,4.7404
evaluate_epoch_large.csv,tfmL_d256h8L4f1024_phys0.3,deploy,1100,2026-09-20 19:35:18,transient,tfmL_declip_cov_MSEOnly_1.3_d256h8L4f1024_anat,1.0,0.3,1500,306,0.037644,0.000104,87.07,99.73,9.15,3.3,3.13,1.32,99.1,1.14,0.61,1.39,0.96,1.11,0.5525,0.4259,0.0,8.83,0.0,89.34,100.0,100.0,72.76,85.94,96.24,1.86,12.65,61.99,0.3377,22.015,33.885,0.7338,cuda,0.9111,0.9529,0.781,0.4756,98.74,86.1,0.9814,0.9417,anatomical,0.575,infer,24.0,1.8,0.2,trained4,7.195,0.2398,0.16,0.0,0.0132,ma_zerophase,5.0,,0.0118,4.7573
evaluate_epoch_large.csv,tfmL_d256h8L4f1024_phys0.3,deploy,1150,2026-09-20 19:38:18,transient,tfmL_declip_cov_MSEOnly_1.3_d256h8L4f1024_anat,1.0,0.3,1500,306,0.037644,0.000104,87.07,99.75,9.15,4.57,3.13,1.27,99.2,1.08,0.62,1.32,0.95,1.04,0.5525,0.4268,0.0,8.83,0.0,89.34,100.0,100.0,74.25,86.95,96.19,3.49,24.9,63.87,0.3398,21.71,34.374,0.7237,cuda,0.9194,0.9569,0.722,0.4756,98.72,85.92,0.9848,0.9524,anatomical,0.575,infer,24.0,1.8,0.2,trained4,6.91,0.2303,0.09,0.0,0.0188,ma_zerophase,5.0,,0.0117,4.7377
evaluate_epoch_large.csv,tfmL_d256h8L4f1024_phys0.3,deploy,1200,2026-09-20 19:41:18,transient,tfmL_declip_cov_MSEOnly_1.3_d256h8L4f1024_anat,1.0,0.3,1500,306,0.037644,0.00017,87.07,99.74,9.15,5.98,3.13,1.54,99.0,1.06,0.63,1.28,0.96,1.01,0.5525,0.4294,0.0,8.83,0.0,89.34,100.0,100.0,75.2,86.78,96.15,4.6,25.62,64.15,0.3415,20.95,30.888,0.6983,cuda,0.9213,0.9576,0.697,0.4756,98.64,84.92,0.9856,0.9551,anatomical,0.575,infer,24.0,1.8,0.2,trained4,7.019,0.234,0.14,0.0,0.0202,ma_zerophase,5.0,,0.0117,4.7676
evaluate_epoch_large.csv,tfmL_d256h8L4f1024_phys0.3,deploy,1250,2026-09-20 19:44:02,transient,tfmL_declip_cov_MSEOnly_1.3_d256h8L4f1024_anat,1.0,0.3,1500,306,0.037644,0.000229,87.07,99.46,9.15,5.33,3.13,1.22,98.4,1.12,0.66,1.3,0.97,1.03,0.5525,0.439,0.0,8.83,0.0,89.34,100.0,100.0,73.95,85.85,95.53,3.7,22.04,60.7,0.3535,11.082,12.704,0.3694,cuda,0.9131,0.9509,0.764,0.4756,98.57,84.24,0.9831,0.949,anatomical,0.575,infer,24.0,1.8,0.2,trained4,6.206,0.2069,0.09,0.0,0.0167,ma_zerophase,5.0,,0.0098,4.956
evaluate_epoch_large.csv,tfmL_d256h8L4f1024_phys0.3,deploy,1300,2026-09-20 19:46:30,transient,tfmL_declip_cov_MSEOnly_1.3_d256h8L4f1024_anat,1.0,0.3,1500,306,0.037644,0.000115,87.07,99.69,9.15,4.91,3.13,0.92,99.3,0.96,0.63,1.24,0.97,0.98,0.5525,0.4263,0.0,8.83,0.0,89.34,100.0,100.0,78.41,88.85,96.59,8.39,33.16,67.23,0.34,10.871,11.72,0.3624,cuda,0.933,0.9645,0.616,0.4756,98.78,86.58,0.9876,0.9614,anatomical,0.575,infer,24.0,1.8,0.2,trained4,6.325,0.2108,0.1,0.0,0.0124,ma_zerophase,5.0,,0.0098,4.7627
evaluate_epoch_large.csv,tfmL_d256h8L4f1024_phys0.3,deploy,1350,2026-09-20 19:48:53,transient,tfmL_declip_cov_MSEOnly_1.3_d256h8L4f1024_anat,1.0,0.3,1500,306,0.037644,0.000158,87.07,99.62,9.15,4.55,3.13,1.2,98.9,0.95,0.61,1.24,0.96,0.98,0.5525,0.4247,0.0,8.83,0.0,89.34,100.0,100.0,78.47,88.81,96.64,8.69,31.92,67.66,0.3374,10.739,11.5,0.358,cuda,0.933,0.9643,0.611,0.4756,98.81,86.78,0.988,0.962,anatomical,0.575,infer,24.0,1.8,0.2,trained4,5.613,0.1871,0.09,0.0,0.0161,ma_zerophase,5.0,,0.0091,4.7353
evaluate_epoch_large.csv,tfmL_d256h8L4f1024_phys0.3,deploy,1400,2026-09-20 19:51:12,transient,tfmL_declip_cov_MSEOnly_1.3_d256h8L4f1024_anat,1.0,0.3,1500,306,0.037644,0.00015,87.07,99.58,9.15,4.3,3.13,1.12,98.8,0.95,0.62,1.22,0.94,0.96,0.5525,0.4272,0.0,8.83,0.0,89.34,100.0,100.0,78.72,89.05,96.64,9.72,32.39,67.82,0.338,10.816,11.859,0.3605,cuda,0.9343,0.9649,0.607,0.4756,98.77,86.54,0.9879,0.9623,anatomical,0.575,infer,24.0,1.8,0.2,trained4,5.835,0.1945,0.19,0.0,0.0228,ma_zerophase,5.0,,0.0091,4.7156
evaluate_epoch_large.csv,tfmL_d256h8L4f1024_phys0.3,deploy,1450,2026-09-20 19:53:31,transient,tfmL_declip_cov_MSEOnly_1.3_d256h8L4f1024_anat,1.0,0.3,1500,306,0.037644,9.7e-05,87.07,99.81,9.15,4.37,3.13,1.56,99.3,1.16,0.56,1.36,0.93,1.1,0.5525,0.4215,0.0,8.83,0.0,89.34,100.0,100.0,70.69,85.29,96.37,0.61,14.88,63.09,0.3358,10.852,11.876,0.3617,cuda,0.9071,0.952,0.806,0.4756,98.78,86.14,0.9823,0.9427,anatomical,0.575,infer,24.0,1.8,0.2,trained4,5.727,0.1909,0.12,0.0,0.0219,ma_zerophase,5.0,,0.009,4.6951
evaluate_epoch_large.csv,tfmL_d256h8L4f1024_phys0.3,deploy,1500,2026-09-20 19:55:51,transient,tfmL_declip_cov_MSEOnly_1.3_d256h8L4f1024_anat,1.0,0.3,1500,306,0.037644,5.7e-05,87.07,99.89,9.15,3.99,3.13,1.63,99.6,0.91,0.61,1.19,0.96,0.94,0.5525,0.4263,0.0,8.83,0.0,89.34,100.0,100.0,79.99,89.79,96.69,13.34,38.13,68.45,0.3396,10.808,11.61,0.3603,cuda,0.9377,0.9663,0.587,0.4756,98.85,87.69,0.9885,0.9642,anatomical,0.575,infer,24.0,1.8,0.2,trained4,5.824,0.1941,0.23,0.0,0.0193,ma_zerophase,5.0,,0.0091,4.7708
evaluate_epoch_large.csv,tfmL_d256h8L4f1024_phys0.3,deploy,1550,2026-10-01 22:30:58,transient,tfmL_declip_cov_MSEOnly_1.3_d256h8L4f1024_anat,1.0,0.3,3000,306,0.037644,6.6e-05,87.07,99.67,9.15,2.65,3.13,0.94,99.2,0.86,0.61,1.17,0.98,0.93,0.5525,0.423,0.0,8.83,0.0,89.34,100.0,100.0,81.65,90.23,96.94,19.36,39.15,69.65,0.3359,4.99,6.548,0.1663,cuda,0.9431,0.9698,0.54,0.4756,98.91,87.86,0.9897,0.9675,anatomical,0.575,infer,24.0,1.8,0.2,trained4,7.266,0.2422,0.12,0.0,0.0102,ma_zerophase,5.0,,0.0134,4.725
evaluate_epoch_large.csv,tfmL_d256h8L4f1024_phys0.3,deploy,1600,2026-10-01 22:33:41,transient,tfmL_declip_cov_MSEOnly_1.3_d256h8L4f1024_anat,1.0,0.3,3000,306,0.037644,0.000108,87.07,99.78,9.15,3.6,3.13,1.38,99.3,0.89,0.61,1.19,0.95,0.95,0.5525,0.425,0.0,8.83,0.0,89.34,100.0,100.0,80.58,90.02,96.96,13.98,37.8,69.66,0.3375,4.565,5.759,0.1522,cuda,0.9405,0.9686,0.568,0.4756,98.84,87.49,0.989,0.9661,anatomical,0.575,infer,24.0,1.8,0.2,trained4,7.272,0.2424,0.17,0.0,0.0188,ma_zerophase,5.0,,0.0126,4.7541
evaluate_epoch_large.csv,tfmL_d256h8L4f1024_phys0.3,deploy,1650,2026-10-01 22:36:22,transient,tfmL_declip_cov_MSEOnly_1.3_d256h8L4f1024_anat,1.0,0.3,3000,306,0.037644,5.7e-05,87.07,99.79,9.15,3.3,3.13,0.95,99.5,1.01,0.63,1.22,0.93,0.98,0.5525,0.427,0.0,8.83,0.0,89.34,100.0,100.0,77.42,87.27,95.85,10.86,29.49,62.78,0.3418,4.64,6.022,0.1547,cuda,0.9219,0.955,0.685,0.4756,98.67,85.31,0.9847,0.9541,anatomical,0.575,infer,24.0,1.8,0.2,trained4,7.287,0.2429,0.21,0.0,0.0188,ma_zerophase,5.0,,0.0125,4.7329
evaluate_epoch_large.csv,tfmL_d256h8L4f1024_phys0.3,deploy,1700,2026-10-01 22:39:07,transient,tfmL_declip_cov_MSEOnly_1.3_d256h8L4f1024_anat,1.0,0.3,3000,306,0.037644,0.000126,87.07,99.78,9.15,4.75,3.13,1.46,99.2,0.85,0.6,1.15,0.96,0.92,0.5525,0.4217,0.0,8.83,0.0,89.34,100.0,100.0,81.53,90.34,96.98,18.69,39.65,70.28,0.3356,4.645,5.959,0.1548,cuda,0.9436,0.9701,0.537,0.4756,98.93,88.01,0.9898,0.9681,anatomical,0.575,infer,24.0,1.8,0.2,trained4,7.169,0.239,0.15,0.0,0.014,ma_zerophase,5.0,,0.0125,4.7152
evaluate_epoch_large.csv,tfmL_d256h8L4f1024_phys0.3,deploy,1750,2026-10-01 22:41:52,transient,tfmL_declip_cov_MSEOnly_1.3_d256h8L4f1024_anat,1.0,0.3,3000,306,0.037644,5.3e-05,87.07,99.85,9.15,3.08,3.13,1.29,99.5,0.87,0.62,1.15,0.96,0.92,0.5525,0.4241,0.0,8.83,0.0,89.34,100.0,100.0,81.94,90.23,96.8,19.53,40.24,69.8,0.3381,4.815,6.118,0.1605,cuda,0.9426,0.9685,0.552,0.4756,98.83,87.65,0.989,0.9667,anatomical,0.575,infer,24.0,1.8,0.2,trained4,7.423,0.2474,0.21,0.0,0.0216,ma_zerophase,5.0,,0.0133,4.742
evaluate_epoch_large.csv,tfmL_d256h8L4f1024_phys0.3,deploy,1800,2026-10-01 22:44:38,transient,tfmL_declip_cov_MSEOnly_1.3_d256h8L4f1024_anat,1.0,0.3,3000,306,0.037644,0.000118,87.07,99.8,9.15,5.06,3.13,1.53,99.3,0.92,0.58,1.17,0.94,0.93,0.5525,0.4218,0.0,8.83,0.0,89.34,100.0,100.0,77.64,88.81,96.88,4.76,30.12,69.5,0.3369,4.771,6.011,0.159,cuda,0.9331,0.9654,0.599,0.4756,98.85,87.34,0.9889,0.9645,anatomical,0.575,infer,24.0,1.8,0.2,trained4,7.385,0.2462,0.2,0.0,0.0255,ma_zerophase,5.0,,0.0129,4.7128
evaluate_epoch_large.csv,tfmL_d256h8L4f1024_phys0.3,deploy,1850,2026-10-01 22:47:24,transient,tfmL_declip_cov_MSEOnly_1.3_d256h8L4f1024_anat,1.0,0.3,3000,306,0.037644,6.8e-05,87.07,99.77,9.15,4.34,3.13,1.05,99.4,0.98,0.55,1.24,0.94,1.01,0.5525,0.4228,0.0,8.83,0.0,89.34,100.0,100.0,75.12,89.04,96.85,2.9,33.45,68.64,0.3392,4.809,6.397,0.1603,cuda,0.9277,0.9629,0.675,0.4756,98.94,87.46,0.9867,0.9573,anatomical,0.575,infer,24.0,1.8,0.2,trained4,7.214,0.2405,0.17,0.0,0.0339,ma_zerophase,5.0,,0.0125,4.7054
evaluate_epoch_large.csv,tfmL_d256h8L4f1024_phys0.3,deploy,1900,2026-10-01 22:50:07,transient,tfmL_declip_cov_MSEOnly_1.3_d256h8L4f1024_anat,1.0,0.3,3000,306,0.037644,0.0001,87.07,99.86,9.15,5.32,3.13,1.46,99.5,0.79,0.58,1.12,0.97,0.9,0.5525,0.4186,0.0,8.83,0.0,89.34,100.0,100.0,83.05,91.11,97.27,22.27,42.59,72.46,0.3353,4.713,6.466,0.1571,cuda,0.9494,0.9735,0.492,0.4756,99.02,88.77,0.9909,0.9712,anatomical,0.575,infer,24.0,1.8,0.2,trained4,7.17,0.239,0.24,0.0,0.0207,ma_zerophase,5.0,,0.0121,4.6801
evaluate_epoch_large.csv,tfmL_d256h8L4f1024_phys0.3,deploy,1950,2026-10-01 22:52:50,transient,tfmL_declip_cov_MSEOnly_1.3_d256h8L4f1024_anat,1.0,0.3,3000,306,0.037644,9.1e-05,87.07,99.84,9.15,4.83,3.13,1.18,99.5,0.85,0.6,1.15,0.96,0.93,0.5525,0.4219,0.0,8.83,0.0,89.34,100.0,100.0,81.55,90.38,96.95,17.37,41.33,70.75,0.3393,4.681,6.469,0.156,cuda,0.9422,0.9687,0.557,0.4756,98.93,88.2,0.9891,0.9669,anatomical,0.575,infer,24.0,1.8,0.2,trained4,6.89,0.2297,0.17,0.0,0.0181,ma_zerophase,5.0,,0.0119,4.732
evaluate_epoch_large.csv,tfmL_d256h8L4f1024_phys0.3,deploy,2000,2026-10-01 22:55:30,transient,tfmL_declip_cov_MSEOnly_1.3_d256h8L4f1024_anat,1.0,0.3,3000,306,0.037644,0.000122,87.07,99.83,9.15,4.72,3.13,1.68,99.3,0.84,0.58,1.15,0.96,0.94,0.5525,0.4213,0.0,8.83,0.0,89.34,100.0,100.0,81.53,90.34,97.06,18.02,40.46,70.59,0.339,4.755,6.461,0.1585,cuda,0.9418,0.9687,0.556,0.4756,99.0,88.69,0.9891,0.9664,anatomical,0.575,infer,24.0,1.8,0.2,trained4,6.888,0.2296,0.1,0.0,0.0289,ma_zerophase,5.0,,0.0118,4.7239
evaluate_epoch_large.csv,tfmL_d256h8L4f1024_phys0.3,deploy,2050,2026-10-01 22:58:10,transient,tfmL_declip_cov_MSEOnly_1.3_d256h8L4f1024_anat,1.0,0.3,3000,306,0.037644,5.8e-05,87.07,99.88,9.15,4.0,3.13,0.97,99.7,0.8,0.59,1.12,0.96,0.91,0.5525,0.4187,0.0,8.83,0.0,89.34,100.0,100.0,82.84,90.84,97.16,22.59,42.45,71.71,0.3373,4.519,6.243,0.1506,cuda,0.9466,0.9711,0.52,0.4756,99.02,88.85,0.9899,0.9691,anatomical,0.575,infer,24.0,1.8,0.2,trained4,6.762,0.2254,0.07,0.0,0.0226,ma_zerophase,5.0,,0.0117,4.6734
evaluate_epoch_large.csv,tfmL_d256h8L4f1024_phys0.3,deploy,2100,2026-10-01 23:00:50,transient,tfmL_declip_cov_MSEOnly_1.3_d256h8L4f1024_anat,1.0,0.3,3000,306,0.037644,3.8e-05,87.07,99.83,9.15,2.93,3.13,0.8,99.7,0.81,0.58,1.11,0.96,0.9,0.5525,0.4182,0.0,8.83,0.0,89.34,100.0,100.0,81.94,90.79,97.19,18.64,41.64,71.72,0.3364,4.603,5.863,0.1534,cuda,0.9453,0.9709,0.527,0.4756,99.05,89.16,0.9901,0.9692,anatomical,0.575,infer,24.0,1.8,0.2,trained4,6.984,0.2328,0.16,0.0,0.0269,ma_zerophase,5.0,,0.0124,4.6993
evaluate_epoch_large.csv,tfmL_d256h8L4f1024_phys0.3,deploy,2150,2026-10-01 23:03:34,transient,tfmL_declip_cov_MSEOnly_1.3_d256h8L4f1024_anat,1.0,0.3,3000,306,0.037644,0.000103,87.07,99.14,9.15,2.99,3.13,0.67,98.6,0.79,0.57,1.11,0.95,0.91,0.5525,0.4188,0.0,8.83,0.0,89.34,100.0,100.0,83.2,91.01,97.31,23.62,41.85,72.75,0.3379,4.463,5.897,0.1488,cuda,0.9474,0.972,0.518,0.4756,99.07,89.51,0.9902,0.9693,anatomical,0.575,infer,24.0,1.8,0.2,trained4,6.982,0.2327,0.14,0.0,0.0173,ma_zerophase,5.0,,0.0122,4.7276
evaluate_epoch_large.csv,tfmL_d256h8L4f1024_phys0.3,deploy,2200,2026-10-01 23:06:19,transient,tfmL_declip_cov_MSEOnly_1.3_d256h8L4f1024_anat,1.0,0.3,3000,306,0.037644,5.4e-05,87.07,99.65,9.15,3.31,3.13,0.84,99.3,0.78,0.57,1.11,0.96,0.9,0.5525,0.4171,0.0,8.83,0.0,89.34,100.0,100.0,83.35,91.21,97.34,22.07,43.14,72.97,0.3353,4.62,6.195,0.154,cuda,0.9498,0.9736,0.505,0.4756,99.08,89.43,0.9906,0.9703,anatomical,0.575,infer,24.0,1.8,0.2,trained4,7.163,0.2388,0.17,0.0,0.0332,ma_zerophase,5.0,,0.0127,4.6869
evaluate_epoch_large.csv,tfmL_d256h8L4f1024_phys0.3,deploy,2250,2026-10-01 23:09:03,transient,tfmL_declip_cov_MSEOnly_1.3_d256h8L4f1024_anat,1.0,0.3,3000,306,0.037644,3.7e-05,87.07,99.78,9.15,2.89,3.13,0.81,99.6,0.75,0.58,1.09,0.96,0.89,0.5525,0.4165,0.0,8.83,0.0,89.34,100.0,100.0,83.8,91.19,97.3,26.5,43.52,73.15,0.3363,4.666,5.948,0.1555,cuda,0.9505,0.9734,0.483,0.4756,99.1,89.86,0.9908,0.9714,anatomical,0.575,infer,24.0,1.8,0.2,trained4,6.949,0.2316,0.1,0.0,0.0168,ma_zerophase,5.0,,0.0126,4.697
evaluate_epoch_large.csv,tfmL_d256h8L4f1024_phys0.3,deploy,2300,2026-10-01 23:11:47,transient,tfmL_declip_cov_MSEOnly_1.3_d256h8L4f1024_anat,1.0,0.3,3000,306,0.037644,9e-06,87.07,99.88,9.15,1.87,3.13,0.47,99.9,0.78,0.58,1.11,0.96,0.9,0.5525,0.4171,0.0,8.83,0.0,89.34,100.0,100.0,83.25,91.06,97.33,23.41,42.43,73.07,0.3371,4.588,6.024,0.1529,cuda,0.9483,0.9723,0.509,0.4756,99.06,89.58,0.9903,0.9697,anatomical,0.575,infer,24.0,1.8,0.2,trained4,6.859,0.2286,0.04,0.0,0.0073,ma_zerophase,5.0,,0.0122,4.6882
evaluate_epoch_large.csv,tfmL_d256h8L4f1024_phys0.3,deploy,2350,2026-10-01 23:14:31,transient,tfmL_declip_cov_MSEOnly_1.3_d256h8L4f1024_anat,1.0,0.3,3000,306,0.037644,8.6e-05,87.07,99.75,9.15,3.76,3.13,0.92,99.4,0.75,0.57,1.09,0.96,0.88,0.5525,0.4182,0.0,8.83,0.0,89.34,100.0,100.0,83.66,91.18,97.29,25.58,43.56,72.68,0.3378,4.581,5.882,0.1527,cuda,0.9507,0.9737,0.477,0.4756,99.1,89.81,0.991,0.9719,anatomical,0.575,infer,24.0,1.8,0.2,trained4,7.06,0.2353,0.09,0.0,0.0086,ma_zerophase,5.0,,0.0127,4.6856
evaluate_epoch_large.csv,tfmL_d256h8L4f1024_phys0.3,deploy,2400,2026-10-01 23:17:14,transient,tfmL_declip_cov_MSEOnly_1.3_d256h8L4f1024_anat,1.0,0.3,3000,306,0.037644,3.8e-05,87.07,99.79,9.15,2.56,3.13,0.87,99.6,0.75,0.55,1.08,0.96,0.89,0.5525,0.4167,0.0,8.83,0.0,89.34,100.0,100.0,83.67,91.26,97.4,24.02,43.59,73.24,0.3368,4.59,6.057,0.153,cuda,0.9501,0.9735,0.485,0.4756,99.14,90.15,0.9909,0.9716,anatomical,0.575,infer,24.0,1.8,0.2,trained4,6.88,0.2293,0.15,0.0,0.0219,ma_zerophase,5.0,,0.0124,4.7009
evaluate_epoch_large.csv,tfmL_d256h8L4f1024_phys0.3,deploy,2450,2026-10-01 23:20:00,transient,tfmL_declip_cov_MSEOnly_1.3_d256h8L4f1024_anat,1.0,0.3,3000,306,0.037644,7e-06,87.07,99.96,9.15,2.48,3.13,0.85,99.9,0.8,0.6,1.11,0.97,0.91,0.5525,0.4185,0.0,8.83,0.0,89.34,100.0,100.0,82.6,90.65,97.11,22.09,41.82,71.96,0.3387,4.827,6.139,0.1609,cuda,0.9453,0.97,0.529,0.4756,99.04,89.35,0.9895,0.9681,anatomical,0.575,infer,24.0,1.8,0.2,trained4,7.232,0.2411,0.11,0.0,0.0132,ma_zerophase,5.0,,0.013,4.7359
evaluate_epoch_large.csv,tfmL_d256h8L4f1024_phys0.3,deploy,2500,2026-10-01 23:22:42,transient,tfmL_declip_cov_MSEOnly_1.3_d256h8L4f1024_anat,1.0,0.3,3000,306,0.037644,2.1e-05,87.07,99.92,9.15,2.24,3.13,0.8,99.8,0.85,0.54,1.13,0.95,0.93,0.5525,0.4204,0.0,8.83,0.0,89.34,100.0,100.0,78.02,90.14,97.04,5.75,40.03,70.97,0.3412,4.46,5.642,0.1487,cuda,0.9363,0.9666,0.587,0.4756,99.12,90.03,0.9891,0.9657,anatomical,0.575,infer,24.0,1.8,0.2,trained4,6.838,0.2279,0.14,0.0,0.0153,ma_zerophase,5.0,,0.0123,4.7229
evaluate_epoch_large.csv,tfmL_d256h8L4f1024_phys0.3,deploy,2550,2026-10-01 23:25:26,transient,tfmL_declip_cov_MSEOnly_1.3_d256h8L4f1024_anat,1.0,0.3,3000,306,0.037644,4e-06,87.07,99.79,9.15,0.98,3.13,0.31,99.8,0.73,0.56,1.07,0.96,0.88,0.5525,0.4157,0.0,8.83,0.0,89.34,100.0,100.0,84.01,91.35,97.43,26.24,44.01,73.93,0.3367,4.54,6.155,0.1513,cuda,0.9518,0.9743,0.469,0.4756,99.14,90.36,0.9912,0.9725,anatomical,0.575,infer,24.0,1.8,0.2,trained4,6.798,0.2266,0.07,0.0,0.0122,ma_zerophase,5.0,,0.0121,4.7324
evaluate_epoch_large.csv,tfmL_d256h8L4f1024_phys0.3,deploy,2600,2026-10-01 23:28:06,transient,tfmL_declip_cov_MSEOnly_1.3_d256h8L4f1024_anat,1.0,0.3,3000,306,0.037644,1.9e-05,87.07,99.83,9.15,2.36,3.13,0.57,99.8,0.72,0.55,1.07,0.96,0.88,0.5525,0.4152,0.0,8.83,0.0,89.34,100.0,100.0,84.33,91.58,97.43,27.23,44.95,74.19,0.3359,4.484,5.881,0.1495,cuda,0.9529,0.9748,0.463,0.4756,99.16,90.26,0.9914,0.9729,anatomical,0.575,infer,24.0,1.8,0.2,trained4,6.936,0.2312,0.15,0.0,0.0207,ma_zerophase,5.0,,0.0123,4.6774
evaluate_epoch_large.csv,tfmL_d256h8L4f1024_phys0.3,deploy,2650,2026-10-01 23:30:48,transient,tfmL_declip_cov_MSEOnly_1.3_d256h8L4f1024_anat,1.0,0.3,3000,306,0.037644,9e-06,87.07,99.91,9.15,1.4,3.13,0.76,99.8,0.71,0.55,1.07,0.96,0.87,0.5525,0.4154,0.0,8.83,0.0,89.34,100.0,100.0,84.51,91.57,97.49,27.95,45.15,74.1,0.3362,4.562,6.012,0.1521,cuda,0.9539,0.9755,0.451,0.4756,99.16,90.36,0.9915,0.9734,anatomical,0.575,infer,24.0,1.8,0.2,trained4,6.998,0.2333,0.13,0.0,0.0214,ma_zerophase,5.0,,0.0123,4.7127
evaluate_epoch_large.csv,tfmL_d256h8L4f1024_phys0.3,deploy,2700,2026-10-01 23:33:34,transient,tfmL_declip_cov_MSEOnly_1.3_d256h8L4f1024_anat,1.0,0.3,3000,306,0.037644,1.1e-05,87.07,99.43,9.15,1.38,3.13,0.3,99.6,0.9,0.53,1.17,0.93,0.97,0.5525,0.4189,0.0,8.83,0.0,89.34,100.0,100.0,75.19,89.86,97.16,0.95,36.61,72.1,0.3396,4.763,6.205,0.1588,cuda,0.9277,0.9631,0.639,0.4756,99.12,89.97,0.9885,0.9629,anatomical,0.575,infer,24.0,1.8,0.2,trained4,7.136,0.2379,0.1,0.0,0.0323,ma_zerophase,5.0,,0.0126,4.6977
evaluate_epoch_large.csv,tfmL_d256h8L4f1024_phys0.3,deploy,2750,2026-10-01 23:36:19,transient,tfmL_declip_cov_MSEOnly_1.3_d256h8L4f1024_anat,1.0,0.3,3000,306,0.037644,3.4e-05,87.07,99.9,9.15,3.12,3.13,0.92,99.8,0.74,0.55,1.08,0.96,0.89,0.5525,0.4183,0.0,8.83,0.0,89.34,100.0,100.0,83.78,91.33,97.37,26.08,44.68,73.55,0.3394,4.655,5.949,0.1552,cuda,0.9509,0.9739,0.48,0.4756,99.11,89.91,0.9911,0.9721,anatomical,0.575,infer,24.0,1.8,0.2,trained4,7.048,0.2349,0.1,0.0,0.0122,ma_zerophase,5.0,,0.0125,4.6909
evaluate_epoch_large.csv,tfmL_d256h8L4f1024_phys0.3,deploy,2800,2026-10-01 23:39:04,transient,tfmL_declip_cov_MSEOnly_1.3_d256h8L4f1024_anat,1.0,0.3,3000,306,0.037644,1e-06,87.07,99.98,9.15,0.81,3.13,0.68,100.0,0.71,0.54,1.07,0.95,0.88,0.5525,0.4151,0.0,8.83,0.0,89.34,100.0,100.0,84.24,91.46,97.49,26.63,43.83,74.31,0.3367,4.685,5.756,0.1562,cuda,0.9534,0.9751,0.461,0.4756,99.17,90.4,0.9912,0.9729,anatomical,0.575,infer,24.0,1.8,0.2,trained4,7.066,0.2355,0.07,0.0,0.0109,ma_zerophase,5.0,,0.0129,4.6939
evaluate_epoch_large.csv,tfmL_d256h8L4f1024_phys0.3,deploy,2850,2026-10-01 23:41:49,transient,tfmL_declip_cov_MSEOnly_1.3_d256h8L4f1024_anat,1.0,0.3,3000,306,0.037644,1.5e-05,87.07,99.79,9.15,2.28,3.13,0.31,99.8,0.72,0.55,1.07,0.95,0.88,0.5525,0.4141,0.0,8.83,0.0,89.34,100.0,100.0,84.05,91.43,97.46,26.14,44.31,73.91,0.3353,4.75,5.919,0.1583,cuda,0.9525,0.9749,0.464,0.4756,99.15,90.25,0.9914,0.9729,anatomical,0.575,infer,24.0,1.8,0.2,trained4,7.117,0.2372,0.09,0.0,0.0101,ma_zerophase,5.0,,0.0128,4.6941
evaluate_epoch_large.csv,tfmL_d256h8L4f1024_phys0.3,deploy,2900,2026-10-01 23:44:34,transient,tfmL_declip_cov_MSEOnly_1.3_d256h8L4f1024_anat,1.0,0.3,3000,306,0.037644,1.3e-05,87.07,99.91,9.15,2.19,3.13,0.58,99.9,0.7,0.56,1.06,0.97,0.87,0.5525,0.4157,0.0,8.83,0.0,89.34,100.0,100.0,84.64,91.77,97.54,29.03,45.51,74.96,0.3369,4.546,5.821,0.1515,cuda,0.9546,0.9757,0.446,0.4756,99.18,90.81,0.9915,0.9738,anatomical,0.575,infer,24.0,1.8,0.2,trained4,7.018,0.2339,0.09,0.0,0.014,ma_zerophase,5.0,,0.0125,4.6988
evaluate_epoch_large.csv,tfmL_d256h8L4f1024_phys0.3,deploy,2950,2026-10-01 23:47:18,transient,tfmL_declip_cov_MSEOnly_1.3_d256h8L4f1024_anat,1.0,0.3,3000,306,0.037644,1e-06,87.07,99.81,9.15,0.55,3.13,0.19,99.9,0.7,0.56,1.06,0.97,0.87,0.5525,0.4141,0.0,8.83,0.0,89.34,100.0,100.0,84.63,91.72,97.52,28.13,45.73,74.77,0.3354,4.705,5.959,0.1568,cuda,0.9546,0.9757,0.447,0.4756,99.2,90.7,0.9916,0.9738,anatomical,0.575,infer,24.0,1.8,0.2,trained4,6.875,0.2292,0.02,0.0,0.014,ma_zerophase,5.0,,0.0128,4.7169
evaluate_epoch_large.csv,tfmL_d256h8L4f1024_phys0.3,deploy,3000,2026-10-01 23:50:02,transient,tfmL_declip_cov_MSEOnly_1.3_d256h8L4f1024_anat,1.0,0.3,3000,306,0.037644,1.1e-05,87.07,99.88,9.15,2.0,3.13,0.47,99.9,0.71,0.56,1.07,0.96,0.89,0.5525,0.4153,0.0,8.83,0.0,89.34,100.0,100.0,84.14,91.54,97.49,26.55,44.97,74.43,0.3374,4.705,6.174,0.1568,cuda,0.9524,0.9745,0.465,0.4756,99.21,91.1,0.9911,0.9724,anatomical,0.575,infer,24.0,1.8,0.2,trained4,7.184,0.2395,0.08,0.0,0.0055,ma_zerophase,5.0,,0.013,4.6631
evaluate_epoch_large.csv,tfmL_d256h8L4f1024_phys0.3,deploy,20,2026-09-12 20:58:03,persistent,tfmL_declip_cov_MSEOnly_1.3_d256h8L4f1024_anat,1.0,0.3,500,306,0.197823,0.010214,23.78,85.96,9.09,5.79,3.23,1.68,90.4,3.18,0.99,3.85,1.2,2.88,0.5042,0.4208,0.0,8.92,0.0,23.65,100.0,100.0,,,,,,,0.3513,7.741,21.61,0.258,cuda,0.7183,0.7923,2.388,0.4756,,,0.889,0.7347,anatomical,0.575,infer,24.0,1.8,0.2,trained4,13.313,0.4438,18.54,0.0,0.3319,ma_zerophase,5.0,,0.0123,4.4429
evaluate_epoch_large.csv,tfmL_d256h8L4f1024_phys0.3,deploy,40,2026-09-12 21:00:47,persistent,tfmL_declip_cov_MSEOnly_1.3_d256h8L4f1024_anat,1.0,0.3,500,306,0.197823,0.004004,23.78,92.28,9.09,5.92,3.23,1.35,95.8,2.21,0.83,2.82,1.18,2.06,0.5042,0.4079,0.0,8.92,0.0,23.65,100.0,100.0,,,,,,,0.3216,4.715,7.111,0.1572,cuda,0.8028,0.8753,1.594,0.4756,,,0.9432,0.8417,anatomical,0.575,infer,24.0,1.8,0.2,trained4,9.106,0.3035,6.48,0.0,0.1866,ma_zerophase,5.0,,0.0116,4.598
evaluate_epoch_large.csv,tfmL_d256h8L4f1024_phys0.3,deploy,50,2026-09-20 18:52:53,persistent,tfmL_declip_cov_MSEOnly_1.3_d256h8L4f1024_anat,1.0,0.3,1500,306,0.197823,0.001907,23.78,94.93,9.09,4.12,3.23,1.24,97.4,1.96,0.75,2.58,1.19,1.9,0.5042,0.4063,0.0,8.92,0.0,23.65,100.0,100.0,,,,,,,0.3159,13.948,33.601,0.4649,cuda,0.821,0.8915,1.416,0.4756,,,0.9551,0.8681,anatomical,0.575,infer,24.0,1.8,0.2,trained4,6.96,0.232,3.19,0.0,0.149,ma_zerophase,5.0,,0.0109,4.6074
evaluate_epoch_large.csv,tfmL_d256h8L4f1024_phys0.3,deploy,60,2026-09-12 21:03:27,persistent,tfmL_declip_cov_MSEOnly_1.3_d256h8L4f1024_anat,1.0,0.3,500,306,0.197823,0.003555,23.78,92.63,9.09,6.19,3.23,1.5,95.5,3.85,1.06,3.8,1.17,3.05,0.5042,0.4928,0.0,8.92,0.0,23.65,100.0,100.0,,,,,,,0.4148,10.355,29.387,0.3452,cuda,0.6697,0.7213,3.363,0.4756,,,0.8462,0.6858,anatomical,0.575,infer,24.0,1.8,0.2,trained4,13.156,0.4385,5.58,0.0,0.1109,ma_zerophase,5.0,,0.0128,8.4732
evaluate_epoch_large.csv,tfmL_d256h8L4f1024_phys0.3,deploy,80,2026-09-12 21:06:10,persistent,tfmL_declip_cov_MSEOnly_1.3_d256h8L4f1024_anat,1.0,0.3,500,306,0.197823,0.000712,23.78,97.91,9.09,3.6,3.23,1.43,98.8,4.32,0.86,3.83,1.01,3.19,0.5042,0.4543,0.0,8.92,0.0,23.65,100.0,100.0,,,,,,,0.3754,9.973,27.243,0.3324,cuda,0.6625,0.7068,3.842,0.4756,,,0.8201,0.6676,anatomical,0.575,infer,24.0,1.8,0.2,trained4,7.025,0.2342,0.34,0.0,0.0547,ma_zerophase,5.0,,0.0127,6.2493
evaluate_epoch_large.csv,tfmL_d256h8L4f1024_phys0.3,deploy,100,2026-09-12 21:08:58,persistent,tfmL_declip_cov_MSEOnly_1.3_d256h8L4f1024_anat,1.0,0.3,500,306,0.197823,0.000961,23.78,97.36,9.09,5.16,3.23,1.09,98.8,4.13,0.79,3.55,1.07,2.79,0.5042,0.4315,0.0,8.92,0.0,23.65,100.0,100.0,,,,,,,0.3518,8.432,23.054,0.2811,cuda,0.6482,0.6904,3.67,0.4756,,,0.8197,0.6516,anatomical,0.575,infer,24.0,1.8,0.2,trained4,7.524,0.2508,0.54,0.0,0.0663,ma_zerophase,5.0,,0.0124,5.6374
evaluate_epoch_large.csv,tfmL_d256h8L4f1024_phys0.3,deploy,120,2026-09-12 21:11:43,persistent,tfmL_declip_cov_MSEOnly_1.3_d256h8L4f1024_anat,1.0,0.3,500,306,0.197823,0.000514,23.78,98.81,9.09,4.01,3.23,1.31,99.4,3.21,0.94,3.01,0.99,2.34,0.5042,0.3973,0.0,8.92,0.0,23.65,100.0,100.0,,,,,,,0.3187,11.373,30.608,0.3791,cuda,0.6933,0.7553,2.715,0.4756,,,0.874,0.7208,anatomical,0.575,infer,24.0,1.8,0.2,trained4,6.991,0.233,0.82,0.0,0.2129,ma_zerophase,5.0,,0.013,4.3994
evaluate_epoch_large.csv,tfmL_d256h8L4f1024_phys0.3,deploy,140,2026-09-12 21:14:30,persistent,tfmL_declip_cov_MSEOnly_1.3_d256h8L4f1024_anat,1.0,0.3,500,306,0.197823,0.000165,23.78,98.45,9.09,2.94,3.23,0.71,99.6,2.83,0.8,2.69,0.98,2.09,0.5042,0.4081,0.0,8.92,0.0,23.65,100.0,100.0,,,,,,,0.3234,5.284,7.527,0.1761,cuda,0.7172,0.7835,2.406,0.4756,,,0.8926,0.745,anatomical,0.575,infer,24.0,1.8,0.2,trained4,7.451,0.2484,0.52,0.0,0.108,ma_zerophase,5.0,,0.0134,4.7311
evaluate_epoch_large.csv,tfmL_d256h8L4f1024_phys0.3,deploy,150,2026-09-20 18:55:20,persistent,tfmL_declip_cov_MSEOnly_1.3_d256h8L4f1024_anat,1.0,0.3,1500,306,0.197823,0.000353,23.78,98.99,9.09,4.59,3.23,1.31,99.5,2.57,0.76,2.48,0.94,1.86,0.5042,0.4071,0.0,8.92,0.0,23.65,100.0,100.0,,,,,,,0.3188,16.695,30.561,0.5565,cuda,0.7507,0.8175,2.087,0.4756,,,0.9154,0.7902,anatomical,0.575,infer,24.0,1.8,0.2,trained4,6.098,0.2033,0.77,0.0,0.137,ma_zerophase,5.0,,0.0106,4.6701
evaluate_epoch_large.csv,tfmL_d256h8L4f1024_phys0.3,deploy,160,2026-09-12 21:17:18,persistent,tfmL_declip_cov_MSEOnly_1.3_d256h8L4f1024_anat,1.0,0.3,500,306,0.197823,3.5e-05,23.78,99.58,9.09,2.52,3.23,0.64,99.9,3.21,0.73,2.91,0.98,2.32,0.5042,0.4172,0.0,8.92,0.0,23.65,100.0,100.0,,,,,,,0.3391,5.423,7.644,0.1808,cuda,0.6903,0.7501,2.779,0.4756,,,0.8681,0.709,anatomical,0.575,infer,24.0,1.8,0.2,trained4,7.833,0.2611,0.66,0.0,0.1208,ma_zerophase,5.0,,0.0139,4.8802
evaluate_epoch_large.csv,tfmL_d256h8L4f1024_phys0.3,deploy,180,2026-09-12 21:20:12,persistent,tfmL_declip_cov_MSEOnly_1.3_d256h8L4f1024_anat,1.0,0.3,500,306,0.197823,0.000245,23.78,99.26,9.09,3.8,3.23,1.28,99.6,3.29,0.82,2.85,1.01,2.19,0.5042,0.413,0.0,8.92,0.0,23.65,100.0,100.0,,,,,,,0.3315,5.597,7.607,0.1866,cuda,0.6906,0.7511,2.812,0.4756,,,0.8693,0.7092,anatomical,0.575,infer,24.0,1.8,0.2,trained4,7.637,0.2546,0.52,0.0,0.0782,ma_zerophase,5.0,,0.0142,4.7818
evaluate_epoch_large.csv,tfmL_d256h8L4f1024_phys0.3,deploy,200,2026-09-12 21:23:05,persistent,tfmL_declip_cov_MSEOnly_1.3_d256h8L4f1024_anat,1.0,0.3,500,306,0.197823,0.000169,23.78,99.65,9.09,6.18,3.23,1.43,99.8,3.26,0.95,2.73,0.97,2.06,0.5042,0.4226,0.0,8.92,0.0,23.65,100.0,100.0,,,,,,,0.3397,5.731,7.512,0.191,cuda,0.701,0.7584,2.769,0.4756,,,0.8757,0.7286,anatomical,0.575,infer,24.0,1.8,0.2,trained4,7.701,0.2567,0.47,0.0,0.2149,ma_zerophase,5.0,,0.0144,5.0174
evaluate_epoch_large.csv,tfmL_d256h8L4f1024_phys0.3,deploy,220,2026-09-12 21:26:00,persistent,tfmL_declip_cov_MSEOnly_1.3_d256h8L4f1024_anat,1.0,0.3,500,306,0.197823,0.000439,23.78,98.13,9.09,5.31,3.23,1.24,99.1,2.64,0.79,2.36,1.05,1.71,0.5042,0.4156,0.0,8.92,0.0,23.65,100.0,100.0,,,,,,,0.3303,5.883,7.744,0.1961,cuda,0.7467,0.8086,2.181,0.4756,,,0.9107,0.7836,anatomical,0.575,infer,24.0,1.8,0.2,trained4,7.743,0.2581,0.27,0.0,0.1123,ma_zerophase,5.0,,0.0148,4.958
evaluate_epoch_large.csv,tfmL_d256h8L4f1024_phys0.3,deploy,240,2026-09-12 21:28:53,persistent,tfmL_declip_cov_MSEOnly_1.3_d256h8L4f1024_anat,1.0,0.3,500,306,0.197823,0.000341,23.78,98.88,9.09,5.37,3.23,1.17,99.5,2.78,0.83,2.73,1.11,2.08,0.5042,0.4056,0.0,8.92,0.0,23.65,100.0,100.0,,,,,,,0.3332,5.831,7.827,0.1944,cuda,0.7259,0.7924,2.337,0.4756,,,0.8962,0.7595,anatomical,0.575,infer,24.0,1.8,0.2,trained4,7.742,0.2581,0.51,0.0,0.1593,ma_zerophase,5.0,,0.0146,4.5701
evaluate_epoch_large.csv,tfmL_d256h8L4f1024_phys0.3,deploy,250,2026-09-20 18:57:46,persistent,tfmL_declip_cov_MSEOnly_1.3_d256h8L4f1024_anat,1.0,0.3,1500,306,0.197823,0.000508,23.78,98.4,9.09,3.85,3.23,1.11,99.3,2.38,0.76,2.24,1.03,1.65,0.5042,0.4072,0.0,8.92,0.0,23.65,100.0,100.0,,,,,,,0.3175,16.956,33.738,0.5652,cuda,0.7587,0.828,1.95,0.4756,,,0.9249,0.8049,anatomical,0.575,infer,24.0,1.8,0.2,trained4,5.898,0.1966,0.75,0.0,0.1769,ma_zerophase,5.0,,0.0105,4.8014
evaluate_epoch_large.csv,tfmL_d256h8L4f1024_phys0.3,deploy,260,2026-09-12 21:31:48,persistent,tfmL_declip_cov_MSEOnly_1.3_d256h8L4f1024_anat,1.0,0.3,500,306,0.197823,0.000457,23.78,98.7,9.09,5.85,3.23,1.38,99.3,2.22,0.7,2.09,0.96,1.5,0.5042,0.4162,0.0,8.92,0.0,23.65,100.0,100.0,,,,,,,0.3216,5.931,7.948,0.1977,cuda,0.7796,0.849,1.763,0.4756,,,0.9375,0.8316,anatomical,0.575,infer,24.0,1.8,0.2,trained4,7.931,0.2644,0.53,0.0,0.1084,ma_zerophase,5.0,,0.0151,4.7366
evaluate_epoch_large.csv,tfmL_d256h8L4f1024_phys0.3,deploy,280,2026-09-12 21:34:43,persistent,tfmL_declip_cov_MSEOnly_1.3_d256h8L4f1024_anat,1.0,0.3,500,306,0.197823,0.000401,23.78,98.82,9.09,3.66,3.23,1.2,99.4,2.19,0.79,2.07,0.94,1.51,0.5042,0.4142,0.0,8.92,0.0,23.65,100.0,100.0,,,,,,,0.3203,5.798,7.724,0.1933,cuda,0.7864,0.8543,1.74,0.4756,,,0.9375,0.834,anatomical,0.575,infer,24.0,1.8,0.2,trained4,7.71,0.257,0.35,0.0,0.0705,ma_zerophase,5.0,,0.0145,4.8209
evaluate_epoch_large.csv,tfmL_d256h8L4f1024_phys0.3,deploy,300,2026-09-12 21:37:33,persistent,tfmL_declip_cov_MSEOnly_1.3_d256h8L4f1024_anat,1.0,0.3,500,306,0.197823,0.000252,23.78,99.04,9.09,6.17,3.23,1.16,99.6,2.05,0.72,2.01,0.93,1.44,0.5042,0.4119,0.0,8.92,0.0,23.65,100.0,100.0,,,,,,,0.3174,5.446,7.934,0.1815,cuda,0.8014,0.869,1.58,0.4756,,,0.9468,0.854,anatomical,0.575,infer,24.0,1.8,0.2,trained4,7.597,0.2532,0.58,0.0,0.1159,ma_zerophase,5.0,,0.0136,4.7736
evaluate_epoch_large.csv,tfmL_d256h8L4f1024_phys0.3,deploy,320,2026-09-12 21:40:22,persistent,tfmL_declip_cov_MSEOnly_1.3_d256h8L4f1024_anat,1.0,0.3,500,306,0.197823,0.000291,23.78,99.05,9.09,4.45,3.23,1.29,99.5,2.4,0.9,2.12,0.95,1.52,0.5042,0.4211,0.0,8.92,0.0,23.65,100.0,100.0,,,,,,,0.3276,5.533,7.94,0.1844,cuda,0.7719,0.8381,1.918,0.4756,,,0.929,0.8191,anatomical,0.575,infer,24.0,1.8,0.2,trained4,7.244,0.2415,0.19,0.0,0.0541,ma_zerophase,5.0,,0.0133,4.9532
evaluate_epoch_large.csv,tfmL_d256h8L4f1024_phys0.3,deploy,340,2026-09-12 21:43:18,persistent,tfmL_declip_cov_MSEOnly_1.3_d256h8L4f1024_anat,1.0,0.3,500,306,0.197823,0.000379,23.78,98.83,9.09,6.2,3.23,1.28,99.4,2.11,0.8,2.04,0.97,1.48,0.5042,0.4141,0.0,8.92,0.0,23.65,100.0,100.0,,,,,,,0.3214,5.862,7.732,0.1954,cuda,0.7953,0.8639,1.64,0.4756,,,0.9421,0.8428,anatomical,0.575,infer,24.0,1.8,0.2,trained4,8.019,0.2673,0.45,0.0,0.0884,ma_zerophase,5.0,,0.0147,4.748
evaluate_epoch_large.csv,tfmL_d256h8L4f1024_phys0.3,deploy,350,2026-09-20 19:00:11,persistent,tfmL_declip_cov_MSEOnly_1.3_d256h8L4f1024_anat,1.0,0.3,1500,306,0.197823,0.00039,23.78,98.79,9.09,6.26,3.23,1.21,99.4,1.98,0.77,1.95,0.94,1.39,0.5042,0.4188,0.0,8.92,0.0,23.65,100.0,100.0,,,,,,,0.3205,19.179,29.496,0.6393,cuda,0.8141,0.878,1.506,0.4756,,,0.9504,0.8623,anatomical,0.575,infer,24.0,1.8,0.2,trained4,5.943,0.1981,0.53,0.0,0.0838,ma_zerophase,5.0,,0.0107,4.837
evaluate_epoch_large.csv,tfmL_d256h8L4f1024_phys0.3,deploy,360,2026-09-12 21:46:11,persistent,tfmL_declip_cov_MSEOnly_1.3_d256h8L4f1024_anat,1.0,0.3,500,306,0.197823,0.00059,23.78,97.92,9.09,6.02,3.23,0.91,99.2,1.97,0.83,1.95,0.93,1.38,0.5042,0.4146,0.0,8.92,0.0,23.65,100.0,100.0,,,,,,,0.3196,5.694,7.624,0.1898,cuda,0.8147,0.8791,1.505,0.4756,,,0.9497,0.8635,anatomical,0.575,infer,24.0,1.8,0.2,trained4,7.843,0.2614,0.36,0.0,0.0597,ma_zerophase,5.0,,0.0145,4.753
evaluate_epoch_large.csv,tfmL_d256h8L4f1024_phys0.3,deploy,380,2026-09-12 21:49:05,persistent,tfmL_declip_cov_MSEOnly_1.3_d256h8L4f1024_anat,1.0,0.3,500,306,0.197823,0.000361,23.78,98.63,9.09,6.04,3.23,0.98,99.5,2.01,0.79,1.96,0.93,1.39,0.5042,0.4245,0.0,8.92,0.0,23.65,100.0,100.0,,,,,,,0.3256,5.933,8.13,0.1978,cuda,0.8094,0.8742,1.54,0.4756,,,0.9482,0.8582,anatomical,0.575,infer,24.0,1.8,0.2,trained4,7.644,0.2548,0.41,0.0,0.1104,ma_zerophase,5.0,,0.0147,4.8261
evaluate_epoch_large.csv,tfmL_d256h8L4f1024_phys0.3,deploy,400,2026-09-12 21:52:01,persistent,tfmL_declip_cov_MSEOnly_1.3_d256h8L4f1024_anat,1.0,0.3,500,306,0.197823,0.000393,23.78,98.47,9.09,4.06,3.23,1.21,99.3,1.87,0.8,1.9,0.94,1.35,0.5042,0.4159,0.0,8.92,0.0,23.65,100.0,100.0,,,,,,,0.3174,5.902,7.749,0.1967,cuda,0.8268,0.8892,1.411,0.4756,,,0.9543,0.8749,anatomical,0.575,infer,24.0,1.8,0.2,trained4,7.814,0.2605,0.37,0.0,0.1191,ma_zerophase,5.0,,0.0147,4.7402
evaluate_epoch_large.csv,tfmL_d256h8L4f1024_phys0.3,deploy,420,2026-09-12 21:54:55,persistent,tfmL_declip_cov_MSEOnly_1.3_d256h8L4f1024_anat,1.0,0.3,500,306,0.197823,0.000353,23.78,98.47,9.09,5.39,3.23,0.85,99.5,1.81,0.79,1.83,0.94,1.3,0.5042,0.4228,0.0,8.92,0.0,23.65,100.0,100.0,,,,,,,0.3234,5.638,7.599,0.1879,cuda,0.8328,0.8956,1.36,0.4756,,,0.9579,0.8824,anatomical,0.575,infer,24.0,1.8,0.2,trained4,7.535,0.2512,0.41,0.0,0.1248,ma_zerophase,5.0,,0.0141,4.8534
evaluate_epoch_large.csv,tfmL_d256h8L4f1024_phys0.3,deploy,440,2026-09-12 21:57:48,persistent,tfmL_declip_cov_MSEOnly_1.3_d256h8L4f1024_anat,1.0,0.3,500,306,0.197823,0.000198,23.78,98.83,9.09,3.66,3.23,0.83,99.6,1.84,0.78,1.86,0.99,1.31,0.5042,0.4126,0.0,8.92,0.0,23.65,100.0,100.0,,,,,,,0.3145,5.938,7.941,0.1979,cuda,0.8288,0.8909,1.397,0.4756,,,0.9559,0.8774,anatomical,0.575,infer,24.0,1.8,0.2,trained4,7.762,0.2587,0.33,0.0,0.0867,ma_zerophase,5.0,,0.0146,4.7219
evaluate_epoch_large.csv,tfmL_d256h8L4f1024_phys0.3,deploy,450,2026-09-20 19:02:37,persistent,tfmL_declip_cov_MSEOnly_1.3_d256h8L4f1024_anat,1.0,0.3,1500,306,0.197823,0.000269,23.78,99.34,9.09,3.49,3.23,1.58,99.6,1.82,0.78,1.84,0.95,1.3,0.5042,0.4182,0.0,8.92,0.0,23.65,100.0,100.0,,,,,,,0.319,17.555,34.56,0.5852,cuda,0.8325,0.8952,1.352,0.4756,,,0.9587,0.8828,anatomical,0.575,infer,24.0,1.8,0.2,trained4,5.862,0.1954,0.25,0.0,0.062,ma_zerophase,5.0,,0.0108,4.7314
evaluate_epoch_large.csv,tfmL_d256h8L4f1024_phys0.3,deploy,460,2026-09-12 22:00:45,persistent,tfmL_declip_cov_MSEOnly_1.3_d256h8L4f1024_anat,1.0,0.3,500,306,0.197823,0.000196,23.78,99.42,9.09,3.53,3.23,1.38,99.7,1.76,0.77,1.83,0.95,1.29,0.5042,0.4178,0.0,8.92,0.0,23.65,100.0,100.0,,,,,,,0.3195,5.098,7.594,0.1699,cuda,0.8399,0.9001,1.299,0.4756,,,0.9603,0.8875,anatomical,0.575,infer,24.0,1.8,0.2,trained4,8.254,0.2751,0.35,0.0,0.0751,ma_zerophase,5.0,,0.0145,4.6879
evaluate_epoch_large.csv,tfmL_d256h8L4f1024_phys0.3,deploy,480,2026-09-12 22:03:41,persistent,tfmL_declip_cov_MSEOnly_1.3_d256h8L4f1024_anat,1.0,0.3,500,306,0.197823,0.000166,23.78,99.14,9.09,3.63,3.23,0.96,99.7,1.76,0.81,1.8,0.96,1.26,0.5042,0.4172,0.0,8.92,0.0,23.65,100.0,100.0,,,,,,,0.3176,5.956,7.982,0.1985,cuda,0.8449,0.9008,1.291,0.4756,,,0.9603,0.8899,anatomical,0.575,infer,24.0,1.8,0.2,trained4,7.886,0.2629,0.37,0.0,0.0672,ma_zerophase,5.0,,0.0148,4.7511
evaluate_epoch_large.csv,tfmL_d256h8L4f1024_phys0.3,deploy,500,2026-09-12 22:06:24,persistent,tfmL_declip_cov_MSEOnly_1.3_d256h8L4f1024_anat,1.0,0.3,500,306,0.197823,0.000339,23.78,99.03,9.09,4.3,3.23,1.17,99.5,1.85,0.81,1.84,0.95,1.31,0.5042,0.4248,0.0,8.92,0.0,23.65,100.0,100.0,,,,,,,0.3233,5.849,7.803,0.195,cuda,0.8248,0.8881,1.413,0.4756,,,0.956,0.8781,anatomical,0.575,infer,24.0,1.8,0.2,trained4,7.027,0.2342,0.27,0.0,0.0697,ma_zerophase,5.0,,0.0139,4.7983
evaluate_epoch_large.csv,tfmL_d256h8L4f1024_phys0.3,deploy,550,2026-09-20 19:05:02,persistent,tfmL_declip_cov_MSEOnly_1.3_d256h8L4f1024_anat,1.0,0.3,1500,306,0.197823,6.2e-05,23.78,99.6,9.09,1.47,3.23,0.8,99.9,2.61,0.68,2.43,1.04,1.87,0.5042,0.438,0.0,8.92,0.0,23.65,100.0,100.0,,,,,,,0.3489,17.512,30.554,0.5837,cuda,0.7324,0.7982,2.268,0.4756,,,0.9046,0.7738,anatomical,0.575,infer,24.0,1.8,0.2,trained4,5.467,0.1822,0.14,0.0,0.2564,ma_zerophase,5.0,,0.0105,4.5828
evaluate_epoch_large.csv,tfmL_d256h8L4f1024_phys0.3,deploy,600,2026-09-20 19:07:27,persistent,tfmL_declip_cov_MSEOnly_1.3_d256h8L4f1024_anat,1.0,0.3,1500,306,0.197823,0.000447,23.78,99.3,9.09,3.34,3.23,1.73,99.5,2.43,0.6,2.22,0.88,1.71,0.5042,0.4308,0.0,8.92,0.0,23.65,100.0,100.0,,,,,,,0.3364,16.893,29.594,0.5631,cuda,0.7544,0.8222,2.026,0.4756,,,0.9223,0.8018,anatomical,0.575,infer,24.0,1.8,0.2,trained4,5.516,0.1839,0.02,0.0,0.02,ma_zerophase,5.0,,0.0105,4.6881
evaluate_epoch_large.csv,tfmL_d256h8L4f1024_phys0.3,deploy,650,2026-09-20 19:10:08,persistent,tfmL_declip_cov_MSEOnly_1.3_d256h8L4f1024_anat,1.0,0.3,1500,306,0.197823,0.000401,23.78,97.69,9.09,2.53,3.23,1.02,99.0,2.48,0.58,2.14,0.91,1.65,0.5042,0.4391,0.0,8.92,0.0,23.65,100.0,100.0,,,,,,,0.3401,19.208,32.855,0.6403,cuda,0.756,0.8038,2.2,0.4756,,,0.913,0.7962,anatomical,0.575,infer,24.0,1.8,0.2,trained4,6.695,0.2232,0.33,0.0,0.0606,ma_zerophase,5.0,,0.0121,5.0533
evaluate_epoch_large.csv,tfmL_d256h8L4f1024_phys0.3,deploy,700,2026-09-20 19:12:59,persistent,tfmL_declip_cov_MSEOnly_1.3_d256h8L4f1024_anat,1.0,0.3,1500,306,0.197823,0.002847,23.78,95.09,9.09,4.12,3.23,1.88,96.2,1.75,0.66,1.89,1.23,1.4,0.5042,0.4228,0.0,8.92,0.0,23.65,100.0,100.0,,,,,,,0.3242,19.983,32.852,0.6661,cuda,0.8179,0.8848,1.432,0.4756,,,0.9537,0.8709,anatomical,0.575,infer,24.0,1.8,0.2,trained4,6.588,0.2196,0.17,0.0,0.051,ma_zerophase,5.0,,0.012,4.5676
evaluate_epoch_large.csv,tfmL_d256h8L4f1024_phys0.3,deploy,750,2026-09-20 19:15:42,persistent,tfmL_declip_cov_MSEOnly_1.3_d256h8L4f1024_anat,1.0,0.3,1500,306,0.197823,0.000553,23.78,98.61,9.09,3.51,3.23,1.38,99.2,1.5,0.59,1.67,0.98,1.2,0.5042,0.4257,0.0,8.92,0.0,23.65,100.0,100.0,,,,,,,0.3223,9.693,21.774,0.3231,cuda,0.8581,0.9148,1.146,0.4756,,,0.9689,0.9069,anatomical,0.575,infer,24.0,1.8,0.2,trained4,6.68,0.2227,0.08,0.0,0.0303,ma_zerophase,5.0,,0.0132,4.5404
evaluate_epoch_large.csv,tfmL_d256h8L4f1024_phys0.3,deploy,800,2026-09-20 19:18:18,persistent,tfmL_declip_cov_MSEOnly_1.3_d256h8L4f1024_anat,1.0,0.3,1500,306,0.197823,9.3e-05,23.78,99.41,9.09,2.16,3.23,0.61,99.9,1.91,0.64,2.03,1.09,1.52,0.5042,0.4231,0.0,8.92,0.0,23.65,100.0,100.0,,,,,,,0.3274,14.856,29.964,0.4952,cuda,0.7964,0.8665,1.588,0.4756,,,0.9464,0.8521,anatomical,0.575,infer,24.0,1.8,0.2,trained4,6.146,0.2049,0.14,0.0,0.4843,ma_zerophase,5.0,,0.0117,4.5743
evaluate_epoch_large.csv,tfmL_d256h8L4f1024_phys0.3,deploy,850,2026-09-20 19:21:07,persistent,tfmL_declip_cov_MSEOnly_1.3_d256h8L4f1024_anat,1.0,0.3,1500,306,0.197823,0.000109,23.78,99.04,9.09,2.1,3.23,0.93,99.6,1.85,0.63,1.88,0.97,1.43,0.5042,0.4367,0.0,8.92,0.0,23.65,100.0,100.0,,,,,,,0.3351,18.268,33.415,0.6089,cuda,0.8009,0.8695,1.573,0.4756,,,0.947,0.8518,anatomical,0.575,infer,24.0,1.8,0.2,trained4,6.691,0.223,0.19,0.0,0.3611,ma_zerophase,5.0,,0.0122,4.5373
evaluate_epoch_large.csv,tfmL_d256h8L4f1024_phys0.3,deploy,900,2026-09-20 19:24:06,persistent,tfmL_declip_cov_MSEOnly_1.3_d256h8L4f1024_anat,1.0,0.3,1500,306,0.197823,4.4e-05,23.78,98.8,9.09,1.39,3.23,0.51,99.8,1.35,0.54,1.51,0.93,1.09,0.5042,0.417,0.0,8.92,0.0,23.65,100.0,100.0,,,,,,,0.31,23.095,37.799,0.7698,cuda,0.8664,0.9207,1.068,0.4756,,,0.9727,0.9165,anatomical,0.575,infer,24.0,1.8,0.2,trained4,6.844,0.2281,0.29,0.0,0.0541,ma_zerophase,5.0,,0.0124,4.5777
evaluate_epoch_large.csv,tfmL_d256h8L4f1024_phys0.3,deploy,950,2026-09-20 19:27:06,persistent,tfmL_declip_cov_MSEOnly_1.3_d256h8L4f1024_anat,1.0,0.3,1500,306,0.197823,4.8e-05,23.78,99.48,9.09,1.49,3.23,0.53,99.9,1.22,0.53,1.45,0.94,1.04,0.5042,0.4079,0.0,8.92,0.0,23.65,100.0,100.0,,,,,,,0.3009,22.361,34.331,0.7454,cuda,0.886,0.9351,0.93,0.4756,,,0.9778,0.9312,anatomical,0.575,infer,24.0,1.8,0.2,trained4,6.843,0.2281,0.21,0.0,0.0571,ma_zerophase,5.0,,0.0122,4.5573
evaluate_epoch_large.csv,tfmL_d256h8L4f1024_phys0.3,deploy,1000,2026-09-20 19:30:06,persistent,tfmL_declip_cov_MSEOnly_1.3_d256h8L4f1024_anat,1.0,0.3,1500,306,0.197823,7.3e-05,23.78,99.26,9.09,2.37,3.23,0.74,99.8,1.52,0.59,1.64,0.99,1.2,0.5042,0.4186,0.0,8.92,0.0,23.65,100.0,100.0,,,,,,,0.3149,21.817,33.605,0.7272,cuda,0.8466,0.907,1.217,0.4756,,,0.9651,0.8974,anatomical,0.575,infer,24.0,1.8,0.2,trained4,6.97,0.2323,0.99,0.0,0.5404,ma_zerophase,5.0,,0.0122,4.5995
evaluate_epoch_large.csv,tfmL_d256h8L4f1024_phys0.3,deploy,1050,2026-09-20 19:33:06,persistent,tfmL_declip_cov_MSEOnly_1.3_d256h8L4f1024_anat,1.0,0.3,1500,306,0.197823,0.000109,23.78,99.08,9.09,1.68,3.23,0.72,99.7,1.16,0.51,1.41,0.95,1.0,0.5042,0.4046,0.0,8.92,0.0,23.65,100.0,100.0,,,,,,,0.2988,23.303,35.956,0.7768,cuda,0.9016,0.9464,0.851,0.4756,,,0.9802,0.9373,anatomical,0.575,infer,24.0,1.8,0.2,trained4,6.906,0.2302,0.34,0.0,0.103,ma_zerophase,5.0,,0.0122,4.5211
evaluate_epoch_large.csv,tfmL_d256h8L4f1024_phys0.3,deploy,1100,2026-09-20 19:36:07,persistent,tfmL_declip_cov_MSEOnly_1.3_d256h8L4f1024_anat,1.0,0.3,1500,306,0.197823,0.000371,23.78,98.5,9.09,4.2,3.23,0.92,99.4,1.15,0.51,1.45,0.96,1.05,0.5042,0.401,0.0,8.92,0.0,23.65,100.0,100.0,,,,,,,0.2945,22.794,34.837,0.7598,cuda,0.9,0.9455,0.863,0.4756,,,0.9773,0.9314,anatomical,0.575,infer,24.0,1.8,0.2,trained4,6.878,0.2293,0.45,0.0,0.2104,ma_zerophase,5.0,,0.0122,4.5257
evaluate_epoch_large.csv,tfmL_d256h8L4f1024_phys0.3,deploy,1150,2026-09-20 19:39:08,persistent,tfmL_declip_cov_MSEOnly_1.3_d256h8L4f1024_anat,1.0,0.3,1500,306,0.197823,2.8e-05,23.78,99.8,9.09,1.4,3.23,0.67,99.9,1.07,0.52,1.36,0.97,0.97,0.5042,0.4049,0.0,8.92,0.0,23.65,100.0,100.0,,,,,,,0.2975,22.672,34.385,0.7557,cuda,0.9099,0.9528,0.785,0.4756,,,0.9829,0.9458,anatomical,0.575,infer,24.0,1.8,0.2,trained4,6.872,0.2291,0.31,0.0,0.1914,ma_zerophase,5.0,,0.0124,4.5566
evaluate_epoch_large.csv,tfmL_d256h8L4f1024_phys0.3,deploy,1200,2026-09-20 19:42:08,persistent,tfmL_declip_cov_MSEOnly_1.3_d256h8L4f1024_anat,1.0,0.3,1500,306,0.197823,1.4e-05,23.78,99.73,9.09,0.87,3.23,0.41,100.0,0.99,0.51,1.28,0.93,0.91,0.5042,0.4062,0.0,8.92,0.0,23.65,100.0,100.0,,,,,,,0.2967,22.706,35.145,0.7569,cuda,0.916,0.9557,0.725,0.4756,,,0.9853,0.9526,anatomical,0.575,infer,24.0,1.8,0.2,trained4,6.881,0.2294,0.33,0.0,0.1347,ma_zerophase,5.0,,0.0124,4.5575
evaluate_epoch_large.csv,tfmL_d256h8L4f1024_phys0.3,deploy,1250,2026-09-20 19:44:43,persistent,tfmL_declip_cov_MSEOnly_1.3_d256h8L4f1024_anat,1.0,0.3,1500,306,0.197823,7.2e-05,23.78,99.25,9.09,1.69,3.23,0.8,99.8,1.09,0.52,1.32,0.94,0.94,0.5042,0.4112,0.0,8.92,0.0,23.65,100.0,100.0,,,,,,,0.3041,10.992,11.73,0.3664,cuda,0.9027,0.9455,0.829,0.4756,,,0.9814,0.9425,anatomical,0.575,infer,24.0,1.8,0.2,trained4,6.169,0.2056,0.14,0.0,0.0714,ma_zerophase,5.0,,0.0099,4.6727
evaluate_epoch_large.csv,tfmL_d256h8L4f1024_phys0.3,deploy,1300,2026-09-20 19:47:11,persistent,tfmL_declip_cov_MSEOnly_1.3_d256h8L4f1024_anat,1.0,0.3,1500,306,0.197823,6.8e-05,23.78,99.31,9.09,1.76,3.23,0.7,99.8,0.93,0.48,1.25,0.95,0.88,0.5042,0.4006,0.0,8.92,0.0,23.65,100.0,100.0,,,,,,,0.2922,10.986,11.82,0.3662,cuda,0.9253,0.9612,0.669,0.4756,,,0.9867,0.9572,anatomical,0.575,infer,24.0,1.8,0.2,trained4,6.198,0.2066,0.24,0.0,0.0277,ma_zerophase,5.0,,0.0098,4.5135
evaluate_epoch_large.csv,tfmL_d256h8L4f1024_phys0.3,deploy,1350,2026-09-20 19:49:31,persistent,tfmL_declip_cov_MSEOnly_1.3_d256h8L4f1024_anat,1.0,0.3,1500,306,0.197823,2.5e-05,23.78,99.76,9.09,1.31,3.23,0.58,99.9,0.9,0.48,1.25,0.94,0.87,0.5042,0.4017,0.0,8.92,0.0,23.65,100.0,100.0,,,,,,,0.2924,10.939,11.894,0.3646,cuda,0.9278,0.9626,0.641,0.4756,,,0.9876,0.96,anatomical,0.575,infer,24.0,1.8,0.2,trained4,5.723,0.1908,0.37,0.0,0.0492,ma_zerophase,5.0,,0.0092,4.5363
evaluate_epoch_large.csv,tfmL_d256h8L4f1024_phys0.3,deploy,1400,2026-09-20 19:51:51,persistent,tfmL_declip_cov_MSEOnly_1.3_d256h8L4f1024_anat,1.0,0.3,1500,306,0.197823,1.2e-05,23.78,99.3,9.09,1.31,3.23,0.3,99.9,0.96,0.51,1.24,0.92,0.89,0.5042,0.4038,0.0,8.92,0.0,23.65,100.0,100.0,,,,,,,0.2936,10.929,11.785,0.3643,cuda,0.9177,0.9564,0.715,0.4756,,,0.9852,0.9531,anatomical,0.575,infer,24.0,1.8,0.2,trained4,5.595,0.1865,0.31,0.0,0.3944,ma_zerophase,5.0,,0.0092,4.5686
evaluate_epoch_large.csv,tfmL_d256h8L4f1024_phys0.3,deploy,1450,2026-09-20 19:54:10,persistent,tfmL_declip_cov_MSEOnly_1.3_d256h8L4f1024_anat,1.0,0.3,1500,306,0.197823,2.1e-05,23.78,99.84,9.09,1.06,3.23,0.76,99.9,1.11,0.46,1.39,0.91,1.0,0.5042,0.4001,0.0,8.92,0.0,23.65,100.0,100.0,,,,,,,0.2922,10.884,11.494,0.3628,cuda,0.9029,0.9496,0.842,0.4756,,,0.9812,0.9391,anatomical,0.575,infer,24.0,1.8,0.2,trained4,5.499,0.1833,0.28,0.0,0.1521,ma_zerophase,5.0,,0.0091,4.5122
evaluate_epoch_large.csv,tfmL_d256h8L4f1024_phys0.3,deploy,1500,2026-09-20 19:56:30,persistent,tfmL_declip_cov_MSEOnly_1.3_d256h8L4f1024_anat,1.0,0.3,1500,306,0.197823,3e-06,23.78,99.46,9.09,0.38,3.23,0.18,100.0,0.87,0.48,1.19,0.93,0.83,0.5042,0.4025,0.0,8.92,0.0,23.65,100.0,100.0,,,,,,,0.2925,10.934,11.844,0.3645,cuda,0.9332,0.965,0.615,0.4756,,,0.9883,0.9623,anatomical,0.575,infer,24.0,1.8,0.2,trained4,5.824,0.1941,0.34,0.0,0.119,ma_zerophase,5.0,,0.0093,4.5967
evaluate_epoch_large.csv,tfmL_d256h8L4f1024_phys0.3,deploy,1550,2026-10-01 22:31:43,persistent,tfmL_declip_cov_MSEOnly_1.3_d256h8L4f1024_anat,1.0,0.3,3000,306,0.197823,2.7e-05,23.78,99.46,9.09,0.89,3.23,0.58,99.9,0.84,0.48,1.18,0.95,0.82,0.5042,0.3999,0.0,8.92,0.0,23.65,100.0,100.0,,,,,,,0.2896,4.724,6.626,0.1575,cuda,0.9357,0.9668,0.59,0.4756,,,0.989,0.9643,anatomical,0.575,infer,24.0,1.8,0.2,trained4,6.799,0.2266,0.38,0.0,0.1837,ma_zerophase,5.0,,0.0125,4.5652
evaluate_epoch_large.csv,tfmL_d256h8L4f1024_phys0.3,deploy,1600,2026-10-01 22:34:26,persistent,tfmL_declip_cov_MSEOnly_1.3_d256h8L4f1024_anat,1.0,0.3,3000,306,0.197823,3.4e-05,23.78,99.76,9.09,1.59,3.23,0.78,99.9,0.86,0.47,1.19,0.92,0.83,0.5042,0.401,0.0,8.92,0.0,23.65,100.0,100.0,,,,,,,0.2904,4.593,6.04,0.1531,cuda,0.9335,0.966,0.608,0.4756,,,0.9887,0.9632,anatomical,0.575,infer,24.0,1.8,0.2,trained4,7.062,0.2354,0.31,0.0,0.1684,ma_zerophase,5.0,,0.0131,4.573
evaluate_epoch_large.csv,tfmL_d256h8L4f1024_phys0.3,deploy,1650,2026-10-01 22:37:08,persistent,tfmL_declip_cov_MSEOnly_1.3_d256h8L4f1024_anat,1.0,0.3,3000,306,0.197823,4.3e-05,23.78,99.65,9.09,1.54,3.23,0.56,99.9,0.96,0.54,1.22,0.89,0.88,0.5042,0.4046,0.0,8.92,0.0,23.65,100.0,100.0,,,,,,,0.2938,4.757,5.915,0.1586,cuda,0.9176,0.9546,0.706,0.4756,,,0.9852,0.9534,anatomical,0.575,infer,24.0,1.8,0.2,trained4,7.078,0.2359,0.24,0.0,0.0555,ma_zerophase,5.0,,0.0131,4.56
evaluate_epoch_large.csv,tfmL_d256h8L4f1024_phys0.3,deploy,1700,2026-10-01 22:39:52,persistent,tfmL_declip_cov_MSEOnly_1.3_d256h8L4f1024_anat,1.0,0.3,3000,306,0.197823,2.1e-05,23.78,99.62,9.09,0.99,3.23,0.71,99.9,0.81,0.47,1.14,0.93,0.8,0.5042,0.4011,0.0,8.92,0.0,23.65,100.0,100.0,,,,,,,0.2905,4.868,6.922,0.1623,cuda,0.9379,0.9681,0.576,0.4756,,,0.9894,0.9659,anatomical,0.575,infer,24.0,1.8,0.2,trained4,6.969,0.2323,0.15,0.0,0.0623,ma_zerophase,5.0,,0.0129,4.5619
evaluate_epoch_large.csv,tfmL_d256h8L4f1024_phys0.3,deploy,1750,2026-10-01 22:42:38,persistent,tfmL_declip_cov_MSEOnly_1.3_d256h8L4f1024_anat,1.0,0.3,3000,306,0.197823,1.3e-05,23.78,99.69,9.09,0.86,3.23,0.37,100.0,0.84,0.47,1.15,0.92,0.8,0.5042,0.4015,0.0,8.92,0.0,23.65,100.0,100.0,,,,,,,0.2908,4.891,6.092,0.163,cuda,0.932,0.9644,0.607,0.4756,,,0.9886,0.9629,anatomical,0.575,infer,24.0,1.8,0.2,trained4,7.088,0.2363,0.31,0.0,0.2657,ma_zerophase,5.0,,0.0133,4.5483
evaluate_epoch_large.csv,tfmL_d256h8L4f1024_phys0.3,deploy,1800,2026-10-01 22:45:24,persistent,tfmL_declip_cov_MSEOnly_1.3_d256h8L4f1024_anat,1.0,0.3,3000,306,0.197823,2e-05,23.78,99.71,9.09,1.0,3.23,0.51,99.9,0.84,0.46,1.15,0.92,0.81,0.5042,0.4016,0.0,8.92,0.0,23.65,100.0,100.0,,,,,,,0.2914,4.799,5.959,0.16,cuda,0.9317,0.9647,0.605,0.4756,,,0.9888,0.9635,anatomical,0.575,infer,24.0,1.8,0.2,trained4,7.097,0.2366,0.32,0.0,0.2144,ma_zerophase,5.0,,0.0131,4.5805
evaluate_epoch_large.csv,tfmL_d256h8L4f1024_phys0.3,deploy,1850,2026-10-01 22:48:10,persistent,tfmL_declip_cov_MSEOnly_1.3_d256h8L4f1024_anat,1.0,0.3,3000,306,0.197823,5e-06,23.78,99.64,9.09,0.77,3.23,0.21,100.0,0.99,0.48,1.27,0.92,0.93,0.5042,0.4008,0.0,8.92,0.0,23.65,100.0,100.0,,,,,,,0.2906,4.932,6.214,0.1644,cuda,0.9189,0.9583,0.743,0.4756,,,0.9843,0.949,anatomical,0.575,infer,24.0,1.8,0.2,trained4,7.292,0.2431,0.23,0.0,0.0263,ma_zerophase,5.0,,0.0133,4.5417
evaluate_epoch_large.csv,tfmL_d256h8L4f1024_phys0.3,deploy,1900,2026-10-01 22:50:53,persistent,tfmL_declip_cov_MSEOnly_1.3_d256h8L4f1024_anat,1.0,0.3,3000,306,0.197823,3e-06,23.78,99.62,9.09,0.65,3.23,0.19,100.0,0.77,0.48,1.12,0.94,0.79,0.5042,0.3979,0.0,8.92,0.0,23.65,100.0,100.0,,,,,,,0.2874,4.783,6.46,0.1594,cuda,0.9429,0.9705,0.539,0.4756,,,0.9901,0.9679,anatomical,0.575,infer,24.0,1.8,0.2,trained4,7.204,0.2401,0.2,0.0,0.0388,ma_zerophase,5.0,,0.0128,4.5672
evaluate_epoch_large.csv,tfmL_d256h8L4f1024_phys0.3,deploy,1950,2026-10-01 22:53:35,persistent,tfmL_declip_cov_MSEOnly_1.3_d256h8L4f1024_anat,1.0,0.3,3000,306,0.197823,5e-06,23.78,99.88,9.09,0.99,3.23,0.61,100.0,0.83,0.5,1.16,0.94,0.83,0.5042,0.3997,0.0,8.92,0.0,23.65,100.0,100.0,,,,,,,0.2888,4.769,6.451,0.159,cuda,0.9326,0.9641,0.612,0.4756,,,0.988,0.9615,anatomical,0.575,infer,24.0,1.8,0.2,trained4,7.044,0.2348,0.15,0.0,0.1088,ma_zerophase,5.0,,0.0126,4.584
evaluate_epoch_large.csv,tfmL_d256h8L4f1024_phys0.3,deploy,2000,2026-10-01 22:56:14,persistent,tfmL_declip_cov_MSEOnly_1.3_d256h8L4f1024_anat,1.0,0.3,3000,306,0.197823,2.7e-05,23.78,98.77,9.09,0.81,3.23,0.35,99.8,0.83,0.51,1.17,0.95,0.84,0.5042,0.4013,0.0,8.92,0.0,23.65,100.0,100.0,,,,,,,0.2909,4.853,6.494,0.1618,cuda,0.9341,0.965,0.611,0.4756,,,0.9876,0.9612,anatomical,0.575,infer,24.0,1.8,0.2,trained4,6.791,0.2264,0.26,0.0,0.1073,ma_zerophase,5.0,,0.0123,4.5863
evaluate_epoch_large.csv,tfmL_d256h8L4f1024_phys0.3,deploy,2050,2026-10-01 22:58:54,persistent,tfmL_declip_cov_MSEOnly_1.3_d256h8L4f1024_anat,1.0,0.3,3000,306,0.197823,3.3e-05,23.78,99.11,9.09,1.21,3.23,0.51,99.8,0.76,0.5,1.11,0.94,0.78,0.5042,0.4006,0.0,8.92,0.0,23.65,100.0,100.0,,,,,,,0.2897,4.733,6.509,0.1578,cuda,0.9435,0.9699,0.537,0.4756,,,0.9898,0.9678,anatomical,0.575,infer,24.0,1.8,0.2,trained4,6.769,0.2256,0.16,0.0,0.0608,ma_zerophase,5.0,,0.0121,4.5814
evaluate_epoch_large.csv,tfmL_d256h8L4f1024_phys0.3,deploy,2100,2026-10-01 23:01:36,persistent,tfmL_declip_cov_MSEOnly_1.3_d256h8L4f1024_anat,1.0,0.3,3000,306,0.197823,1.4e-05,23.78,99.79,9.09,0.89,3.23,0.55,100.0,0.76,0.47,1.1,0.94,0.77,0.5042,0.3995,0.0,8.92,0.0,23.65,100.0,100.0,,,,,,,0.2882,4.663,5.949,0.1554,cuda,0.9416,0.9695,0.545,0.4756,,,0.99,0.9678,anatomical,0.575,infer,24.0,1.8,0.2,trained4,7.0,0.2333,0.24,0.0,0.1188,ma_zerophase,5.0,,0.013,4.5702
evaluate_epoch_large.csv,tfmL_d256h8L4f1024_phys0.3,deploy,2150,2026-10-01 23:04:20,persistent,tfmL_declip_cov_MSEOnly_1.3_d256h8L4f1024_anat,1.0,0.3,3000,306,0.197823,0.000257,23.78,97.84,9.09,2.24,3.23,0.83,99.3,0.78,0.45,1.12,0.92,0.8,0.5042,0.4001,0.0,8.92,0.0,23.65,100.0,100.0,,,,,,,0.2885,4.619,6.057,0.154,cuda,0.9415,0.9698,0.555,0.4756,,,0.9897,0.9662,anatomical,0.575,infer,24.0,1.8,0.2,trained4,7.137,0.2379,0.19,0.0,0.0795,ma_zerophase,5.0,,0.0128,4.599
evaluate_epoch_large.csv,tfmL_d256h8L4f1024_phys0.3,deploy,2200,2026-10-01 23:07:04,persistent,tfmL_declip_cov_MSEOnly_1.3_d256h8L4f1024_anat,1.0,0.3,3000,306,0.197823,3.6e-05,23.78,99.08,9.09,1.62,3.23,0.36,99.9,0.75,0.46,1.11,0.93,0.78,0.5042,0.3977,0.0,8.92,0.0,23.65,100.0,100.0,,,,,,,0.2864,4.808,6.518,0.1603,cuda,0.9447,0.9716,0.536,0.4756,,,0.9903,0.9684,anatomical,0.575,infer,24.0,1.8,0.2,trained4,6.867,0.2289,0.2,0.0,0.0949,ma_zerophase,5.0,,0.0126,4.5742
evaluate_epoch_large.csv,tfmL_d256h8L4f1024_phys0.3,deploy,2250,2026-10-01 23:09:48,persistent,tfmL_declip_cov_MSEOnly_1.3_d256h8L4f1024_anat,1.0,0.3,3000,306,0.197823,5e-06,23.78,99.86,9.09,0.94,3.23,0.51,100.0,0.71,0.47,1.08,0.93,0.76,0.5042,0.3972,0.0,8.92,0.0,23.65,100.0,100.0,,,,,,,0.2864,4.749,5.992,0.1583,cuda,0.9467,0.9722,0.504,0.4756,,,0.9908,0.9703,anatomical,0.575,infer,24.0,1.8,0.2,trained4,7.09,0.2363,0.17,0.0,0.0358,ma_zerophase,5.0,,0.0128,4.5669
evaluate_epoch_large.csv,tfmL_d256h8L4f1024_phys0.3,deploy,2300,2026-10-01 23:12:33,persistent,tfmL_declip_cov_MSEOnly_1.3_d256h8L4f1024_anat,1.0,0.3,3000,306,0.197823,2.6e-05,23.78,99.75,9.09,1.09,3.23,0.67,99.9,0.73,0.47,1.1,0.93,0.77,0.5042,0.3992,0.0,8.92,0.0,23.65,100.0,100.0,,,,,,,0.2884,4.735,6.103,0.1578,cuda,0.9449,0.9712,0.528,0.4756,,,0.9901,0.9684,anatomical,0.575,infer,24.0,1.8,0.2,trained4,7.164,0.2388,0.31,0.0,0.2393,ma_zerophase,5.0,,0.013,4.5474
evaluate_epoch_large.csv,tfmL_d256h8L4f1024_phys0.3,deploy,2350,2026-10-01 23:15:17,persistent,tfmL_declip_cov_MSEOnly_1.3_d256h8L4f1024_anat,1.0,0.3,3000,306,0.197823,8e-06,23.78,99.8,9.09,1.03,3.23,0.51,100.0,0.73,0.48,1.09,0.93,0.77,0.5042,0.3986,0.0,8.92,0.0,23.65,100.0,100.0,,,,,,,0.2873,4.779,6.17,0.1593,cuda,0.9439,0.9712,0.524,0.4756,,,0.9905,0.9695,anatomical,0.575,infer,24.0,1.8,0.2,trained4,7.104,0.2368,0.16,0.0,0.0326,ma_zerophase,5.0,,0.013,4.5761
evaluate_epoch_large.csv,tfmL_d256h8L4f1024_phys0.3,deploy,2400,2026-10-01 23:18:00,persistent,tfmL_declip_cov_MSEOnly_1.3_d256h8L4f1024_anat,1.0,0.3,3000,306,0.197823,1.5e-05,23.78,99.61,9.09,1.42,3.23,0.47,99.9,0.71,0.46,1.08,0.94,0.75,0.5042,0.3995,0.0,8.92,0.0,23.65,100.0,100.0,,,,,,,0.2881,4.707,5.999,0.1569,cuda,0.9481,0.9732,0.495,0.4756,,,0.991,0.9712,anatomical,0.575,infer,24.0,1.8,0.2,trained4,7.041,0.2347,0.15,0.0,0.0814,ma_zerophase,5.0,,0.0131,4.5816
evaluate_epoch_large.csv,tfmL_d256h8L4f1024_phys0.3,deploy,2450,2026-10-01 23:20:46,persistent,tfmL_declip_cov_MSEOnly_1.3_d256h8L4f1024_anat,1.0,0.3,3000,306,0.197823,2.3e-05,23.78,99.84,9.09,1.19,3.23,0.76,99.9,0.75,0.5,1.1,0.94,0.78,0.5042,0.3983,0.0,8.92,0.0,23.65,100.0,100.0,,,,,,,0.2873,4.738,5.877,0.1579,cuda,0.9417,0.9689,0.546,0.4756,,,0.9895,0.9671,anatomical,0.575,infer,24.0,1.8,0.2,trained4,7.025,0.2342,0.24,0.0,0.0623,ma_zerophase,5.0,,0.0131,4.5834
evaluate_epoch_large.csv,tfmL_d256h8L4f1024_phys0.3,deploy,2500,2026-10-01 23:23:28,persistent,tfmL_declip_cov_MSEOnly_1.3_d256h8L4f1024_anat,1.0,0.3,3000,306,0.197823,2.3e-05,23.78,99.66,9.09,1.39,3.23,0.58,99.9,0.79,0.46,1.12,0.93,0.79,0.5042,0.4019,0.0,8.92,0.0,23.65,100.0,100.0,,,,,,,0.2901,4.623,6.023,0.1541,cuda,0.9349,0.9666,0.589,0.4756,,,0.9893,0.9654,anatomical,0.575,infer,24.0,1.8,0.2,trained4,7.139,0.238,0.21,0.0,0.0649,ma_zerophase,5.0,,0.0133,4.5805
evaluate_epoch_large.csv,tfmL_d256h8L4f1024_phys0.3,deploy,2550,2026-10-01 23:26:10,persistent,tfmL_declip_cov_MSEOnly_1.3_d256h8L4f1024_anat,1.0,0.3,3000,306,0.197823,3.5e-05,23.78,99.32,9.09,1.5,3.23,0.48,99.9,0.71,0.46,1.07,0.94,0.76,0.5042,0.3995,0.0,8.92,0.0,23.65,100.0,100.0,,,,,,,0.2881,4.757,6.364,0.1586,cuda,0.9447,0.9713,0.513,0.4756,,,0.9906,0.9697,anatomical,0.575,infer,24.0,1.8,0.2,trained4,6.819,0.2273,0.31,0.0,0.182,ma_zerophase,5.0,,0.0126,4.5885
evaluate_epoch_large.csv,tfmL_d256h8L4f1024_phys0.3,deploy,2600,2026-10-01 23:28:51,persistent,tfmL_declip_cov_MSEOnly_1.3_d256h8L4f1024_anat,1.0,0.3,3000,306,0.197823,9e-06,23.78,99.79,9.09,1.0,3.23,0.49,100.0,0.68,0.46,1.06,0.94,0.74,0.5042,0.3989,0.0,8.92,0.0,23.65,100.0,100.0,,,,,,,0.2876,4.445,5.671,0.1482,cuda,0.95,0.974,0.481,0.4756,,,0.9913,0.9721,anatomical,0.575,infer,24.0,1.8,0.2,trained4,6.955,0.2318,0.2,0.0,0.0541,ma_zerophase,5.0,,0.0129,4.5723
evaluate_epoch_large.csv,tfmL_d256h8L4f1024_phys0.3,deploy,2650,2026-10-01 23:31:33,persistent,tfmL_declip_cov_MSEOnly_1.3_d256h8L4f1024_anat,1.0,0.3,3000,306,0.197823,3.7e-05,23.78,99.28,9.09,1.44,3.23,0.52,99.8,0.68,0.46,1.06,0.94,0.75,0.5042,0.3991,0.0,8.92,0.0,23.65,100.0,100.0,,,,,,,0.2874,4.659,5.918,0.1553,cuda,0.95,0.974,0.479,0.4756,,,0.9913,0.9719,anatomical,0.575,infer,24.0,1.8,0.2,trained4,6.991,0.233,0.32,0.0,0.143,ma_zerophase,5.0,,0.0129,4.5841
evaluate_epoch_large.csv,tfmL_d256h8L4f1024_phys0.3,deploy,2700,2026-10-01 23:34:20,persistent,tfmL_declip_cov_MSEOnly_1.3_d256h8L4f1024_anat,1.0,0.3,3000,306,0.197823,3e-05,23.78,99.05,9.09,1.07,3.23,0.32,99.9,0.83,0.43,1.15,0.92,0.84,0.5042,0.4002,0.0,8.92,0.0,23.65,100.0,100.0,,,,,,,0.289,4.755,5.837,0.1585,cuda,0.9235,0.9614,0.654,0.4756,,,0.9883,0.9613,anatomical,0.575,infer,24.0,1.8,0.2,trained4,7.14,0.238,0.32,0.0,0.1185,ma_zerophase,5.0,,0.013,4.5649
evaluate_epoch_large.csv,tfmL_d256h8L4f1024_phys0.3,deploy,2750,2026-10-01 23:37:05,persistent,tfmL_declip_cov_MSEOnly_1.3_d256h8L4f1024_anat,1.0,0.3,3000,306,0.197823,2.4e-05,23.78,99.39,9.09,1.18,3.23,0.28,99.9,0.73,0.46,1.09,0.94,0.77,0.5042,0.3995,0.0,8.92,0.0,23.65,100.0,100.0,,,,,,,0.288,4.68,5.864,0.156,cuda,0.9462,0.9723,0.515,0.4756,,,0.9907,0.97,anatomical,0.575,infer,24.0,1.8,0.2,trained4,7.116,0.2372,0.31,0.0,0.1105,ma_zerophase,5.0,,0.013,4.5787
evaluate_epoch_large.csv,tfmL_d256h8L4f1024_phys0.3,deploy,2800,2026-10-01 23:39:50,persistent,tfmL_declip_cov_MSEOnly_1.3_d256h8L4f1024_anat,1.0,0.3,3000,306,0.197823,1.4e-05,23.78,99.84,9.09,0.91,3.23,0.64,100.0,0.68,0.46,1.05,0.93,0.74,0.5042,0.3966,0.0,8.92,0.0,23.65,100.0,100.0,,,,,,,0.2853,4.639,6.132,0.1546,cuda,0.9505,0.9743,0.478,0.4756,,,0.9913,0.9721,anatomical,0.575,infer,24.0,1.8,0.2,trained4,7.073,0.2358,0.29,0.0,0.1892,ma_zerophase,5.0,,0.0131,4.5679
evaluate_epoch_large.csv,tfmL_d256h8L4f1024_phys0.3,deploy,2850,2026-10-01 23:42:36,persistent,tfmL_declip_cov_MSEOnly_1.3_d256h8L4f1024_anat,1.0,0.3,3000,306,0.197823,2.6e-05,23.78,99.66,9.09,1.19,3.23,0.63,99.9,0.69,0.44,1.06,0.94,0.75,0.5042,0.3989,0.0,8.92,0.0,23.65,100.0,100.0,,,,,,,0.2879,4.638,5.775,0.1546,cuda,0.9485,0.9736,0.487,0.4756,,,0.9913,0.9717,anatomical,0.575,infer,24.0,1.8,0.2,trained4,7.141,0.238,0.29,0.0,0.0624,ma_zerophase,5.0,,0.0132,4.5647
evaluate_epoch_large.csv,tfmL_d256h8L4f1024_phys0.3,deploy,2900,2026-10-01 23:45:21,persistent,tfmL_declip_cov_MSEOnly_1.3_d256h8L4f1024_anat,1.0,0.3,3000,306,0.197823,2.6e-05,23.78,99.66,9.09,1.27,3.23,0.6,99.9,0.67,0.46,1.05,0.95,0.74,0.5042,0.3988,0.0,8.92,0.0,23.65,100.0,100.0,,,,,,,0.2876,4.652,5.835,0.1551,cuda,0.9501,0.974,0.472,0.4756,,,0.9914,0.9722,anatomical,0.575,infer,24.0,1.8,0.2,trained4,7.222,0.2407,0.25,0.0,0.0549,ma_zerophase,5.0,,0.0133,4.5672
evaluate_epoch_large.csv,tfmL_d256h8L4f1024_phys0.3,deploy,2950,2026-10-01 23:48:03,persistent,tfmL_declip_cov_MSEOnly_1.3_d256h8L4f1024_anat,1.0,0.3,3000,306,0.197823,1.6e-05,23.78,99.79,9.09,0.84,3.23,0.61,99.9,0.66,0.46,1.04,0.95,0.74,0.5042,0.3965,0.0,8.92,0.0,23.65,100.0,100.0,,,,,,,0.2851,4.717,5.879,0.1572,cuda,0.951,0.9744,0.471,0.4756,,,0.9914,0.9724,anatomical,0.575,infer,24.0,1.8,0.2,trained4,6.903,0.2301,0.32,0.0,0.2103,ma_zerophase,5.0,,0.0131,4.5757
evaluate_epoch_large.csv,tfmL_d256h8L4f1024_phys0.3,deploy,3000,2026-10-01 23:50:49,persistent,tfmL_declip_cov_MSEOnly_1.3_d256h8L4f1024_anat,1.0,0.3,3000,306,0.197823,6.4e-05,23.78,99.64,9.09,2.47,3.23,1.07,99.8,0.68,0.46,1.06,0.94,0.74,0.5042,0.3988,0.0,8.92,0.0,23.65,100.0,100.0,,,,,,,0.2876,4.838,6.217,0.1613,cuda,0.9487,0.9733,0.486,0.4756,,,0.991,0.9711,anatomical,0.575,infer,24.0,1.8,0.2,trained4,7.272,0.2424,0.15,0.0,0.0749,ma_zerophase,5.0,,0.0135,4.6019
evaluate_epoch_large_modelonly.csv,tfmL_d256h8L4f1024_phys0.3,modelonly,20,2026-09-12 22:07:46,legacy80,tfmL_declip_cov_MSEOnly_1.3_d256h8L4f1024_anat,1.0,0.3,500,306,0.065638,0.125543,75.56,65.75,8.9,9.13,2.98,3.52,-65.4,4.47,1.08,4.84,0.91,2.9,0.4466,0.8547,0.0,8.87,8.93,83.15,68.0,-111.5,,,,,,,0.6547,5.411,7.674,0.1804,cuda,0.7176,0.7932,2.326,0.4756,,,0.8965,0.7392,anatomical,0.575,off,,,,,,,,,,off,,,,8.2525
evaluate_epoch_large_modelonly.csv,tfmL_d256h8L4f1024_phys0.3,modelonly,40,2026-09-12 22:09:05,legacy80,tfmL_declip_cov_MSEOnly_1.3_d256h8L4f1024_anat,1.0,0.3,500,306,0.065638,0.005962,75.56,97.89,8.9,8.12,2.98,2.71,92.1,3.06,1.15,3.64,1.04,2.0,0.4466,0.623,0.0,8.87,8.32,83.15,98.28,91.4,,,,,,,0.3863,5.505,7.829,0.1835,cuda,0.8225,0.8909,1.464,0.4756,,,0.952,0.8577,anatomical,0.575,off,,,,,,,,,,off,,,,6.9874
evaluate_epoch_large_modelonly.csv,tfmL_d256h8L4f1024_phys0.3,modelonly,50,2026-09-20 19:57:02,legacy80,tfmL_declip_cov_MSEOnly_1.3_d256h8L4f1024_anat,1.0,0.3,1500,306,0.065638,0.005637,75.56,97.88,8.9,7.89,2.98,2.69,92.2,2.84,1.09,3.46,1.01,1.83,0.4466,0.5944,0.0,8.87,8.13,83.15,98.32,92.0,,,,,,,0.3493,8.628,11.747,0.2876,cuda,0.8442,0.9091,1.277,0.4756,,,0.9639,0.8848,anatomical,0.575,off,,,,,,,,,,off,,,,7.1093
evaluate_epoch_large_modelonly.csv,tfmL_d256h8L4f1024_phys0.3,modelonly,60,2026-09-12 22:10:26,legacy80,tfmL_declip_cov_MSEOnly_1.3_d256h8L4f1024_anat,1.0,0.3,500,306,0.065638,0.020323,75.56,93.03,8.9,8.65,2.98,3.16,69.7,4.32,1.33,4.49,0.93,2.87,0.4466,0.7153,0.0,8.87,8.81,83.15,94.75,69.8,,,,,,,0.4671,5.41,8.348,0.1803,cuda,0.6859,0.7409,2.949,0.4756,,,0.868,0.707,anatomical,0.575,off,,,,,,,,,,off,,,,25.3249
evaluate_epoch_large_modelonly.csv,tfmL_d256h8L4f1024_phys0.3,modelonly,80,2026-09-12 22:11:42,legacy80,tfmL_declip_cov_MSEOnly_1.3_d256h8L4f1024_anat,1.0,0.3,500,306,0.065638,0.004376,75.56,90.21,8.9,6.3,2.98,1.21,83.8,5.01,1.27,4.54,1.0,3.13,0.4466,0.735,0.0,8.87,5.49,83.15,99.04,97.0,,,,,,,0.4917,5.262,7.761,0.1754,cuda,0.6356,0.6746,4.03,0.4756,,,0.8049,0.6316,anatomical,0.575,off,,,,,,,,,,off,,,,26.4219
evaluate_epoch_large_modelonly.csv,tfmL_d256h8L4f1024_phys0.3,modelonly,100,2026-09-12 22:12:58,legacy80,tfmL_declip_cov_MSEOnly_1.3_d256h8L4f1024_anat,1.0,0.3,500,306,0.065638,0.001761,75.56,97.0,8.9,5.39,2.98,1.51,93.8,5.01,1.05,4.23,0.86,2.68,0.4466,0.6352,0.0,8.87,2.43,83.15,99.49,99.3,,,,,,,0.3717,5.239,8.284,0.1746,cuda,0.6281,0.6594,3.841,0.4756,,,0.8058,0.6102,anatomical,0.575,off,,,,,,,,,,off,,,,24.2206
evaluate_epoch_large_modelonly.csv,tfmL_d256h8L4f1024_phys0.3,modelonly,120,2026-09-12 22:14:14,legacy80,tfmL_declip_cov_MSEOnly_1.3_d256h8L4f1024_anat,1.0,0.3,500,306,0.065638,0.012578,75.56,90.04,8.9,7.76,2.98,1.87,74.4,4.11,1.26,3.45,1.05,1.95,0.4466,0.5374,0.0,8.87,8.01,83.15,95.53,87.0,,,,,,,0.2653,5.275,7.508,0.1758,cuda,0.6752,0.7442,2.672,0.4756,,,0.8773,0.7018,anatomical,0.575,off,,,,,,,,,,off,,,,10.8142
evaluate_epoch_large_modelonly.csv,tfmL_d256h8L4f1024_phys0.3,modelonly,140,2026-09-12 22:15:28,legacy80,tfmL_declip_cov_MSEOnly_1.3_d256h8L4f1024_anat,1.0,0.3,500,306,0.065638,0.005803,75.56,93.36,8.9,6.22,2.98,1.81,83.5,3.2,1.34,2.84,1.16,1.29,0.4466,0.4951,0.0,8.87,6.47,83.15,98.58,95.3,,,,,,,0.2081,5.548,8.384,0.1849,cuda,0.7797,0.854,1.736,0.4756,,,0.9398,0.8211,anatomical,0.575,off,,,,,,,,,,off,,,,7.7014
evaluate_epoch_large_modelonly.csv,tfmL_d256h8L4f1024_phys0.3,modelonly,150,2026-09-20 19:58:10,legacy80,tfmL_declip_cov_MSEOnly_1.3_d256h8L4f1024_anat,1.0,0.3,1500,306,0.065638,0.005365,75.56,92.94,8.9,6.13,2.98,1.57,84.8,3.06,1.22,2.85,1.06,1.25,0.4466,0.4859,0.0,8.87,6.38,83.15,98.26,95.3,,,,,,,0.1941,10.828,11.601,0.3609,cuda,0.8004,0.8752,1.55,0.4756,,,0.9505,0.8487,anatomical,0.575,off,,,,,,,,,,off,,,,7.2419
evaluate_epoch_large_modelonly.csv,tfmL_d256h8L4f1024_phys0.3,modelonly,160,2026-09-12 22:16:39,legacy80,tfmL_declip_cov_MSEOnly_1.3_d256h8L4f1024_anat,1.0,0.3,500,306,0.065638,0.004749,75.56,96.41,8.9,6.29,2.98,1.96,90.3,3.84,1.11,3.46,0.93,2.06,0.4466,0.561,0.0,8.87,6.02,83.15,99.07,96.1,,,,,,,0.2931,5.435,8.357,0.1812,cuda,0.6894,0.7541,2.687,0.4756,,,0.8739,0.7182,anatomical,0.575,off,,,,,,,,,,off,,,,12.459
evaluate_epoch_large_modelonly.csv,tfmL_d256h8L4f1024_phys0.3,modelonly,180,2026-09-12 22:17:54,legacy80,tfmL_declip_cov_MSEOnly_1.3_d256h8L4f1024_anat,1.0,0.3,500,306,0.065638,0.014551,75.56,87.88,8.9,7.27,2.98,2.16,64.2,3.73,1.28,2.99,1.1,1.45,0.4466,0.5025,0.0,8.87,7.53,83.15,95.64,89.5,,,,,,,0.2066,5.006,7.975,0.1669,cuda,0.7061,0.7834,2.29,0.4756,,,0.9035,0.7439,anatomical,0.575,off,,,,,,,,,,off,,,,8.9562
evaluate_epoch_large_modelonly.csv,tfmL_d256h8L4f1024_phys0.3,modelonly,200,2026-09-12 22:19:11,legacy80,tfmL_declip_cov_MSEOnly_1.3_d256h8L4f1024_anat,1.0,0.3,500,306,0.065638,0.00409,75.56,96.0,8.9,6.37,2.98,2.35,87.1,3.57,1.22,2.87,1.05,1.45,0.4466,0.5274,0.0,8.87,3.06,83.15,99.81,99.7,,,,,,,0.2331,5.185,8.303,0.1728,cuda,0.7056,0.7825,2.288,0.4756,,,0.9094,0.7491,anatomical,0.575,off,,,,,,,,,,off,,,,11.2014
evaluate_epoch_large_modelonly.csv,tfmL_d256h8L4f1024_phys0.3,modelonly,220,2026-09-12 22:20:29,legacy80,tfmL_declip_cov_MSEOnly_1.3_d256h8L4f1024_anat,1.0,0.3,500,306,0.065638,0.008649,75.56,91.39,8.9,6.05,2.98,2.06,75.7,3.0,1.26,2.65,1.08,1.07,0.4466,0.5062,0.0,8.87,5.3,83.15,98.04,96.4,,,,,,,0.2092,5.123,9.837,0.1708,cuda,0.8002,0.8774,1.511,0.4756,,,0.9528,0.8513,anatomical,0.575,off,,,,,,,,,,off,,,,8.518
evaluate_epoch_large_modelonly.csv,tfmL_d256h8L4f1024_phys0.3,modelonly,240,2026-09-12 22:21:43,legacy80,tfmL_declip_cov_MSEOnly_1.3_d256h8L4f1024_anat,1.0,0.3,500,306,0.065638,0.000513,75.56,98.63,8.9,4.86,2.98,1.31,97.5,2.95,1.12,2.81,1.02,1.34,0.4466,0.5032,0.0,8.87,2.29,83.15,99.89,99.7,,,,,,,0.2127,5.623,11.025,0.1874,cuda,0.7734,0.8519,1.696,0.4756,,,0.9409,0.8307,anatomical,0.575,off,,,,,,,,,,off,,,,8.3321
evaluate_epoch_large_modelonly.csv,tfmL_d256h8L4f1024_phys0.3,modelonly,250,2026-09-20 19:59:18,legacy80,tfmL_declip_cov_MSEOnly_1.3_d256h8L4f1024_anat,1.0,0.3,1500,306,0.065638,0.012172,75.56,88.47,8.9,6.39,2.98,2.09,67.0,4.36,0.89,3.25,0.93,1.69,0.4466,0.6949,0.0,8.87,4.98,83.15,96.71,93.5,,,,,,,0.4114,10.801,11.537,0.36,cuda,0.6752,0.7241,3.031,0.4756,,,0.8663,0.6908,anatomical,0.575,off,,,,,,,,,,off,,,,23.6718
evaluate_epoch_large_modelonly.csv,tfmL_d256h8L4f1024_phys0.3,modelonly,260,2026-09-12 22:23:01,legacy80,tfmL_declip_cov_MSEOnly_1.3_d256h8L4f1024_anat,1.0,0.3,500,306,0.065638,0.006152,75.56,93.22,8.9,6.18,2.98,2.0,81.4,2.91,1.15,2.59,1.04,1.03,0.4466,0.5055,0.0,8.87,3.59,83.15,98.7,97.9,,,,,,,0.2002,4.73,7.026,0.1577,cuda,0.7984,0.8812,1.461,0.4756,,,0.9586,0.8648,anatomical,0.575,off,,,,,,,,,,off,,,,8.3535
evaluate_epoch_large_modelonly.csv,tfmL_d256h8L4f1024_phys0.3,modelonly,280,2026-09-12 22:24:17,legacy80,tfmL_declip_cov_MSEOnly_1.3_d256h8L4f1024_anat,1.0,0.3,500,306,0.065638,0.003275,75.56,94.34,8.9,5.79,2.98,1.53,88.1,2.67,1.27,2.42,1.13,0.83,0.4466,0.4834,0.0,8.87,3.49,83.15,99.15,98.7,,,,,,,0.1776,4.785,6.727,0.1595,cuda,0.8657,0.9277,1.101,0.4756,,,0.9716,0.9049,anatomical,0.575,off,,,,,,,,,,off,,,,7.0969
evaluate_epoch_large_modelonly.csv,tfmL_d256h8L4f1024_phys0.3,modelonly,300,2026-09-12 22:25:35,legacy80,tfmL_declip_cov_MSEOnly_1.3_d256h8L4f1024_anat,1.0,0.3,500,306,0.065638,0.004296,75.56,93.44,8.9,5.74,2.98,1.6,85.6,2.75,1.1,2.48,1.06,0.91,0.4466,0.4845,0.0,8.87,4.31,83.15,98.82,97.9,,,,,,,0.1811,4.869,7.258,0.1623,cuda,0.8408,0.9122,1.197,0.4756,,,0.9704,0.8995,anatomical,0.575,off,,,,,,,,,,off,,,,7.2746
evaluate_epoch_large_modelonly.csv,tfmL_d256h8L4f1024_phys0.3,modelonly,320,2026-09-12 22:26:53,legacy80,tfmL_declip_cov_MSEOnly_1.3_d256h8L4f1024_anat,1.0,0.3,500,306,0.065638,0.00223,75.56,96.48,8.9,5.45,2.98,1.85,91.1,2.77,1.2,2.42,1.06,0.89,0.4466,0.5117,0.0,8.87,3.47,83.15,99.85,99.8,,,,,,,0.2106,5.394,7.882,0.1798,cuda,0.8163,0.8917,1.376,0.4756,,,0.9632,0.8786,anatomical,0.575,off,,,,,,,,,,off,,,,8.3473
evaluate_epoch_large_modelonly.csv,tfmL_d256h8L4f1024_phys0.3,modelonly,340,2026-09-12 22:28:09,legacy80,tfmL_declip_cov_MSEOnly_1.3_d256h8L4f1024_anat,1.0,0.3,500,306,0.065638,0.004876,75.56,94.3,8.9,6.3,2.98,1.96,84.7,3.07,1.21,2.63,1.07,1.18,0.4466,0.4719,0.0,8.87,3.49,83.15,99.54,98.9,,,,,,,0.1731,5.338,8.109,0.1779,cuda,0.7816,0.8633,1.68,0.4756,,,0.9334,0.8147,anatomical,0.575,off,,,,,,,,,,off,,,,6.4609
evaluate_epoch_large_modelonly.csv,tfmL_d256h8L4f1024_phys0.3,modelonly,350,2026-09-20 20:00:26,legacy80,tfmL_declip_cov_MSEOnly_1.3_d256h8L4f1024_anat,1.0,0.3,1500,306,0.065638,0.002007,75.56,96.21,8.9,5.42,2.98,1.34,93.0,2.66,1.2,2.42,1.09,0.83,0.4466,0.4616,0.0,8.87,3.65,83.15,99.49,99.2,,,,,,,0.1507,10.861,11.602,0.362,cuda,0.8772,0.9359,1.043,0.4756,,,0.9724,0.9076,anatomical,0.575,off,,,,,,,,,,off,,,,5.9483
evaluate_epoch_large_modelonly.csv,tfmL_d256h8L4f1024_phys0.3,modelonly,360,2026-09-12 22:29:26,legacy80,tfmL_declip_cov_MSEOnly_1.3_d256h8L4f1024_anat,1.0,0.3,500,306,0.065638,0.001302,75.56,96.72,8.9,5.19,2.98,1.18,94.7,2.48,1.19,2.24,1.09,0.72,0.4466,0.4767,0.0,8.87,1.13,83.15,99.73,99.8,,,,,,,0.1737,5.098,7.898,0.1699,cuda,0.8935,0.9459,0.918,0.4756,,,0.9799,0.9303,anatomical,0.575,off,,,,,,,,,,off,,,,6.7525
evaluate_epoch_large_modelonly.csv,tfmL_d256h8L4f1024_phys0.3,modelonly,380,2026-09-12 22:30:43,legacy80,tfmL_declip_cov_MSEOnly_1.3_d256h8L4f1024_anat,1.0,0.3,500,306,0.065638,0.002461,75.56,95.89,8.9,5.43,2.98,1.68,90.6,2.54,1.15,2.33,1.1,0.83,0.4466,0.491,0.0,8.87,1.24,83.15,99.56,99.6,,,,,,,0.195,4.807,6.986,0.1602,cuda,0.8742,0.9328,1.034,0.4756,,,0.9756,0.9165,anatomical,0.575,off,,,,,,,,,,off,,,,6.8049
evaluate_epoch_large_modelonly.csv,tfmL_d256h8L4f1024_phys0.3,modelonly,400,2026-09-12 22:31:59,legacy80,tfmL_declip_cov_MSEOnly_1.3_d256h8L4f1024_anat,1.0,0.3,500,306,0.065638,0.000985,75.56,97.63,8.9,4.19,2.98,1.3,95.8,2.45,1.16,2.29,1.1,0.75,0.4466,0.465,0.0,8.87,0.61,83.15,99.91,100.0,,,,,,,0.1625,4.591,6.596,0.153,cuda,0.8983,0.9493,0.899,0.4756,,,0.9798,0.93,anatomical,0.575,off,,,,,,,,,,off,,,,5.7592
evaluate_epoch_large_modelonly.csv,tfmL_d256h8L4f1024_phys0.3,modelonly,420,2026-09-12 22:33:16,legacy80,tfmL_declip_cov_MSEOnly_1.3_d256h8L4f1024_anat,1.0,0.3,500,306,0.065638,0.001645,75.56,96.26,8.9,4.73,2.98,1.35,93.1,2.38,1.2,2.26,1.11,0.7,0.4466,0.4773,0.0,8.87,1.11,83.15,99.76,99.8,,,,,,,0.175,4.711,6.744,0.157,cuda,0.9099,0.9555,0.828,0.4756,,,0.9832,0.94,anatomical,0.575,off,,,,,,,,,,off,,,,5.9823
evaluate_epoch_large_modelonly.csv,tfmL_d256h8L4f1024_phys0.3,modelonly,440,2026-09-12 22:34:30,legacy80,tfmL_declip_cov_MSEOnly_1.3_d256h8L4f1024_anat,1.0,0.3,500,306,0.065638,0.001431,75.56,97.34,8.9,5.49,2.98,1.33,95.1,2.62,1.19,2.33,1.1,0.76,0.4466,0.4938,0.0,8.87,2.37,83.15,99.64,99.5,,,,,,,0.1981,4.636,6.867,0.1545,cuda,0.8659,0.9324,1.061,0.4756,,,0.9758,0.9155,anatomical,0.575,off,,,,,,,,,,off,,,,6.5867
evaluate_epoch_large_modelonly.csv,tfmL_d256h8L4f1024_phys0.3,modelonly,450,2026-09-20 20:01:34,legacy80,tfmL_declip_cov_MSEOnly_1.3_d256h8L4f1024_anat,1.0,0.3,1500,306,0.065638,0.000693,75.56,98.12,8.9,3.72,2.98,1.19,96.9,2.4,1.21,2.26,1.1,0.77,0.4466,0.4897,0.0,8.87,1.29,83.15,99.93,99.9,,,,,,,0.1941,10.763,11.758,0.3588,cuda,0.8893,0.9409,0.935,0.4756,,,0.9796,0.9297,anatomical,0.575,off,,,,,,,,,,off,,,,6.2066
evaluate_epoch_large_modelonly.csv,tfmL_d256h8L4f1024_phys0.3,modelonly,460,2026-09-12 22:35:43,legacy80,tfmL_declip_cov_MSEOnly_1.3_d256h8L4f1024_anat,1.0,0.3,500,306,0.065638,0.001135,75.56,97.69,8.9,4.59,2.98,1.33,95.8,2.42,1.15,2.22,1.1,0.7,0.4466,0.4793,0.0,8.87,1.19,83.15,99.85,99.9,,,,,,,0.1847,4.916,7.347,0.1639,cuda,0.9005,0.9513,0.865,0.4756,,,0.9819,0.9364,anatomical,0.575,off,,,,,,,,,,off,,,,5.9528
evaluate_epoch_large_modelonly.csv,tfmL_d256h8L4f1024_phys0.3,modelonly,480,2026-09-12 22:36:55,legacy80,tfmL_declip_cov_MSEOnly_1.3_d256h8L4f1024_anat,1.0,0.3,500,306,0.065638,0.001025,75.56,98.03,8.9,4.38,2.98,1.4,96.2,2.24,1.13,2.09,1.09,0.61,0.4466,0.4832,0.0,8.87,1.66,83.15,99.88,99.9,,,,,,,0.1857,4.888,6.98,0.1629,cuda,0.922,0.9618,0.721,0.4756,,,0.9875,0.9551,anatomical,0.575,off,,,,,,,,,,off,,,,6.0375
evaluate_epoch_large_modelonly.csv,tfmL_d256h8L4f1024_phys0.3,modelonly,500,2026-09-12 22:38:08,legacy80,tfmL_declip_cov_MSEOnly_1.3_d256h8L4f1024_anat,1.0,0.3,500,306,0.065638,0.000805,75.56,97.83,8.9,4.31,2.98,1.14,96.6,2.29,1.08,2.12,1.07,0.66,0.4466,0.5021,0.0,8.87,0.56,83.15,99.93,100.0,,,,,,,0.2102,4.876,7.254,0.1625,cuda,0.8915,0.9455,0.837,0.4756,,,0.9847,0.9453,anatomical,0.575,off,,,,,,,,,,off,,,,6.5815
evaluate_epoch_large_modelonly.csv,tfmL_d256h8L4f1024_phys0.3,modelonly,550,2026-09-20 20:02:43,legacy80,tfmL_declip_cov_MSEOnly_1.3_d256h8L4f1024_anat,1.0,0.3,1500,306,0.065638,0.004972,75.56,94.1,8.9,6.34,2.98,1.82,85.2,3.93,1.24,3.2,1.07,1.63,0.4466,0.7034,0.0,8.87,4.43,83.15,99.35,98.8,,,,,,,0.4586,10.822,11.575,0.3607,cuda,0.7133,0.778,2.536,0.4756,,,0.879,0.7288,anatomical,0.575,off,,,,,,,,,,off,,,,11.0156
evaluate_epoch_large_modelonly.csv,tfmL_d256h8L4f1024_phys0.3,modelonly,600,2026-09-20 20:03:51,legacy80,tfmL_declip_cov_MSEOnly_1.3_d256h8L4f1024_anat,1.0,0.3,1500,306,0.065638,0.004269,75.56,95.45,8.9,6.41,2.98,1.59,90.1,3.95,1.14,3.01,0.93,1.29,0.4466,0.692,0.0,8.87,3.96,83.15,97.86,96.6,,,,,,,0.4289,10.83,11.807,0.361,cuda,0.7327,0.7793,2.42,0.4756,,,0.9045,0.771,anatomical,0.575,off,,,,,,,,,,off,,,,14.5323
evaluate_epoch_large_modelonly.csv,tfmL_d256h8L4f1024_phys0.3,modelonly,650,2026-09-20 20:04:59,legacy80,tfmL_declip_cov_MSEOnly_1.3_d256h8L4f1024_anat,1.0,0.3,1500,306,0.065638,0.00133,75.56,98.0,8.9,6.38,2.98,1.41,96.1,3.25,1.35,2.51,1.13,1.11,0.4466,0.7492,0.0,8.87,1.85,83.15,99.86,99.7,,,,,,,0.5019,10.855,11.773,0.3618,cuda,0.7587,0.8125,1.965,0.4756,,,0.9305,0.8173,anatomical,0.575,off,,,,,,,,,,off,,,,15.2318
evaluate_epoch_large_modelonly.csv,tfmL_d256h8L4f1024_phys0.3,modelonly,700,2026-09-20 20:06:07,legacy80,tfmL_declip_cov_MSEOnly_1.3_d256h8L4f1024_anat,1.0,0.3,1500,306,0.065638,0.000254,75.56,98.68,8.9,3.6,2.98,0.68,98.8,2.76,1.08,2.45,1.06,0.92,0.4466,0.6888,0.0,8.87,1.44,83.15,99.89,99.9,,,,,,,0.435,10.756,11.458,0.3585,cuda,0.8082,0.8793,1.423,0.4756,,,0.9607,0.8754,anatomical,0.575,off,,,,,,,,,,off,,,,10.0234
evaluate_epoch_large_modelonly.csv,tfmL_d256h8L4f1024_phys0.3,modelonly,750,2026-09-20 20:07:15,legacy80,tfmL_declip_cov_MSEOnly_1.3_d256h8L4f1024_anat,1.0,0.3,1500,306,0.065638,0.000212,75.56,99.58,8.9,4.89,2.98,1.27,99.3,2.19,1.17,2.01,1.08,0.65,0.4466,0.68,0.0,8.87,0.66,83.15,99.95,100.0,,,,,,,0.4127,10.907,12.084,0.3636,cuda,0.9123,0.9504,0.819,0.4756,,,0.9825,0.9431,anatomical,0.575,off,,,,,,,,,,off,,,,8.6277
evaluate_epoch_large_modelonly.csv,tfmL_d256h8L4f1024_phys0.3,modelonly,800,2026-09-20 20:08:22,legacy80,tfmL_declip_cov_MSEOnly_1.3_d256h8L4f1024_anat,1.0,0.3,1500,306,0.065638,0.00049,75.56,99.37,8.9,4.99,2.98,1.68,98.5,2.53,1.17,2.34,1.08,0.84,0.4466,0.6335,0.0,8.87,0.0,83.15,100.0,100.0,,,,,,,0.3581,10.817,11.795,0.3606,cuda,0.8606,0.9248,1.075,0.4756,,,0.9745,0.9146,anatomical,0.575,off,,,,,,,,,,off,,,,7.7875
evaluate_epoch_large_modelonly.csv,tfmL_d256h8L4f1024_phys0.3,modelonly,850,2026-09-20 20:09:30,legacy80,tfmL_declip_cov_MSEOnly_1.3_d256h8L4f1024_anat,1.0,0.3,1500,306,0.065638,0.005217,75.56,96.26,8.9,6.36,2.98,2.48,87.3,2.77,1.17,2.47,0.95,0.97,0.4466,0.7132,0.0,8.87,5.07,83.15,99.35,98.1,,,,,,,0.4414,10.835,11.609,0.3612,cuda,0.8149,0.8839,1.45,0.4756,,,0.9577,0.8673,anatomical,0.575,off,,,,,,,,,,off,,,,10.5471
evaluate_epoch_large_modelonly.csv,tfmL_d256h8L4f1024_phys0.3,modelonly,900,2026-09-20 20:10:39,legacy80,tfmL_declip_cov_MSEOnly_1.3_d256h8L4f1024_anat,1.0,0.3,1500,306,0.065638,0.002131,75.56,96.72,8.9,5.3,2.98,1.78,92.0,2.24,1.1,1.96,1.0,0.63,0.4466,0.7001,0.0,8.87,4.77,83.15,99.74,98.9,,,,,,,0.4338,10.842,11.555,0.3614,cuda,0.8764,0.9279,0.977,0.4756,,,0.9783,0.9304,anatomical,0.575,off,,,,,,,,,,off,,,,9.2251
evaluate_epoch_large_modelonly.csv,tfmL_d256h8L4f1024_phys0.3,modelonly,950,2026-09-20 20:11:46,legacy80,tfmL_declip_cov_MSEOnly_1.3_d256h8L4f1024_anat,1.0,0.3,1500,306,0.065638,5.4e-05,75.56,99.25,8.9,1.92,2.98,0.46,99.5,1.76,1.16,1.72,1.07,0.45,0.4466,0.6223,0.0,8.87,1.62,83.15,99.9,99.9,,,,,,,0.3349,10.812,11.681,0.3604,cuda,0.9455,0.9763,0.533,0.4756,,,0.9936,0.9758,anatomical,0.575,off,,,,,,,,,,off,,,,6.8328
evaluate_epoch_large_modelonly.csv,tfmL_d256h8L4f1024_phys0.3,modelonly,1000,2026-09-20 20:12:54,legacy80,tfmL_declip_cov_MSEOnly_1.3_d256h8L4f1024_anat,1.0,0.3,1500,306,0.065638,0.00013,75.56,99.54,8.9,3.07,2.98,0.93,99.4,2.52,1.07,2.28,1.01,0.99,0.4466,0.6816,0.0,8.87,1.08,83.15,99.78,99.8,,,,,,,0.4147,10.796,11.704,0.3599,cuda,0.8206,0.8952,1.337,0.4756,,,0.9572,0.8748,anatomical,0.575,off,,,,,,,,,,off,,,,8.8758
evaluate_epoch_large_modelonly.csv,tfmL_d256h8L4f1024_phys0.3,modelonly,1050,2026-09-20 20:14:02,legacy80,tfmL_declip_cov_MSEOnly_1.3_d256h8L4f1024_anat,1.0,0.3,1500,306,0.065638,5e-06,75.56,99.9,8.9,1.32,2.98,0.6,99.9,1.83,1.11,1.81,1.05,0.55,0.4466,0.5803,0.0,8.87,0.0,83.15,100.0,100.0,,,,,,,0.2917,10.954,11.732,0.3651,cuda,0.9457,0.9748,0.611,0.4756,,,0.9889,0.9596,anatomical,0.575,off,,,,,,,,,,off,,,,6.6307
evaluate_epoch_large_modelonly.csv,tfmL_d256h8L4f1024_phys0.3,modelonly,1100,2026-09-20 20:15:10,legacy80,tfmL_declip_cov_MSEOnly_1.3_d256h8L4f1024_anat,1.0,0.3,1500,306,0.065638,0.003646,75.56,96.42,8.9,7.0,2.98,2.02,90.1,2.3,0.96,2.21,0.96,0.77,0.4466,0.5414,0.0,8.87,7.25,83.15,99.55,97.9,,,,,,,0.2424,10.936,12.036,0.3645,cuda,0.8966,0.9371,0.927,0.4756,,,0.9668,0.9093,anatomical,0.575,off,,,,,,,,,,off,,,,6.2539
evaluate_epoch_large_modelonly.csv,tfmL_d256h8L4f1024_phys0.3,modelonly,1150,2026-09-20 20:16:18,legacy80,tfmL_declip_cov_MSEOnly_1.3_d256h8L4f1024_anat,1.0,0.3,1500,306,0.065638,6.9e-05,75.56,99.56,8.9,2.79,2.98,0.83,99.5,1.82,1.14,1.77,1.05,0.54,0.4466,0.5931,0.0,8.87,1.42,83.15,99.88,99.8,,,,,,,0.2986,10.756,11.392,0.3585,cuda,0.9333,0.9713,0.632,0.4756,,,0.9896,0.9623,anatomical,0.575,off,,,,,,,,,,off,,,,7.2002
evaluate_epoch_large_modelonly.csv,tfmL_d256h8L4f1024_phys0.3,modelonly,1200,2026-09-20 20:17:26,legacy80,tfmL_declip_cov_MSEOnly_1.3_d256h8L4f1024_anat,1.0,0.3,1500,306,0.065638,0.000242,75.56,98.02,8.9,2.75,2.98,0.8,97.8,1.65,1.25,1.58,1.18,0.32,0.4466,0.5548,0.0,8.87,2.5,83.15,99.8,99.4,,,,,,,0.25,10.911,11.782,0.3637,cuda,0.9681,0.9869,0.408,0.4756,,,0.9959,0.9845,anatomical,0.575,off,,,,,,,,,,off,,,,6.7296
evaluate_epoch_large_modelonly.csv,tfmL_d256h8L4f1024_phys0.3,modelonly,1250,2026-09-20 20:18:34,legacy80,tfmL_declip_cov_MSEOnly_1.3_d256h8L4f1024_anat,1.0,0.3,1500,306,0.065638,0.000631,75.56,98.49,8.9,4.28,2.98,1.67,96.5,1.73,1.17,1.61,1.15,0.43,0.4466,0.6105,0.0,8.87,3.59,83.15,99.84,99.2,,,,,,,0.3202,10.949,11.716,0.365,cuda,0.9324,0.9639,0.625,0.4756,,,0.9897,0.9651,anatomical,0.575,off,,,,,,,,,,off,,,,9.0346
evaluate_epoch_large_modelonly.csv,tfmL_d256h8L4f1024_phys0.3,modelonly,1300,2026-09-20 20:19:45,legacy80,tfmL_declip_cov_MSEOnly_1.3_d256h8L4f1024_anat,1.0,0.3,1500,306,0.065638,0.000298,75.56,98.78,8.9,3.95,2.98,1.21,98.0,1.64,1.17,1.58,1.16,0.37,0.4466,0.5536,0.0,8.87,3.95,83.15,99.77,99.1,,,,,,,0.2517,9.378,11.557,0.3126,cuda,0.9546,0.9807,0.48,0.4756,,,0.9946,0.9798,anatomical,0.575,off,,,,,,,,,,off,,,,6.6663
evaluate_epoch_large_modelonly.csv,tfmL_d256h8L4f1024_phys0.3,modelonly,1350,2026-09-20 20:21:04,legacy80,tfmL_declip_cov_MSEOnly_1.3_d256h8L4f1024_anat,1.0,0.3,1500,306,0.065638,0.00052,75.56,97.59,8.9,3.93,2.98,1.08,96.4,1.47,1.25,1.48,1.18,0.29,0.4466,0.5458,0.0,8.87,3.57,83.15,99.86,99.3,,,,,,,0.2377,10.374,10.901,0.3458,cuda,0.9811,0.9922,0.306,0.4756,,,0.9976,0.9908,anatomical,0.575,off,,,,,,,,,,off,,,,6.4421
evaluate_epoch_large_modelonly.csv,tfmL_d256h8L4f1024_phys0.3,modelonly,1400,2026-09-20 20:22:21,legacy80,tfmL_declip_cov_MSEOnly_1.3_d256h8L4f1024_anat,1.0,0.3,1500,306,0.065638,0.000624,75.56,98.0,8.9,3.92,2.98,1.33,96.3,1.74,1.1,1.63,1.07,0.46,0.4466,0.5742,0.0,8.87,3.92,83.15,99.81,99.2,,,,,,,0.2805,7.043,11.086,0.2348,cuda,0.9282,0.9678,0.641,0.4756,,,0.9904,0.9646,anatomical,0.575,off,,,,,,,,,,off,,,,6.9282
evaluate_epoch_large_modelonly.csv,tfmL_d256h8L4f1024_phys0.3,modelonly,1450,2026-09-20 20:23:34,legacy80,tfmL_declip_cov_MSEOnly_1.3_d256h8L4f1024_anat,1.0,0.3,1500,306,0.065638,0.000933,75.56,97.8,8.9,4.39,2.98,1.62,95.1,1.81,1.13,1.72,1.1,0.46,0.4466,0.522,0.0,8.87,3.58,83.15,99.89,99.5,,,,,,,0.2135,4.464,9.034,0.1488,cuda,0.9391,0.9742,0.622,0.4756,,,0.9894,0.9611,anatomical,0.575,off,,,,,,,,,,off,,,,6.2923
evaluate_epoch_large_modelonly.csv,tfmL_d256h8L4f1024_phys0.3,modelonly,1500,2026-09-20 20:24:46,legacy80,tfmL_declip_cov_MSEOnly_1.3_d256h8L4f1024_anat,1.0,0.3,1500,306,0.065638,0.000278,75.56,99.04,8.9,3.75,2.98,1.37,98.2,1.43,1.23,1.4,1.16,0.25,0.4466,0.5286,0.0,8.87,3.75,83.15,99.86,99.2,,,,,,,0.2199,4.392,9.171,0.1464,cuda,0.9776,0.9911,0.317,0.4756,,,0.9977,0.991,anatomical,0.575,off,,,,,,,,,,off,,,,6.4768
evaluate_epoch_large_modelonly.csv,tfmL_d256h8L4f1024_phys0.3,modelonly,1550,2026-10-01 23:51:28,legacy80,tfmL_declip_cov_MSEOnly_1.3_d256h8L4f1024_anat,1.0,0.3,3000,306,0.065638,0.000105,75.56,99.79,8.9,3.94,2.98,1.96,99.4,1.35,1.2,1.36,1.15,0.25,0.4466,0.5219,0.0,8.87,3.94,83.15,99.87,99.4,,,,,,,0.2115,4.481,5.806,0.1494,cuda,0.9816,0.9927,0.283,0.4756,,,0.9981,0.9925,anatomical,0.575,off,,,,,,,,,,off,,,,6.2794
evaluate_epoch_large_modelonly.csv,tfmL_d256h8L4f1024_phys0.3,modelonly,1600,2026-10-01 23:52:48,legacy80,tfmL_declip_cov_MSEOnly_1.3_d256h8L4f1024_anat,1.0,0.3,3000,306,0.065638,0.000281,75.56,98.7,8.9,2.8,2.98,1.13,98.0,1.48,1.17,1.45,1.1,0.26,0.4466,0.523,0.0,8.87,3.05,83.15,99.84,99.4,,,,,,,0.2093,4.898,7.749,0.1633,cuda,0.9788,0.9917,0.317,0.4756,,,0.9977,0.9909,anatomical,0.575,off,,,,,,,,,,off,,,,6.4693
evaluate_epoch_large_modelonly.csv,tfmL_d256h8L4f1024_phys0.3,modelonly,1650,2026-10-01 23:54:03,legacy80,tfmL_declip_cov_MSEOnly_1.3_d256h8L4f1024_anat,1.0,0.3,3000,306,0.065638,0.000276,75.56,98.7,8.9,3.82,2.98,1.06,98.1,1.37,1.19,1.36,1.12,0.24,0.4466,0.5248,0.0,8.87,3.82,83.15,99.84,99.2,,,,,,,0.21,4.616,7.22,0.1539,cuda,0.978,0.9911,0.304,0.4756,,,0.9977,0.9914,anatomical,0.575,off,,,,,,,,,,off,,,,6.3892
evaluate_epoch_large_modelonly.csv,tfmL_d256h8L4f1024_phys0.3,modelonly,1700,2026-10-01 23:55:17,legacy80,tfmL_declip_cov_MSEOnly_1.3_d256h8L4f1024_anat,1.0,0.3,3000,306,0.065638,6.9e-05,75.56,99.23,8.9,3.92,2.98,0.55,99.4,1.41,1.15,1.37,1.09,0.28,0.4466,0.5338,0.0,8.87,3.92,83.15,99.88,99.6,,,,,,,0.2212,4.535,6.944,0.1512,cuda,0.9689,0.9875,0.368,0.4756,,,0.9969,0.988,anatomical,0.575,off,,,,,,,,,,off,,,,6.5331
evaluate_epoch_large_modelonly.csv,tfmL_d256h8L4f1024_phys0.3,modelonly,1750,2026-10-01 23:56:32,legacy80,tfmL_declip_cov_MSEOnly_1.3_d256h8L4f1024_anat,1.0,0.3,3000,306,0.065638,0.000208,75.56,98.92,8.9,3.95,2.98,1.03,98.5,1.35,1.19,1.35,1.1,0.24,0.4466,0.5192,0.0,8.87,3.95,83.15,99.86,99.3,,,,,,,0.2033,4.365,6.35,0.1455,cuda,0.98,0.9922,0.29,0.4756,,,0.998,0.9923,anatomical,0.575,off,,,,,,,,,,off,,,,6.3139
evaluate_epoch_large_modelonly.csv,tfmL_d256h8L4f1024_phys0.3,modelonly,1800,2026-10-01 23:57:47,legacy80,tfmL_declip_cov_MSEOnly_1.3_d256h8L4f1024_anat,1.0,0.3,3000,306,0.065638,0.000115,75.56,99.74,8.9,3.57,2.98,1.62,99.4,1.38,1.21,1.33,1.11,0.25,0.4466,0.519,0.0,8.87,3.57,83.15,99.85,99.4,,,,,,,0.2039,6.498,10.728,0.2166,cuda,0.9738,0.9896,0.336,0.4756,,,0.9974,0.9901,anatomical,0.575,off,,,,,,,,,,off,,,,6.3086
evaluate_epoch_large_modelonly.csv,tfmL_d256h8L4f1024_phys0.3,modelonly,1850,2026-10-01 23:59:03,legacy80,tfmL_declip_cov_MSEOnly_1.3_d256h8L4f1024_anat,1.0,0.3,3000,306,0.065638,0.00014,75.56,99.54,8.9,3.0,2.98,1.5,99.1,1.55,1.21,1.45,1.11,0.37,0.4466,0.5324,0.0,8.87,3.0,83.15,99.89,99.6,,,,,,,0.2288,6.412,10.769,0.2137,cuda,0.9438,0.9768,0.54,0.4756,,,0.9933,0.975,anatomical,0.575,off,,,,,,,,,,off,,,,6.4862
evaluate_epoch_large_modelonly.csv,tfmL_d256h8L4f1024_phys0.3,modelonly,1900,2026-10-02 00:00:20,legacy80,tfmL_declip_cov_MSEOnly_1.3_d256h8L4f1024_anat,1.0,0.3,3000,306,0.065638,0.000191,75.56,99.4,8.9,4.45,2.98,1.3,98.9,1.3,1.14,1.29,1.08,0.22,0.4466,0.5113,0.0,8.87,3.6,83.15,99.9,99.7,,,,,,,0.1999,4.362,6.395,0.1454,cuda,0.9843,0.9938,0.259,0.4756,,,0.9983,0.9935,anatomical,0.575,off,,,,,,,,,,off,,,,6.1773
evaluate_epoch_large_modelonly.csv,tfmL_d256h8L4f1024_phys0.3,modelonly,1950,2026-10-02 00:01:38,legacy80,tfmL_declip_cov_MSEOnly_1.3_d256h8L4f1024_anat,1.0,0.3,3000,306,0.065638,0.000172,75.56,99.26,8.9,4.01,2.98,0.99,99.0,1.35,1.14,1.33,1.08,0.27,0.4466,0.5212,0.0,8.87,3.77,83.15,99.84,99.4,,,,,,,0.2095,4.755,6.922,0.1585,cuda,0.9761,0.9903,0.33,0.4756,,,0.9974,0.9899,anatomical,0.575,off,,,,,,,,,,off,,,,6.3051
evaluate_epoch_large_modelonly.csv,tfmL_d256h8L4f1024_phys0.3,modelonly,2000,2026-10-02 00:02:57,legacy80,tfmL_declip_cov_MSEOnly_1.3_d256h8L4f1024_anat,1.0,0.3,3000,306,0.065638,0.00063,75.56,98.04,8.9,3.87,2.98,1.46,96.1,1.42,1.16,1.38,1.11,0.27,0.4466,0.513,0.0,8.87,3.87,83.15,99.83,99.3,,,,,,,0.1971,8.249,16.09,0.275,cuda,0.9776,0.9909,0.321,0.4756,,,0.9972,0.9895,anatomical,0.575,off,,,,,,,,,,off,,,,6.3335
evaluate_epoch_large_modelonly.csv,tfmL_d256h8L4f1024_phys0.3,modelonly,2050,2026-10-02 00:04:18,legacy80,tfmL_declip_cov_MSEOnly_1.3_d256h8L4f1024_anat,1.0,0.3,3000,306,0.065638,0.00011,75.56,98.22,8.9,3.33,2.98,0.48,98.8,1.27,1.16,1.27,1.09,0.22,0.4466,0.5079,0.0,8.87,3.33,83.15,99.87,99.5,,,,,,,0.1927,6.016,12.326,0.2005,cuda,0.9838,0.9935,0.256,0.4756,,,0.9982,0.9932,anatomical,0.575,off,,,,,,,,,,off,,,,6.1986
evaluate_epoch_large_modelonly.csv,tfmL_d256h8L4f1024_phys0.3,modelonly,2100,2026-10-02 00:05:37,legacy80,tfmL_declip_cov_MSEOnly_1.3_d256h8L4f1024_anat,1.0,0.3,3000,306,0.065638,0.000219,75.56,99.04,8.9,3.56,2.98,1.12,98.5,1.31,1.18,1.26,1.11,0.21,0.4466,0.5034,0.0,8.87,3.56,83.15,99.86,99.3,,,,,,,0.1865,5.569,11.518,0.1856,cuda,0.9794,0.9917,0.296,0.4756,,,0.9979,0.9919,anatomical,0.575,off,,,,,,,,,,off,,,,6.185
evaluate_epoch_large_modelonly.csv,tfmL_d256h8L4f1024_phys0.3,modelonly,2150,2026-10-02 00:06:56,legacy80,tfmL_declip_cov_MSEOnly_1.3_d256h8L4f1024_anat,1.0,0.3,3000,306,0.065638,0.000239,75.56,99.13,8.9,4.05,2.98,1.22,98.5,1.3,1.15,1.28,1.07,0.25,0.4466,0.5075,0.0,8.87,3.75,83.15,99.86,99.3,,,,,,,0.1927,7.658,14.28,0.2553,cuda,0.9801,0.992,0.303,0.4756,,,0.9976,0.991,anatomical,0.575,off,,,,,,,,,,off,,,,6.2905
evaluate_epoch_large_modelonly.csv,tfmL_d256h8L4f1024_phys0.3,modelonly,2200,2026-10-02 00:08:16,legacy80,tfmL_declip_cov_MSEOnly_1.3_d256h8L4f1024_anat,1.0,0.3,3000,306,0.065638,0.001519,75.56,94.32,8.9,3.93,2.98,1.26,90.2,1.36,1.12,1.35,1.06,0.28,0.4466,0.5077,0.0,8.87,3.69,83.15,99.84,99.3,,,,,,,0.1926,5.823,11.578,0.1941,cuda,0.9765,0.9906,0.332,0.4756,,,0.9973,0.9895,anatomical,0.575,off,,,,,,,,,,off,,,,6.3041
evaluate_epoch_large_modelonly.csv,tfmL_d256h8L4f1024_phys0.3,modelonly,2250,2026-10-02 00:09:35,legacy80,tfmL_declip_cov_MSEOnly_1.3_d256h8L4f1024_anat,1.0,0.3,3000,306,0.065638,0.000139,75.56,99.6,8.9,4.48,2.98,1.2,99.3,1.2,1.14,1.21,1.07,0.19,0.4466,0.5042,0.0,8.87,3.74,83.15,99.88,99.6,,,,,,,0.1896,6.013,11.015,0.2004,cuda,0.9863,0.9945,0.227,0.4756,,,0.9986,0.9947,anatomical,0.575,off,,,,,,,,,,off,,,,6.0918
evaluate_epoch_large_modelonly.csv,tfmL_d256h8L4f1024_phys0.3,modelonly,2300,2026-10-02 00:10:57,legacy80,tfmL_declip_cov_MSEOnly_1.3_d256h8L4f1024_anat,1.0,0.3,3000,306,0.065638,0.000146,75.56,99.67,8.9,5.12,2.98,1.27,99.4,1.24,1.12,1.24,1.03,0.22,0.4466,0.5012,0.0,8.87,3.15,83.15,99.9,99.8,,,,,,,0.1871,5.548,8.683,0.1849,cuda,0.9842,0.9935,0.271,0.4756,,,0.998,0.9924,anatomical,0.575,off,,,,,,,,,,off,,,,5.9754
evaluate_epoch_large_modelonly.csv,tfmL_d256h8L4f1024_phys0.3,modelonly,2350,2026-10-02 00:12:20,legacy80,tfmL_declip_cov_MSEOnly_1.3_d256h8L4f1024_anat,1.0,0.3,3000,306,0.065638,8.6e-05,75.56,99.68,8.9,3.55,2.98,1.06,99.5,1.26,1.12,1.21,1.05,0.21,0.4466,0.5076,0.0,8.87,3.42,83.15,99.88,99.6,,,,,,,0.1932,5.643,7.787,0.1881,cuda,0.9728,0.9892,0.318,0.4756,,,0.9976,0.9906,anatomical,0.575,off,,,,,,,,,,off,,,,6.1132
evaluate_epoch_large_modelonly.csv,tfmL_d256h8L4f1024_phys0.3,modelonly,2400,2026-10-02 00:13:43,legacy80,tfmL_declip_cov_MSEOnly_1.3_d256h8L4f1024_anat,1.0,0.3,3000,306,0.065638,0.000103,75.56,99.8,8.9,3.74,2.98,1.98,99.5,1.2,1.14,1.21,1.05,0.2,0.4466,0.5018,0.0,8.87,3.74,83.15,99.85,99.4,,,,,,,0.1868,5.98,8.445,0.1993,cuda,0.9847,0.994,0.246,0.4756,,,0.9985,0.9942,anatomical,0.575,off,,,,,,,,,,off,,,,6.0347
evaluate_epoch_large_modelonly.csv,tfmL_d256h8L4f1024_phys0.3,modelonly,2450,2026-10-02 00:15:08,legacy80,tfmL_declip_cov_MSEOnly_1.3_d256h8L4f1024_anat,1.0,0.3,3000,306,0.065638,5.7e-05,75.56,99.84,8.9,3.87,2.98,1.44,99.7,1.25,1.13,1.21,1.04,0.23,0.4466,0.5102,0.0,8.87,3.87,83.15,99.9,99.7,,,,,,,0.1973,5.738,8.774,0.1913,cuda,0.9793,0.9918,0.305,0.4756,,,0.9977,0.9911,anatomical,0.575,off,,,,,,,,,,off,,,,6.111
evaluate_epoch_large_modelonly.csv,tfmL_d256h8L4f1024_phys0.3,modelonly,2500,2026-10-02 00:16:27,legacy80,tfmL_declip_cov_MSEOnly_1.3_d256h8L4f1024_anat,1.0,0.3,3000,306,0.065638,0.000137,75.56,99.49,8.9,3.57,2.98,1.2,99.2,1.34,1.18,1.26,1.1,0.24,0.4466,0.5103,0.0,8.87,3.57,83.15,99.87,99.6,,,,,,,0.193,5.526,9.1,0.1842,cuda,0.964,0.9854,0.389,0.4756,,,0.9966,0.9868,anatomical,0.575,off,,,,,,,,,,off,,,,6.0681
evaluate_epoch_large_modelonly.csv,tfmL_d256h8L4f1024_phys0.3,modelonly,2550,2026-10-02 00:17:50,legacy80,tfmL_declip_cov_MSEOnly_1.3_d256h8L4f1024_anat,1.0,0.3,3000,306,0.065638,0.000197,75.56,98.99,8.9,3.65,2.98,0.98,98.6,1.2,1.13,1.19,1.06,0.19,0.4466,0.4976,0.0,8.87,3.4,83.15,99.87,99.6,,,,,,,0.1782,5.211,7.492,0.1737,cuda,0.9892,0.9956,0.222,0.4756,,,0.9987,0.995,anatomical,0.575,off,,,,,,,,,,off,,,,6.0051
evaluate_epoch_large_modelonly.csv,tfmL_d256h8L4f1024_phys0.3,modelonly,2600,2026-10-02 00:19:12,legacy80,tfmL_declip_cov_MSEOnly_1.3_d256h8L4f1024_anat,1.0,0.3,3000,306,0.065638,0.000127,75.56,99.39,8.9,3.86,2.98,1.11,99.1,1.13,1.15,1.14,1.07,0.17,0.4466,0.4997,0.0,8.87,3.86,83.15,99.86,99.4,,,,,,,0.1792,4.829,6.675,0.161,cuda,0.9899,0.996,0.195,0.4756,,,0.999,0.9961,anatomical,0.575,off,,,,,,,,,,off,,,,6.0452
evaluate_epoch_large_modelonly.csv,tfmL_d256h8L4f1024_phys0.3,modelonly,2650,2026-10-02 00:20:34,legacy80,tfmL_declip_cov_MSEOnly_1.3_d256h8L4f1024_anat,1.0,0.3,3000,306,0.065638,0.000147,75.56,99.46,8.9,3.65,2.98,1.2,99.1,1.16,1.13,1.17,1.04,0.17,0.4466,0.497,0.0,8.87,3.65,83.15,99.89,99.6,,,,,,,0.1767,4.764,6.592,0.1588,cuda,0.989,0.9957,0.208,0.4756,,,0.9989,0.9956,anatomical,0.575,off,,,,,,,,,,off,,,,6.0354
evaluate_epoch_large_modelonly.csv,tfmL_d256h8L4f1024_phys0.3,modelonly,2700,2026-10-02 00:21:54,legacy80,tfmL_declip_cov_MSEOnly_1.3_d256h8L4f1024_anat,1.0,0.3,3000,306,0.065638,8.3e-05,75.56,98.92,8.9,3.56,2.98,0.38,99.4,1.43,1.14,1.32,1.04,0.32,0.4466,0.5246,0.0,8.87,3.56,83.15,99.83,99.5,,,,,,,0.2126,4.616,6.366,0.1539,cuda,0.9426,0.9754,0.505,0.4756,,,0.9944,0.9789,anatomical,0.575,off,,,,,,,,,,off,,,,6.2961
evaluate_epoch_large_modelonly.csv,tfmL_d256h8L4f1024_phys0.3,modelonly,2750,2026-10-02 00:23:14,legacy80,tfmL_declip_cov_MSEOnly_1.3_d256h8L4f1024_anat,1.0,0.3,3000,306,0.065638,0.009039,75.56,88.92,8.9,6.05,2.98,2.1,68.0,1.37,1.03,1.33,0.99,0.27,0.4466,0.5006,0.0,8.87,4.79,83.15,99.8,98.9,,,,,,,0.1815,4.837,7.071,0.1612,cuda,0.9817,0.9927,0.299,0.4756,,,0.9978,0.9914,anatomical,0.575,off,,,,,,,,,,off,,,,6.088
evaluate_epoch_large_modelonly.csv,tfmL_d256h8L4f1024_phys0.3,modelonly,2800,2026-10-02 00:24:34,legacy80,tfmL_declip_cov_MSEOnly_1.3_d256h8L4f1024_anat,1.0,0.3,3000,306,0.065638,0.000135,75.56,99.74,8.9,3.9,2.98,1.64,99.4,1.17,1.13,1.16,1.05,0.18,0.4466,0.4974,0.0,8.87,3.9,83.15,99.86,99.4,,,,,,,0.1786,5.044,8.825,0.1681,cuda,0.9899,0.996,0.216,0.4756,,,0.9987,0.9952,anatomical,0.575,off,,,,,,,,,,off,,,,6.0532
evaluate_epoch_large_modelonly.csv,tfmL_d256h8L4f1024_phys0.3,modelonly,2850,2026-10-02 00:25:55,legacy80,tfmL_declip_cov_MSEOnly_1.3_d256h8L4f1024_anat,1.0,0.3,3000,306,0.065638,0.00013,75.56,99.68,8.9,3.87,2.98,1.39,99.4,1.18,1.11,1.18,1.04,0.18,0.4466,0.4939,0.0,8.87,3.87,83.15,99.86,99.4,,,,,,,0.174,5.034,9.482,0.1678,cuda,0.9871,0.9949,0.218,0.4756,,,0.9988,0.9953,anatomical,0.575,off,,,,,,,,,,off,,,,5.9043
evaluate_epoch_large_modelonly.csv,tfmL_d256h8L4f1024_phys0.3,modelonly,2900,2026-10-02 00:27:13,legacy80,tfmL_declip_cov_MSEOnly_1.3_d256h8L4f1024_anat,1.0,0.3,3000,306,0.065638,5.4e-05,75.56,99.81,8.9,2.86,2.98,1.31,99.7,1.14,1.12,1.14,1.05,0.17,0.4466,0.4991,0.0,8.87,2.65,83.15,99.89,99.7,,,,,,,0.18,4.89,9.309,0.163,cuda,0.9897,0.9959,0.192,0.4756,,,0.999,0.9961,anatomical,0.575,off,,,,,,,,,,off,,,,6.037
evaluate_epoch_large_modelonly.csv,tfmL_d256h8L4f1024_phys0.3,modelonly,2950,2026-10-02 00:28:35,legacy80,tfmL_declip_cov_MSEOnly_1.3_d256h8L4f1024_anat,1.0,0.3,3000,306,0.065638,0.000115,75.56,99.73,8.9,3.83,2.98,1.54,99.4,1.11,1.15,1.13,1.06,0.17,0.4466,0.4962,0.0,8.87,3.83,83.15,99.86,99.4,,,,,,,0.1747,5.274,9.559,0.1758,cuda,0.99,0.996,0.189,0.4756,,,0.999,0.9961,anatomical,0.575,off,,,,,,,,,,off,,,,6.013
evaluate_epoch_large_modelonly.csv,tfmL_d256h8L4f1024_phys0.3,modelonly,3000,2026-10-02 00:29:53,legacy80,tfmL_declip_cov_MSEOnly_1.3_d256h8L4f1024_anat,1.0,0.3,3000,306,0.065638,0.000133,75.56,99.65,8.9,3.76,2.98,1.45,99.3,1.13,1.14,1.14,1.07,0.18,0.4466,0.4983,0.0,8.87,3.62,83.15,99.86,99.4,,,,,,,0.1762,4.965,9.465,0.1655,cuda,0.9893,0.9958,0.195,0.4756,,,0.9989,0.9957,anatomical,0.575,off,,,,,,,,,,off,,,,6.0737
evaluate_epoch_large_modelonly.csv,tfmL_d256h8L4f1024_phys0.3,modelonly,20,2026-09-12 22:07:09,persistent,tfmL_declip_cov_MSEOnly_1.3_d256h8L4f1024_anat,1.0,0.3,500,306,0.197823,0.037757,23.78,72.9,9.09,8.18,3.23,2.32,74.5,3.11,0.96,3.5,0.99,2.6,0.5042,0.8585,0.0,8.92,8.45,23.65,81.32,79.4,,,,,,,0.6226,5.192,7.257,0.1731,cuda,0.7267,0.8021,2.291,0.4756,,,0.8944,0.7431,anatomical,0.575,off,,,,,,,,,,off,,,,9.3841
evaluate_epoch_large_modelonly.csv,tfmL_d256h8L4f1024_phys0.3,modelonly,40,2026-09-12 22:08:29,persistent,tfmL_declip_cov_MSEOnly_1.3_d256h8L4f1024_anat,1.0,0.3,500,306,0.197823,0.012938,23.78,88.43,9.09,7.03,3.23,1.9,91.1,2.1,0.81,2.4,0.97,1.72,0.5042,0.6722,0.0,8.92,7.28,23.65,93.51,94.2,,,,,,,0.3835,5.776,7.783,0.1925,cuda,0.8193,0.8906,1.464,0.4756,,,0.9506,0.8565,anatomical,0.575,off,,,,,,,,,,off,,,,7.9377
evaluate_epoch_large_modelonly.csv,tfmL_d256h8L4f1024_phys0.3,modelonly,50,2026-09-20 19:57:38,persistent,tfmL_declip_cov_MSEOnly_1.3_d256h8L4f1024_anat,1.0,0.3,1500,306,0.197823,0.006047,23.78,93.02,9.09,7.05,3.23,1.73,95.1,1.85,0.73,2.13,0.98,1.54,0.5042,0.6478,0.0,8.92,7.31,23.65,96.82,97.4,,,,,,,0.3466,10.898,11.623,0.3633,cuda,0.8385,0.9072,1.285,0.4756,,,0.9626,0.884,anatomical,0.575,off,,,,,,,,,,off,,,,8.0026
evaluate_epoch_large_modelonly.csv,tfmL_d256h8L4f1024_phys0.3,modelonly,60,2026-09-12 22:09:48,persistent,tfmL_declip_cov_MSEOnly_1.3_d256h8L4f1024_anat,1.0,0.3,500,306,0.197823,0.01299,23.78,89.47,9.09,8.51,3.23,2.25,90.4,3.95,1.19,3.51,0.99,2.83,0.5042,0.9535,0.0,8.92,8.78,23.65,94.78,94.4,,,,,,,0.6689,5.446,8.128,0.1815,cuda,0.6703,0.7212,3.472,0.4756,,,0.8445,0.6852,anatomical,0.575,off,,,,,,,,,,off,,,,36.2969
evaluate_epoch_large_modelonly.csv,tfmL_d256h8L4f1024_phys0.3,modelonly,80,2026-09-12 22:11:07,persistent,tfmL_declip_cov_MSEOnly_1.3_d256h8L4f1024_anat,1.0,0.3,500,306,0.197823,0.001322,23.78,97.54,9.09,6.22,3.23,1.58,98.4,4.39,0.9,3.52,0.86,2.95,0.5042,0.817,0.0,8.92,4.77,23.65,99.62,99.7,,,,,,,0.5255,5.509,8.508,0.1836,cuda,0.665,0.7087,3.908,0.4756,,,0.8188,0.6688,anatomical,0.575,off,,,,,,,,,,off,,,,25.5391
evaluate_epoch_large_modelonly.csv,tfmL_d256h8L4f1024_phys0.3,modelonly,100,2026-09-12 22:12:24,persistent,tfmL_declip_cov_MSEOnly_1.3_d256h8L4f1024_anat,1.0,0.3,500,306,0.197823,0.00195,23.78,97.29,9.09,5.89,3.23,1.46,98.4,4.15,0.8,3.19,0.81,2.51,0.5042,0.7348,0.0,8.92,2.04,23.65,99.5,99.7,,,,,,,0.4255,5.29,7.468,0.1763,cuda,0.6477,0.6885,3.695,0.4756,,,0.8186,0.6487,anatomical,0.575,off,,,,,,,,,,off,,,,24.6309
evaluate_epoch_large_modelonly.csv,tfmL_d256h8L4f1024_phys0.3,modelonly,120,2026-09-12 22:13:39,persistent,tfmL_declip_cov_MSEOnly_1.3_d256h8L4f1024_anat,1.0,0.3,500,306,0.197823,0.003405,23.78,98.57,9.09,6.85,3.23,2.68,98.5,3.15,0.94,2.56,0.72,1.98,0.5042,0.5715,0.0,8.92,5.13,23.65,99.22,98.8,,,,,,,0.2548,5.442,8.314,0.1814,cuda,0.6979,0.762,2.636,0.4756,,,0.8792,0.7269,anatomical,0.575,off,,,,,,,,,,off,,,,10.191
evaluate_epoch_large_modelonly.csv,tfmL_d256h8L4f1024_phys0.3,modelonly,140,2026-09-12 22:14:55,persistent,tfmL_declip_cov_MSEOnly_1.3_d256h8L4f1024_anat,1.0,0.3,500,306,0.197823,0.000972,23.78,98.54,9.09,4.89,3.23,1.27,99.2,2.78,0.81,2.22,0.7,1.72,0.5042,0.6087,0.0,8.92,4.59,23.65,99.63,99.6,,,,,,,0.2852,5.064,7.435,0.1688,cuda,0.7245,0.7905,2.337,0.4756,,,0.897,0.7521,anatomical,0.575,off,,,,,,,,,,off,,,,13.0182
evaluate_epoch_large_modelonly.csv,tfmL_d256h8L4f1024_phys0.3,modelonly,150,2026-09-20 19:58:46,persistent,tfmL_declip_cov_MSEOnly_1.3_d256h8L4f1024_anat,1.0,0.3,1500,306,0.197823,0.002385,23.78,98.78,9.09,6.98,3.23,2.27,98.9,2.47,0.77,1.98,0.64,1.46,0.5042,0.5693,0.0,8.92,4.86,23.65,99.54,99.4,,,,,,,0.236,10.946,11.764,0.3649,cuda,0.763,0.8298,1.976,0.4756,,,0.922,0.8024,anatomical,0.575,off,,,,,,,,,,off,,,,8.53
evaluate_epoch_large_modelonly.csv,tfmL_d256h8L4f1024_phys0.3,modelonly,160,2026-09-12 22:16:07,persistent,tfmL_declip_cov_MSEOnly_1.3_d256h8L4f1024_anat,1.0,0.3,500,306,0.197823,0.001062,23.78,99.35,9.09,5.59,3.23,2.38,99.4,3.21,0.74,2.46,0.7,1.96,0.5042,0.6691,0.0,8.92,4.73,23.65,99.46,99.6,,,,,,,0.3566,5.456,8.519,0.1819,cuda,0.6893,0.7491,2.771,0.4756,,,0.8692,0.7081,anatomical,0.575,off,,,,,,,,,,off,,,,16.4971
evaluate_epoch_large_modelonly.csv,tfmL_d256h8L4f1024_phys0.3,modelonly,180,2026-09-12 22:17:20,persistent,tfmL_declip_cov_MSEOnly_1.3_d256h8L4f1024_anat,1.0,0.3,500,306,0.197823,0.000834,23.78,99.04,9.09,4.5,3.23,1.91,99.3,3.26,0.83,2.39,0.72,1.81,0.5042,0.6358,0.0,8.92,4.36,23.65,99.56,99.6,,,,,,,0.3157,5.203,8.401,0.1734,cuda,0.6929,0.7537,2.777,0.4756,,,0.8718,0.7119,anatomical,0.575,off,,,,,,,,,,off,,,,14.2658
evaluate_epoch_large_modelonly.csv,tfmL_d256h8L4f1024_phys0.3,modelonly,200,2026-09-12 22:18:35,persistent,tfmL_declip_cov_MSEOnly_1.3_d256h8L4f1024_anat,1.0,0.3,500,306,0.197823,0.001435,23.78,99.54,9.09,6.71,3.23,3.77,99.3,3.26,0.94,2.27,0.66,1.69,0.5042,0.6749,0.0,8.92,3.55,23.65,99.64,99.6,,,,,,,0.3555,6.616,11.932,0.2205,cuda,0.7002,0.7571,2.771,0.4756,,,0.8768,0.7274,anatomical,0.575,off,,,,,,,,,,off,,,,16.5555
evaluate_epoch_large_modelonly.csv,tfmL_d256h8L4f1024_phys0.3,modelonly,220,2026-09-12 22:19:54,persistent,tfmL_declip_cov_MSEOnly_1.3_d256h8L4f1024_anat,1.0,0.3,500,306,0.197823,0.00076,23.78,98.17,9.09,5.42,3.23,1.45,98.9,2.59,0.8,1.86,0.7,1.29,0.5042,0.6222,0.0,8.92,4.58,23.65,99.84,99.8,,,,,,,0.2974,4.758,6.466,0.1586,cuda,0.7539,0.8153,2.115,0.4756,,,0.9148,0.7907,anatomical,0.575,off,,,,,,,,,,off,,,,12.645
evaluate_epoch_large_modelonly.csv,tfmL_d256h8L4f1024_phys0.3,modelonly,240,2026-09-12 22:21:09,persistent,tfmL_declip_cov_MSEOnly_1.3_d256h8L4f1024_anat,1.0,0.3,500,306,0.197823,0.001825,23.78,98.89,9.09,6.01,3.23,2.32,99.0,2.73,0.81,2.25,0.72,1.69,0.5042,0.6053,0.0,8.92,4.99,23.65,99.63,99.4,,,,,,,0.3012,6.261,11.997,0.2087,cuda,0.7284,0.7957,2.284,0.4756,,,0.8994,0.7627,anatomical,0.575,off,,,,,,,,,,off,,,,12.3063
evaluate_epoch_large_modelonly.csv,tfmL_d256h8L4f1024_phys0.3,modelonly,250,2026-09-20 19:59:54,persistent,tfmL_declip_cov_MSEOnly_1.3_d256h8L4f1024_anat,1.0,0.3,1500,306,0.197823,0.002201,23.78,98.16,9.09,6.11,3.23,1.8,98.7,2.3,0.81,1.71,0.66,1.22,0.5042,0.5856,0.0,8.92,5.14,23.65,99.48,99.3,,,,,,,0.246,10.898,11.876,0.3633,cuda,0.7714,0.8394,1.85,0.4756,,,0.9306,0.8164,anatomical,0.575,off,,,,,,,,,,off,,,,9.5704
evaluate_epoch_large_modelonly.csv,tfmL_d256h8L4f1024_phys0.3,modelonly,260,2026-09-12 22:22:25,persistent,tfmL_declip_cov_MSEOnly_1.3_d256h8L4f1024_anat,1.0,0.3,500,306,0.197823,0.001093,23.78,98.88,9.09,6.89,3.23,2.11,99.0,2.14,0.71,1.56,0.6,1.06,0.5042,0.5938,0.0,8.92,4.48,23.65,99.66,99.8,,,,,,,0.2485,4.926,7.032,0.1642,cuda,0.7907,0.8584,1.675,0.4756,,,0.9429,0.8425,anatomical,0.575,off,,,,,,,,,,off,,,,10.0904
evaluate_epoch_large_modelonly.csv,tfmL_d256h8L4f1024_phys0.3,modelonly,280,2026-09-12 22:23:43,persistent,tfmL_declip_cov_MSEOnly_1.3_d256h8L4f1024_anat,1.0,0.3,500,306,0.197823,0.00102,23.78,98.94,9.09,6.01,3.23,1.91,99.2,2.09,0.79,1.53,0.59,1.07,0.5042,0.6033,0.0,8.92,5.14,23.65,99.79,99.7,,,,,,,0.2686,5.217,8.005,0.1739,cuda,0.8001,0.8655,1.637,0.4756,,,0.9435,0.8468,anatomical,0.575,off,,,,,,,,,,off,,,,10.6148
evaluate_epoch_large_modelonly.csv,tfmL_d256h8L4f1024_phys0.3,modelonly,300,2026-09-12 22:25:00,persistent,tfmL_declip_cov_MSEOnly_1.3_d256h8L4f1024_anat,1.0,0.3,500,306,0.197823,0.00156,23.78,98.93,9.09,5.59,3.23,2.22,99.0,1.93,0.74,1.44,0.57,0.98,0.5042,0.5818,0.0,8.92,4.8,23.65,99.58,99.5,,,,,,,0.2368,4.884,6.808,0.1628,cuda,0.8186,0.8833,1.452,0.4756,,,0.9537,0.8698,anatomical,0.575,off,,,,,,,,,,off,,,,9.014
evaluate_epoch_large_modelonly.csv,tfmL_d256h8L4f1024_phys0.3,modelonly,320,2026-09-12 22:26:17,persistent,tfmL_declip_cov_MSEOnly_1.3_d256h8L4f1024_anat,1.0,0.3,500,306,0.197823,0.000496,23.78,99.11,9.09,6.9,3.23,1.48,99.5,2.32,0.89,1.59,0.58,1.09,0.5042,0.6384,0.0,8.92,5.01,23.65,99.96,99.9,,,,,,,0.3115,5.269,7.803,0.1756,cuda,0.7835,0.8474,1.84,0.4756,,,0.9336,0.8298,anatomical,0.575,off,,,,,,,,,,off,,,,11.0526
evaluate_epoch_large_modelonly.csv,tfmL_d256h8L4f1024_phys0.3,modelonly,340,2026-09-12 22:27:34,persistent,tfmL_declip_cov_MSEOnly_1.3_d256h8L4f1024_anat,1.0,0.3,500,306,0.197823,0.001061,23.78,98.92,9.09,5.41,3.23,1.92,99.2,2.0,0.79,1.48,0.6,1.02,0.5042,0.5998,0.0,8.92,5.14,23.65,99.66,99.7,,,,,,,0.2712,5.311,8.66,0.177,cuda,0.811,0.8776,1.516,0.4756,,,0.949,0.8575,anatomical,0.575,off,,,,,,,,,,off,,,,8.9622
evaluate_epoch_large_modelonly.csv,tfmL_d256h8L4f1024_phys0.3,modelonly,350,2026-09-20 20:01:03,persistent,tfmL_declip_cov_MSEOnly_1.3_d256h8L4f1024_anat,1.0,0.3,1500,306,0.197823,0.000801,23.78,98.8,9.09,5.98,3.23,1.66,99.2,1.87,0.77,1.39,0.58,0.93,0.5042,0.6075,0.0,8.92,3.96,23.65,99.65,99.7,,,,,,,0.2673,10.915,11.653,0.3638,cuda,0.8328,0.8921,1.377,0.4756,,,0.9567,0.8781,anatomical,0.575,off,,,,,,,,,,off,,,,9.1264
evaluate_epoch_large_modelonly.csv,tfmL_d256h8L4f1024_phys0.3,modelonly,360,2026-09-12 22:28:51,persistent,tfmL_declip_cov_MSEOnly_1.3_d256h8L4f1024_anat,1.0,0.3,500,306,0.197823,0.000732,23.78,97.89,9.09,4.89,3.23,0.98,99.2,1.85,0.83,1.37,0.56,0.91,0.5042,0.609,0.0,8.92,4.51,23.65,99.85,99.8,,,,,,,0.2776,4.984,7.097,0.1661,cuda,0.8331,0.8939,1.371,0.4756,,,0.9566,0.8798,anatomical,0.575,off,,,,,,,,,,off,,,,8.4692
evaluate_epoch_large_modelonly.csv,tfmL_d256h8L4f1024_phys0.3,modelonly,380,2026-09-12 22:30:07,persistent,tfmL_declip_cov_MSEOnly_1.3_d256h8L4f1024_anat,1.0,0.3,500,306,0.197823,0.000676,23.78,98.67,9.09,5.57,3.23,1.15,99.4,1.91,0.79,1.4,0.58,0.93,0.5042,0.6311,0.0,8.92,3.41,23.65,99.76,99.9,,,,,,,0.2992,5.346,8.345,0.1782,cuda,0.826,0.8862,1.43,0.4756,,,0.9538,0.8718,anatomical,0.575,off,,,,,,,,,,off,,,,9.3635
evaluate_epoch_large_modelonly.csv,tfmL_d256h8L4f1024_phys0.3,modelonly,400,2026-09-12 22:31:25,persistent,tfmL_declip_cov_MSEOnly_1.3_d256h8L4f1024_anat,1.0,0.3,500,306,0.197823,0.001173,23.78,98.45,9.09,5.03,3.23,1.62,99.0,1.74,0.81,1.33,0.59,0.88,0.5042,0.611,0.0,8.92,3.35,23.65,99.73,99.7,,,,,,,0.2798,4.815,6.687,0.1605,cuda,0.8488,0.9048,1.259,0.4756,,,0.9614,0.8922,anatomical,0.575,off,,,,,,,,,,off,,,,7.9031
evaluate_epoch_large_modelonly.csv,tfmL_d256h8L4f1024_phys0.3,modelonly,420,2026-09-12 22:32:40,persistent,tfmL_declip_cov_MSEOnly_1.3_d256h8L4f1024_anat,1.0,0.3,500,306,0.197823,0.000749,23.78,98.5,9.09,4.65,3.23,1.19,99.3,1.68,0.81,1.25,0.59,0.83,0.5042,0.6319,0.0,8.92,4.65,23.65,99.71,99.8,,,,,,,0.3031,4.876,6.808,0.1625,cuda,0.8551,0.9111,1.214,0.4756,,,0.9646,0.8997,anatomical,0.575,off,,,,,,,,,,off,,,,7.9812
evaluate_epoch_large_modelonly.csv,tfmL_d256h8L4f1024_phys0.3,modelonly,440,2026-09-12 22:33:57,persistent,tfmL_declip_cov_MSEOnly_1.3_d256h8L4f1024_anat,1.0,0.3,500,306,0.197823,0.001045,23.78,98.83,9.09,4.8,3.23,1.42,99.3,1.72,0.78,1.29,0.62,0.85,0.5042,0.6305,0.0,8.92,4.8,23.65,99.75,99.6,,,,,,,0.3045,4.59,6.402,0.153,cuda,0.8477,0.9057,1.263,0.4756,,,0.9627,0.8941,anatomical,0.575,off,,,,,,,,,,off,,,,8.5972
evaluate_epoch_large_modelonly.csv,tfmL_d256h8L4f1024_phys0.3,modelonly,450,2026-09-20 20:02:11,persistent,tfmL_declip_cov_MSEOnly_1.3_d256h8L4f1024_anat,1.0,0.3,1500,306,0.197823,0.000509,23.78,99.39,9.09,4.67,3.23,1.94,99.5,1.68,0.8,1.26,0.6,0.83,0.5042,0.632,0.0,8.92,4.67,23.65,99.86,99.8,,,,,,,0.301,10.912,11.813,0.3637,cuda,0.8566,0.9119,1.198,0.4756,,,0.9656,0.9011,anatomical,0.575,off,,,,,,,,,,off,,,,8.017
evaluate_epoch_large_modelonly.csv,tfmL_d256h8L4f1024_phys0.3,modelonly,460,2026-09-12 22:35:10,persistent,tfmL_declip_cov_MSEOnly_1.3_d256h8L4f1024_anat,1.0,0.3,500,306,0.197823,0.000766,23.78,99.47,9.09,3.81,3.23,2.51,99.5,1.62,0.76,1.25,0.58,0.81,0.5042,0.6392,0.0,8.92,3.81,23.65,99.75,99.7,,,,,,,0.3123,4.604,6.643,0.1535,cuda,0.8605,0.9159,1.152,0.4756,,,0.9675,0.9051,anatomical,0.575,off,,,,,,,,,,off,,,,8.0291
evaluate_epoch_large_modelonly.csv,tfmL_d256h8L4f1024_phys0.3,modelonly,480,2026-09-12 22:36:22,persistent,tfmL_declip_cov_MSEOnly_1.3_d256h8L4f1024_anat,1.0,0.3,500,306,0.197823,0.00049,23.78,99.17,9.09,3.59,3.23,1.32,99.6,1.63,0.82,1.22,0.58,0.78,0.5042,0.6403,0.0,8.92,3.07,23.65,99.74,99.8,,,,,,,0.3085,5.218,7.609,0.1739,cuda,0.8668,0.916,1.145,0.4756,,,0.967,0.9072,anatomical,0.575,off,,,,,,,,,,off,,,,8.4519
evaluate_epoch_large_modelonly.csv,tfmL_d256h8L4f1024_phys0.3,modelonly,500,2026-09-12 22:37:35,persistent,tfmL_declip_cov_MSEOnly_1.3_d256h8L4f1024_anat,1.0,0.3,500,306,0.197823,0.000696,23.78,99.06,9.09,4.44,3.23,1.67,99.4,1.73,0.82,1.28,0.6,0.86,0.5042,0.6791,0.0,8.92,1.94,23.65,99.75,99.8,,,,,,,0.3554,4.969,7.355,0.1656,cuda,0.8434,0.9014,1.283,0.4756,,,0.9622,0.8938,anatomical,0.575,off,,,,,,,,,,off,,,,8.9672
evaluate_epoch_large_modelonly.csv,tfmL_d256h8L4f1024_phys0.3,modelonly,550,2026-09-20 20:03:19,persistent,tfmL_declip_cov_MSEOnly_1.3_d256h8L4f1024_anat,1.0,0.3,1500,306,0.197823,0.000316,23.78,99.47,9.09,3.79,3.23,1.3,99.7,2.58,0.67,1.94,0.65,1.47,0.5042,0.9159,0.0,8.92,1.95,23.65,99.79,99.9,,,,,,,0.6545,10.933,11.816,0.3644,cuda,0.7346,0.8006,2.23,0.4756,,,0.9076,0.7768,anatomical,0.575,off,,,,,,,,,,off,,,,13.9387
evaluate_epoch_large_modelonly.csv,tfmL_d256h8L4f1024_phys0.3,modelonly,600,2026-09-20 20:04:28,persistent,tfmL_declip_cov_MSEOnly_1.3_d256h8L4f1024_anat,1.0,0.3,1500,306,0.197823,0.000502,23.78,99.23,9.09,3.44,3.23,1.74,99.5,2.36,0.64,1.69,0.58,1.29,0.5042,0.8359,0.0,8.92,0.0,23.65,100.0,100.0,,,,,,,0.5554,10.87,11.689,0.3623,cuda,0.7644,0.8311,1.945,0.4756,,,0.9272,0.812,anatomical,0.575,off,,,,,,,,,,off,,,,12.7095
evaluate_epoch_large_modelonly.csv,tfmL_d256h8L4f1024_phys0.3,modelonly,650,2026-09-20 20:05:35,persistent,tfmL_declip_cov_MSEOnly_1.3_d256h8L4f1024_anat,1.0,0.3,1500,306,0.197823,0.00058,23.78,97.29,9.09,3.31,3.23,1.11,98.8,2.47,0.6,1.65,0.58,1.25,0.5042,0.8613,0.0,8.92,1.74,23.65,99.66,99.8,,,,,,,0.5862,10.923,11.861,0.3641,cuda,0.763,0.8055,2.183,0.4756,,,0.9137,0.8002,anatomical,0.575,off,,,,,,,,,,off,,,,18.0738
evaluate_epoch_large_modelonly.csv,tfmL_d256h8L4f1024_phys0.3,modelonly,700,2026-09-20 20:06:43,persistent,tfmL_declip_cov_MSEOnly_1.3_d256h8L4f1024_anat,1.0,0.3,1500,306,0.197823,0.003047,23.78,94.81,9.09,4.32,3.23,1.89,96.0,1.67,0.64,1.35,0.89,0.97,0.5042,0.7863,0.0,8.92,2.62,23.65,99.9,99.9,,,,,,,0.5143,10.992,11.842,0.3664,cuda,0.8295,0.8945,1.342,0.4756,,,0.9586,0.8819,anatomical,0.575,off,,,,,,,,,,off,,,,9.8914
evaluate_epoch_large_modelonly.csv,tfmL_d256h8L4f1024_phys0.3,modelonly,750,2026-09-20 20:07:51,persistent,tfmL_declip_cov_MSEOnly_1.3_d256h8L4f1024_anat,1.0,0.3,1500,306,0.197823,0.000685,23.78,98.39,9.09,4.2,3.23,1.45,99.0,1.36,0.57,1.09,0.59,0.73,0.5042,0.795,0.0,8.92,2.88,23.65,99.91,99.9,,,,,,,0.5217,10.881,11.658,0.3627,cuda,0.8829,0.9311,0.987,0.4756,,,0.9755,0.9253,anatomical,0.575,off,,,,,,,,,,off,,,,8.8909
evaluate_epoch_large_modelonly.csv,tfmL_d256h8L4f1024_phys0.3,modelonly,800,2026-09-20 20:08:59,persistent,tfmL_declip_cov_MSEOnly_1.3_d256h8L4f1024_anat,1.0,0.3,1500,306,0.197823,0.000784,23.78,99.25,9.09,4.99,3.23,1.41,99.6,1.81,0.6,1.51,0.7,1.1,0.5042,0.8031,0.0,8.92,3.15,23.65,99.86,99.8,,,,,,,0.5474,10.941,11.781,0.3647,cuda,0.81,0.8784,1.474,0.4756,,,0.9527,0.8658,anatomical,0.575,off,,,,,,,,,,off,,,,10.1382
evaluate_epoch_large_modelonly.csv,tfmL_d256h8L4f1024_phys0.3,modelonly,850,2026-09-20 20:10:07,persistent,tfmL_declip_cov_MSEOnly_1.3_d256h8L4f1024_anat,1.0,0.3,1500,306,0.197823,0.001574,23.78,98.81,9.09,6.28,3.23,1.48,99.3,1.75,0.61,1.34,0.61,0.99,0.5042,0.8462,0.0,8.92,4.95,23.65,99.78,99.7,,,,,,,0.5635,10.891,11.946,0.363,cuda,0.8169,0.8816,1.453,0.4756,,,0.9529,0.8657,anatomical,0.575,off,,,,,,,,,,off,,,,10.5794
evaluate_epoch_large_modelonly.csv,tfmL_d256h8L4f1024_phys0.3,modelonly,900,2026-09-20 20:11:15,persistent,tfmL_declip_cov_MSEOnly_1.3_d256h8L4f1024_anat,1.0,0.3,1500,306,0.197823,6.7e-05,23.78,98.5,9.09,1.78,3.23,0.52,99.7,1.21,0.52,0.92,0.52,0.62,0.5042,0.7149,0.0,8.92,1.32,23.65,99.71,99.9,,,,,,,0.4237,10.911,11.738,0.3637,cuda,0.8879,0.9347,0.918,0.4756,,,0.9787,0.9333,anatomical,0.575,off,,,,,,,,,,off,,,,8.1316
evaluate_epoch_large_modelonly.csv,tfmL_d256h8L4f1024_phys0.3,modelonly,950,2026-09-20 20:12:23,persistent,tfmL_declip_cov_MSEOnly_1.3_d256h8L4f1024_anat,1.0,0.3,1500,306,0.197823,0.000113,23.78,99.34,9.09,2.88,3.23,0.68,99.8,1.04,0.49,0.85,0.53,0.55,0.5042,0.6349,0.0,8.92,1.45,23.65,99.78,99.9,,,,,,,0.3223,11.042,11.928,0.3681,cuda,0.9147,0.9533,0.74,0.4756,,,0.9848,0.9517,anatomical,0.575,off,,,,,,,,,,off,,,,7.5856
evaluate_epoch_large_modelonly.csv,tfmL_d256h8L4f1024_phys0.3,modelonly,1000,2026-09-20 20:13:31,persistent,tfmL_declip_cov_MSEOnly_1.3_d256h8L4f1024_anat,1.0,0.3,1500,306,0.197823,0.003525,23.78,98.4,9.09,7.93,3.23,2.07,98.7,1.42,0.55,1.07,0.6,0.74,0.5042,0.6956,0.0,8.92,7.73,23.65,99.03,98.8,,,,,,,0.3989,10.953,11.938,0.3651,cuda,0.8625,0.9181,1.101,0.4756,,,0.9706,0.9113,anatomical,0.575,off,,,,,,,,,,off,,,,9.6328
evaluate_epoch_large_modelonly.csv,tfmL_d256h8L4f1024_phys0.3,modelonly,1050,2026-09-20 20:14:39,persistent,tfmL_declip_cov_MSEOnly_1.3_d256h8L4f1024_anat,1.0,0.3,1500,306,0.197823,0.000459,23.78,98.9,9.09,3.56,3.23,1.11,99.5,0.98,0.46,0.79,0.53,0.5,0.5042,0.6043,0.0,8.92,2.97,23.65,99.65,99.8,,,,,,,0.2942,10.901,11.8,0.3634,cuda,0.9306,0.9653,0.663,0.4756,,,0.9874,0.958,anatomical,0.575,off,,,,,,,,,,off,,,,6.9462
evaluate_epoch_large_modelonly.csv,tfmL_d256h8L4f1024_phys0.3,modelonly,1100,2026-09-20 20:15:46,persistent,tfmL_declip_cov_MSEOnly_1.3_d256h8L4f1024_anat,1.0,0.3,1500,306,0.197823,0.001046,23.78,98.26,9.09,5.23,3.23,1.17,99.2,0.97,0.48,0.82,0.53,0.54,0.5042,0.5677,0.0,8.92,4.35,23.65,99.58,99.7,,,,,,,0.2393,11.0,11.927,0.3667,cuda,0.931,0.9647,0.662,0.4756,,,0.9844,0.9518,anatomical,0.575,off,,,,,,,,,,off,,,,6.8143
evaluate_epoch_large_modelonly.csv,tfmL_d256h8L4f1024_phys0.3,modelonly,1150,2026-09-20 20:16:54,persistent,tfmL_declip_cov_MSEOnly_1.3_d256h8L4f1024_anat,1.0,0.3,1500,306,0.197823,0.000312,23.78,99.6,9.09,4.68,3.23,1.52,99.8,0.89,0.48,0.74,0.53,0.47,0.5042,0.5948,0.0,8.92,2.85,23.65,99.68,99.8,,,,,,,0.2745,10.877,11.903,0.3626,cuda,0.941,0.9714,0.588,0.4756,,,0.9898,0.9664,anatomical,0.575,off,,,,,,,,,,off,,,,7.1587
evaluate_epoch_large_modelonly.csv,tfmL_d256h8L4f1024_phys0.3,modelonly,1200,2026-09-20 20:18:02,persistent,tfmL_declip_cov_MSEOnly_1.3_d256h8L4f1024_anat,1.0,0.3,1500,306,0.197823,0.000433,23.78,99.56,9.09,5.07,3.23,1.6,99.7,0.79,0.48,0.64,0.49,0.39,0.5042,0.5757,0.0,8.92,3.32,23.65,99.68,99.8,,,,,,,0.2464,10.927,11.782,0.3642,cuda,0.9478,0.9739,0.513,0.4756,,,0.9919,0.9732,anatomical,0.575,off,,,,,,,,,,off,,,,7.079
evaluate_epoch_large_modelonly.csv,tfmL_d256h8L4f1024_phys0.3,modelonly,1250,2026-09-20 20:19:11,persistent,tfmL_declip_cov_MSEOnly_1.3_d256h8L4f1024_anat,1.0,0.3,1500,306,0.197823,9.5e-05,23.78,99.08,9.09,2.24,3.23,0.77,99.7,0.97,0.49,0.71,0.52,0.45,0.5042,0.6344,0.0,8.92,1.39,23.65,99.81,100.0,,,,,,,0.3194,10.96,11.811,0.3653,cuda,0.9214,0.9549,0.701,0.4756,,,0.9856,0.9552,anatomical,0.575,off,,,,,,,,,,off,,,,9.3715
evaluate_epoch_large_modelonly.csv,tfmL_d256h8L4f1024_phys0.3,modelonly,1300,2026-09-20 20:20:28,persistent,tfmL_declip_cov_MSEOnly_1.3_d256h8L4f1024_anat,1.0,0.3,1500,306,0.197823,0.000132,23.78,99.04,9.09,2.77,3.23,0.8,99.7,0.72,0.45,0.6,0.5,0.36,0.5042,0.5564,0.0,8.92,1.88,23.65,99.72,99.9,,,,,,,0.223,10.519,11.028,0.3506,cuda,0.9587,0.9804,0.447,0.4756,,,0.9936,0.9786,anatomical,0.575,off,,,,,,,,,,off,,,,6.8738
evaluate_epoch_large_modelonly.csv,tfmL_d256h8L4f1024_phys0.3,modelonly,1350,2026-09-20 20:21:46,persistent,tfmL_declip_cov_MSEOnly_1.3_d256h8L4f1024_anat,1.0,0.3,1500,306,0.197823,0.000138,23.78,99.47,9.09,2.34,3.23,0.96,99.8,0.69,0.44,0.6,0.49,0.35,0.5042,0.5542,0.0,8.92,2.08,23.65,99.61,99.8,,,,,,,0.2198,10.475,10.885,0.3492,cuda,0.9629,0.982,0.406,0.4756,,,0.9944,0.9816,anatomical,0.575,off,,,,,,,,,,off,,,,6.7144
evaluate_epoch_large_modelonly.csv,tfmL_d256h8L4f1024_phys0.3,modelonly,1400,2026-09-20 20:23:01,persistent,tfmL_declip_cov_MSEOnly_1.3_d256h8L4f1024_anat,1.0,0.3,1500,306,0.197823,0.000944,23.78,99.0,9.09,5.45,3.23,1.11,99.5,0.76,0.5,0.6,0.47,0.38,0.5042,0.5736,0.0,8.92,3.73,23.65,99.68,99.7,,,,,,,0.2379,4.602,9.037,0.1534,cuda,0.9493,0.9745,0.5,0.4756,,,0.9918,0.9735,anatomical,0.575,off,,,,,,,,,,off,,,,6.9249
evaluate_epoch_large_modelonly.csv,tfmL_d256h8L4f1024_phys0.3,modelonly,1450,2026-09-20 20:24:13,persistent,tfmL_declip_cov_MSEOnly_1.3_d256h8L4f1024_anat,1.0,0.3,1500,306,0.197823,0.000327,23.78,99.67,9.09,3.64,3.23,1.36,99.8,0.93,0.44,0.76,0.48,0.5,0.5042,0.5532,0.0,8.92,3.64,23.65,99.72,99.8,,,,,,,0.2125,4.715,9.095,0.1572,cuda,0.9349,0.9691,0.64,0.4756,,,0.9883,0.96,anatomical,0.575,off,,,,,,,,,,off,,,,6.7577
evaluate_epoch_large_modelonly.csv,tfmL_d256h8L4f1024_phys0.3,modelonly,1500,2026-09-20 20:25:26,persistent,tfmL_declip_cov_MSEOnly_1.3_d256h8L4f1024_anat,1.0,0.3,1500,306,0.197823,0.000675,23.78,99.02,9.09,5.1,3.23,0.87,99.7,0.66,0.42,0.53,0.45,0.3,0.5042,0.5536,0.0,8.92,5.1,23.65,99.61,99.6,,,,,,,0.2186,4.509,9.076,0.1503,cuda,0.9664,0.9836,0.387,0.4756,,,0.9949,0.9832,anatomical,0.575,off,,,,,,,,,,off,,,,6.9127
evaluate_epoch_large_modelonly.csv,tfmL_d256h8L4f1024_phys0.3,modelonly,1550,2026-10-01 23:52:11,persistent,tfmL_declip_cov_MSEOnly_1.3_d256h8L4f1024_anat,1.0,0.3,3000,306,0.197823,0.0005,23.78,99.2,9.09,3.6,3.23,1.03,99.7,0.61,0.43,0.51,0.49,0.28,0.5042,0.5346,0.0,8.92,3.6,23.65,99.59,99.7,,,,,,,0.1933,4.731,5.779,0.1577,cuda,0.9704,0.9858,0.346,0.4756,,,0.9957,0.9856,anatomical,0.575,off,,,,,,,,,,off,,,,6.6453
evaluate_epoch_large_modelonly.csv,tfmL_d256h8L4f1024_phys0.3,modelonly,1600,2026-10-01 23:53:28,persistent,tfmL_declip_cov_MSEOnly_1.3_d256h8L4f1024_anat,1.0,0.3,3000,306,0.197823,0.000721,23.78,99.54,9.09,5.13,3.23,1.57,99.7,0.64,0.43,0.53,0.46,0.3,0.5042,0.5389,0.0,8.92,5.13,23.65,99.67,99.7,,,,,,,0.1947,4.56,6.707,0.152,cuda,0.9666,0.9844,0.377,0.4756,,,0.9952,0.9841,anatomical,0.575,off,,,,,,,,,,off,,,,6.7563
evaluate_epoch_large_modelonly.csv,tfmL_d256h8L4f1024_phys0.3,modelonly,1650,2026-10-01 23:54:43,persistent,tfmL_declip_cov_MSEOnly_1.3_d256h8L4f1024_anat,1.0,0.3,3000,306,0.197823,0.000169,23.78,99.54,9.09,3.54,3.23,0.95,99.8,0.75,0.55,0.56,0.42,0.34,0.5042,0.5526,0.0,8.92,1.88,23.65,99.72,99.9,,,,,,,0.2157,4.933,6.744,0.1644,cuda,0.9506,0.9729,0.475,0.4756,,,0.9916,0.9739,anatomical,0.575,off,,,,,,,,,,off,,,,6.679
evaluate_epoch_large_modelonly.csv,tfmL_d256h8L4f1024_phys0.3,modelonly,1700,2026-10-01 23:55:58,persistent,tfmL_declip_cov_MSEOnly_1.3_d256h8L4f1024_anat,1.0,0.3,3000,306,0.197823,3.7e-05,23.78,99.4,9.09,1.67,3.23,0.72,99.8,0.58,0.42,0.47,0.44,0.26,0.5042,0.5318,0.0,8.92,1.67,23.65,99.84,99.9,,,,,,,0.1854,4.492,6.499,0.1497,cuda,0.9727,0.987,0.331,0.4756,,,0.996,0.987,anatomical,0.575,off,,,,,,,,,,off,,,,6.6778
evaluate_epoch_large_modelonly.csv,tfmL_d256h8L4f1024_phys0.3,modelonly,1750,2026-10-01 23:57:13,persistent,tfmL_declip_cov_MSEOnly_1.3_d256h8L4f1024_anat,1.0,0.3,3000,306,0.197823,0.000596,23.78,99.48,9.09,4.39,3.23,1.34,99.7,0.61,0.43,0.48,0.44,0.26,0.5042,0.529,0.0,8.92,3.74,23.65,99.64,99.7,,,,,,,0.1838,4.419,7.1,0.1473,cuda,0.9673,0.9838,0.358,0.4756,,,0.9953,0.9844,anatomical,0.575,off,,,,,,,,,,off,,,,6.5553
evaluate_epoch_large_modelonly.csv,tfmL_d256h8L4f1024_phys0.3,modelonly,1800,2026-10-01 23:58:28,persistent,tfmL_declip_cov_MSEOnly_1.3_d256h8L4f1024_anat,1.0,0.3,3000,306,0.197823,0.0005,23.78,99.56,9.09,4.14,3.23,1.66,99.7,0.61,0.42,0.48,0.44,0.27,0.5042,0.5264,0.0,8.92,4.14,23.65,99.69,99.7,,,,,,,0.1811,7.255,10.915,0.2418,cuda,0.9663,0.9837,0.356,0.4756,,,0.9954,0.9847,anatomical,0.575,off,,,,,,,,,,off,,,,6.6078
evaluate_epoch_large_modelonly.csv,tfmL_d256h8L4f1024_phys0.3,modelonly,1850,2026-10-01 23:59:45,persistent,tfmL_declip_cov_MSEOnly_1.3_d256h8L4f1024_anat,1.0,0.3,3000,306,0.197823,3.1e-05,23.78,99.41,9.09,1.58,3.23,0.47,99.9,0.82,0.46,0.64,0.49,0.42,0.5042,0.5396,0.0,8.92,1.56,23.65,99.79,99.9,,,,,,,0.2,4.666,6.531,0.1555,cuda,0.9477,0.9752,0.559,0.4756,,,0.9905,0.9679,anatomical,0.575,off,,,,,,,,,,off,,,,6.6741
evaluate_epoch_large_modelonly.csv,tfmL_d256h8L4f1024_phys0.3,modelonly,1900,2026-10-02 00:01:01,persistent,tfmL_declip_cov_MSEOnly_1.3_d256h8L4f1024_anat,1.0,0.3,3000,306,0.197823,4.1e-05,23.78,99.41,9.09,2.02,3.23,0.5,99.9,0.53,0.43,0.44,0.48,0.24,0.5042,0.5153,0.0,8.92,2.02,23.65,99.79,99.9,,,,,,,0.1656,4.752,6.788,0.1584,cuda,0.9787,0.9898,0.28,0.4756,,,0.9966,0.9892,anatomical,0.575,off,,,,,,,,,,off,,,,6.4214
evaluate_epoch_large_modelonly.csv,tfmL_d256h8L4f1024_phys0.3,modelonly,1950,2026-10-02 00:02:20,persistent,tfmL_declip_cov_MSEOnly_1.3_d256h8L4f1024_anat,1.0,0.3,3000,306,0.197823,2.8e-05,23.78,99.68,9.09,1.51,3.23,0.74,99.9,0.63,0.44,0.51,0.48,0.3,0.5042,0.5357,0.0,8.92,1.51,23.65,99.84,99.9,,,,,,,0.1927,6.557,14.189,0.2186,cuda,0.9636,0.9817,0.392,0.4756,,,0.9943,0.9813,anatomical,0.575,off,,,,,,,,,,off,,,,6.88
evaluate_epoch_large_modelonly.csv,tfmL_d256h8L4f1024_phys0.3,modelonly,2000,2026-10-02 00:03:40,persistent,tfmL_declip_cov_MSEOnly_1.3_d256h8L4f1024_anat,1.0,0.3,3000,306,0.197823,0.000196,23.78,98.54,9.09,4.72,3.23,0.47,99.7,0.62,0.45,0.51,0.49,0.31,0.5042,0.5257,0.0,8.92,4.72,23.65,99.72,99.9,,,,,,,0.1818,6.249,12.479,0.2083,cuda,0.9674,0.9838,0.376,0.4756,,,0.9942,0.982,anatomical,0.575,off,,,,,,,,,,off,,,,6.5528
evaluate_epoch_large_modelonly.csv,tfmL_d256h8L4f1024_phys0.3,modelonly,2050,2026-10-02 00:05:01,persistent,tfmL_declip_cov_MSEOnly_1.3_d256h8L4f1024_anat,1.0,0.3,3000,306,0.197823,7.1e-05,23.78,98.88,9.09,2.48,3.23,0.53,99.8,0.52,0.44,0.43,0.45,0.23,0.5042,0.5163,0.0,8.92,1.46,23.65,99.78,99.9,,,,,,,0.1679,8.967,17.207,0.2989,cuda,0.9781,0.9888,0.288,0.4756,,,0.9963,0.9888,anatomical,0.575,off,,,,,,,,,,off,,,,6.5562
evaluate_epoch_large_modelonly.csv,tfmL_d256h8L4f1024_phys0.3,modelonly,2100,2026-10-02 00:06:20,persistent,tfmL_declip_cov_MSEOnly_1.3_d256h8L4f1024_anat,1.0,0.3,3000,306,0.197823,0.000158,23.78,99.64,9.09,2.85,3.23,0.95,99.9,0.52,0.41,0.42,0.44,0.22,0.5042,0.512,0.0,8.92,2.85,23.65,99.76,99.9,,,,,,,0.1621,7.106,14.256,0.2369,cuda,0.977,0.9887,0.287,0.4756,,,0.9966,0.9891,anatomical,0.575,off,,,,,,,,,,off,,,,6.4369
evaluate_epoch_large_modelonly.csv,tfmL_d256h8L4f1024_phys0.3,modelonly,2150,2026-10-02 00:07:40,persistent,tfmL_declip_cov_MSEOnly_1.3_d256h8L4f1024_anat,1.0,0.3,3000,306,0.197823,0.000294,23.78,97.55,9.09,2.4,3.23,0.84,99.2,0.55,0.4,0.45,0.45,0.26,0.5042,0.5146,0.0,8.92,1.64,23.65,99.8,99.9,,,,,,,0.1668,6.754,13.667,0.2251,cuda,0.9761,0.9886,0.312,0.4756,,,0.9961,0.9869,anatomical,0.575,off,,,,,,,,,,off,,,,6.4507
evaluate_epoch_large_modelonly.csv,tfmL_d256h8L4f1024_phys0.3,modelonly,2200,2026-10-02 00:08:58,persistent,tfmL_declip_cov_MSEOnly_1.3_d256h8L4f1024_anat,1.0,0.3,3000,306,0.197823,0.000123,23.78,98.91,9.09,2.77,3.23,0.5,99.8,0.51,0.41,0.43,0.45,0.24,0.5042,0.51,0.0,8.92,2.73,23.65,99.78,99.9,,,,,,,0.156,6.623,12.293,0.2208,cuda,0.9807,0.9909,0.282,0.4756,,,0.9968,0.9896,anatomical,0.575,off,,,,,,,,,,off,,,,6.3688
evaluate_epoch_large_modelonly.csv,tfmL_d256h8L4f1024_phys0.3,modelonly,2250,2026-10-02 00:10:19,persistent,tfmL_declip_cov_MSEOnly_1.3_d256h8L4f1024_anat,1.0,0.3,3000,306,0.197823,2e-05,23.78,99.64,9.09,1.1,3.23,0.57,99.9,0.46,0.4,0.39,0.44,0.2,0.5042,0.5096,0.0,8.92,1.36,23.65,99.81,99.9,,,,,,,0.1575,6.323,11.13,0.2108,cuda,0.9829,0.9917,0.236,0.4756,,,0.9974,0.9918,anatomical,0.575,off,,,,,,,,,,off,,,,6.4012
evaluate_epoch_large_modelonly.csv,tfmL_d256h8L4f1024_phys0.3,modelonly,2300,2026-10-02 00:11:42,persistent,tfmL_declip_cov_MSEOnly_1.3_d256h8L4f1024_anat,1.0,0.3,3000,306,0.197823,0.00102,23.78,99.55,9.09,4.87,3.23,1.77,99.7,0.5,0.39,0.42,0.44,0.22,0.5042,0.5128,0.0,8.92,4.87,23.65,99.68,99.6,,,,,,,0.1642,5.748,8.881,0.1916,cuda,0.9806,0.9906,0.278,0.4756,,,0.9968,0.9897,anatomical,0.575,off,,,,,,,,,,off,,,,6.3348
evaluate_epoch_large_modelonly.csv,tfmL_d256h8L4f1024_phys0.3,modelonly,2350,2026-10-02 00:13:05,persistent,tfmL_declip_cov_MSEOnly_1.3_d256h8L4f1024_anat,1.0,0.3,3000,306,0.197823,5.4e-05,23.78,99.62,9.09,2.48,3.23,0.81,99.9,0.48,0.42,0.4,0.45,0.21,0.5042,0.5158,0.0,8.92,2.48,23.65,99.77,99.9,,,,,,,0.1646,6.041,11.711,0.2014,cuda,0.9797,0.9902,0.257,0.4756,,,0.997,0.9906,anatomical,0.575,off,,,,,,,,,,off,,,,6.3964
evaluate_epoch_large_modelonly.csv,tfmL_d256h8L4f1024_phys0.3,modelonly,2400,2026-10-02 00:14:30,persistent,tfmL_declip_cov_MSEOnly_1.3_d256h8L4f1024_anat,1.0,0.3,3000,306,0.197823,3.9e-05,23.78,99.43,9.09,1.79,3.23,0.65,99.9,0.46,0.39,0.39,0.45,0.19,0.5042,0.5075,0.0,8.92,1.79,23.65,99.81,99.9,,,,,,,0.1533,6.22,8.614,0.2073,cuda,0.9841,0.9922,0.225,0.4756,,,0.9975,0.9923,anatomical,0.575,off,,,,,,,,,,off,,,,6.3657
evaluate_epoch_large_modelonly.csv,tfmL_d256h8L4f1024_phys0.3,modelonly,2450,2026-10-02 00:15:50,persistent,tfmL_declip_cov_MSEOnly_1.3_d256h8L4f1024_anat,1.0,0.3,3000,306,0.197823,0.000146,23.78,99.66,9.09,2.61,3.23,0.98,99.9,0.51,0.44,0.41,0.45,0.22,0.5042,0.5142,0.0,8.92,2.61,23.65,99.74,99.9,,,,,,,0.1603,5.636,10.811,0.1879,cuda,0.9769,0.988,0.291,0.4756,,,0.9961,0.9884,anatomical,0.575,off,,,,,,,,,,off,,,,6.4752
evaluate_epoch_large_modelonly.csv,tfmL_d256h8L4f1024_phys0.3,modelonly,2500,2026-10-02 00:17:12,persistent,tfmL_declip_cov_MSEOnly_1.3_d256h8L4f1024_anat,1.0,0.3,3000,306,0.197823,6.4e-05,23.78,99.44,9.09,2.32,3.23,0.71,99.8,0.57,0.4,0.44,0.45,0.25,0.5042,0.5219,0.0,8.92,1.48,23.65,99.8,99.9,,,,,,,0.1745,5.487,8.338,0.1829,cuda,0.9678,0.9848,0.349,0.4756,,,0.9957,0.9858,anatomical,0.575,off,,,,,,,,,,off,,,,6.4765
evaluate_epoch_large_modelonly.csv,tfmL_d256h8L4f1024_phys0.3,modelonly,2550,2026-10-02 00:18:35,persistent,tfmL_declip_cov_MSEOnly_1.3_d256h8L4f1024_anat,1.0,0.3,3000,306,0.197823,0.000451,23.78,99.14,9.09,5.05,3.23,0.82,99.7,0.46,0.39,0.38,0.45,0.2,0.5042,0.5029,0.0,8.92,5.05,23.65,99.71,99.8,,,,,,,0.1486,6.078,8.781,0.2026,cuda,0.981,0.9905,0.239,0.4756,,,0.9971,0.9909,anatomical,0.575,off,,,,,,,,,,off,,,,6.3057
evaluate_epoch_large_modelonly.csv,tfmL_d256h8L4f1024_phys0.3,modelonly,2600,2026-10-02 00:19:56,persistent,tfmL_declip_cov_MSEOnly_1.3_d256h8L4f1024_anat,1.0,0.3,3000,306,0.197823,7.4e-05,23.78,99.64,9.09,2.73,3.23,0.73,99.9,0.42,0.39,0.36,0.44,0.18,0.5042,0.502,0.0,8.92,2.73,23.65,99.8,99.9,,,,,,,0.1451,4.668,6.377,0.1556,cuda,0.9862,0.9932,0.206,0.4756,,,0.9978,0.9933,anatomical,0.575,off,,,,,,,,,,off,,,,6.3376
evaluate_epoch_large_modelonly.csv,tfmL_d256h8L4f1024_phys0.3,modelonly,2650,2026-10-02 00:21:17,persistent,tfmL_declip_cov_MSEOnly_1.3_d256h8L4f1024_anat,1.0,0.3,3000,306,0.197823,0.00022,23.78,99.06,9.09,4.22,3.23,0.69,99.7,0.42,0.38,0.36,0.45,0.18,0.5042,0.5027,0.0,8.92,4.22,23.65,99.68,99.8,,,,,,,0.1463,4.602,6.34,0.1534,cuda,0.9864,0.9932,0.202,0.4756,,,0.9978,0.993,anatomical,0.575,off,,,,,,,,,,off,,,,6.3711
evaluate_epoch_large_modelonly.csv,tfmL_d256h8L4f1024_phys0.3,modelonly,2700,2026-10-02 00:22:37,persistent,tfmL_declip_cov_MSEOnly_1.3_d256h8L4f1024_anat,1.0,0.3,3000,306,0.197823,0.000557,23.78,98.81,9.09,4.11,3.23,0.8,99.6,0.64,0.35,0.5,0.45,0.31,0.5042,0.527,0.0,8.92,4.11,23.65,99.66,99.7,,,,,,,0.1827,4.504,6.191,0.1501,cuda,0.9513,0.9779,0.451,0.4756,,,0.9943,0.9802,anatomical,0.575,off,,,,,,,,,,off,,,,6.4457
evaluate_epoch_large_modelonly.csv,tfmL_d256h8L4f1024_phys0.3,modelonly,2750,2026-10-02 00:23:57,persistent,tfmL_declip_cov_MSEOnly_1.3_d256h8L4f1024_anat,1.0,0.3,3000,306,0.197823,0.000199,23.78,99.24,9.09,3.63,3.23,0.61,99.8,0.49,0.4,0.41,0.46,0.22,0.5042,0.5068,0.0,8.92,3.63,23.65,99.69,99.9,,,,,,,0.1569,4.66,8.329,0.1553,cuda,0.982,0.9914,0.253,0.4756,,,0.9972,0.9911,anatomical,0.575,off,,,,,,,,,,off,,,,6.3539
evaluate_epoch_large_modelonly.csv,tfmL_d256h8L4f1024_phys0.3,modelonly,2800,2026-10-02 00:25:17,persistent,tfmL_declip_cov_MSEOnly_1.3_d256h8L4f1024_anat,1.0,0.3,3000,306,0.197823,0.00042,23.78,99.64,9.09,4.89,3.23,1.31,99.8,0.42,0.38,0.36,0.43,0.18,0.5042,0.5008,0.0,8.92,4.89,23.65,99.69,99.8,,,,,,,0.1453,5.071,9.548,0.169,cuda,0.9874,0.9938,0.204,0.4756,,,0.9979,0.9936,anatomical,0.575,off,,,,,,,,,,off,,,,6.3321
evaluate_epoch_large_modelonly.csv,tfmL_d256h8L4f1024_phys0.3,modelonly,2850,2026-10-02 00:26:37,persistent,tfmL_declip_cov_MSEOnly_1.3_d256h8L4f1024_anat,1.0,0.3,3000,306,0.197823,0.000146,23.78,99.47,9.09,3.3,3.23,0.89,99.8,0.43,0.36,0.37,0.42,0.19,0.5042,0.5017,0.0,8.92,3.3,23.65,99.71,99.9,,,,,,,0.146,4.694,9.276,0.1565,cuda,0.985,0.993,0.212,0.4756,,,0.9979,0.9932,anatomical,0.575,off,,,,,,,,,,off,,,,6.3489
evaluate_epoch_large_modelonly.csv,tfmL_d256h8L4f1024_phys0.3,modelonly,2900,2026-10-02 00:27:59,persistent,tfmL_declip_cov_MSEOnly_1.3_d256h8L4f1024_anat,1.0,0.3,3000,306,0.197823,0.000137,23.78,99.48,9.09,3.26,3.23,0.86,99.8,0.41,0.38,0.36,0.46,0.18,0.5042,0.5004,0.0,8.92,3.26,23.65,99.74,99.9,,,,,,,0.1441,5.359,9.763,0.1786,cuda,0.9865,0.9933,0.193,0.4756,,,0.998,0.9935,anatomical,0.575,off,,,,,,,,,,off,,,,6.3007
evaluate_epoch_large_modelonly.csv,tfmL_d256h8L4f1024_phys0.3,modelonly,2950,2026-10-02 00:29:17,persistent,tfmL_declip_cov_MSEOnly_1.3_d256h8L4f1024_anat,1.0,0.3,3000,306,0.197823,0.000578,23.78,99.63,9.09,4.2,3.23,1.84,99.7,0.4,0.38,0.35,0.45,0.17,0.5042,0.4982,0.0,8.92,4.2,23.65,99.69,99.7,,,,,,,0.1415,4.89,9.429,0.163,cuda,0.9876,0.9937,0.193,0.4756,,,0.998,0.9938,anatomical,0.575,off,,,,,,,,,,off,,,,6.3101
evaluate_epoch_large_modelonly.csv,tfmL_d256h8L4f1024_phys0.3,modelonly,3000,2026-10-02 00:30:37,persistent,tfmL_declip_cov_MSEOnly_1.3_d256h8L4f1024_anat,1.0,0.3,3000,306,0.197823,8e-05,23.78,99.44,9.09,2.59,3.23,0.93,99.8,0.43,0.38,0.36,0.44,0.18,0.5042,0.503,0.0,8.92,1.49,23.65,99.84,99.9,,,,,,,0.1483,5.232,9.728,0.1744,cuda,0.9851,0.9926,0.214,0.4756,,,0.9976,0.9925,anatomical,0.575,off,,,,,,,,,,off,,,,6.3524
